Copyright 1986-2022 Xilinx, Inc. All Rights Reserved. Copyright 2022-2023 Advanced Micro Devices, Inc. All Rights Reserved.
--------------------------------------------------------------------------------------------------------------------------------------------------------------------------------------------------------------------------------------------
| Tool Version      : Vivado v.2023.2 (lin64) Build 4029153 Fri Oct 13 20:13:54 MDT 2023
| Date              : Mon Apr  6 13:45:52 2026
| Host              : brg-zhang-xcel.ece.cornell.edu running 64-bit Red Hat Enterprise Linux 9.1 (Plow)
| Command           : report_timing_summary -max_paths 10 -report_unconstrained -file mem_bd_wrapper_timing_summary_routed.rpt -pb mem_bd_wrapper_timing_summary_routed.pb -rpx mem_bd_wrapper_timing_summary_routed.rpx -warn_on_violation
| Design            : mem_bd_wrapper
| Device            : xczu3eg-sbva484
| Speed File        : -1  PRODUCTION 1.30 05-15-2022
| Design State      : Routed
| Temperature Grade : I
--------------------------------------------------------------------------------------------------------------------------------------------------------------------------------------------------------------------------------------------

Timing Summary Report

------------------------------------------------------------------------------------------------
| Timer Settings
| --------------
------------------------------------------------------------------------------------------------

  Enable Multi Corner Analysis               :  Yes
  Enable Pessimism Removal                   :  Yes
  Pessimism Removal Resolution               :  Nearest Common Node
  Enable Input Delay Default Clock           :  No
  Enable Preset / Clear Arcs                 :  No
  Disable Flight Delays                      :  No
  Ignore I/O Paths                           :  No
  Timing Early Launch at Borrowing Latches   :  No
  Borrow Time for Max Delay Exceptions       :  Yes
  Merge Timing Exceptions                    :  Yes
  Inter-SLR Compensation                     :  Conservative

  Corner  Analyze    Analyze    
  Name    Max Paths  Min Paths  
  ------  ---------  ---------  
  Slow    Yes        Yes        
  Fast    Yes        Yes        


------------------------------------------------------------------------------------------------
| Report Methodology
| ------------------
------------------------------------------------------------------------------------------------

No report available as report_methodology has not been run prior. Run report_methodology on the current design for the summary of methodology violations.



check_timing report

Table of Contents
-----------------
1. checking no_clock (0)
2. checking constant_clock (0)
3. checking pulse_width_clock (0)
4. checking unconstrained_internal_endpoints (0)
5. checking no_input_delay (0)
6. checking no_output_delay (0)
7. checking multiple_clock (0)
8. checking generated_clocks (0)
9. checking loops (0)
10. checking partial_input_delay (0)
11. checking partial_output_delay (0)
12. checking latch_loops (0)

1. checking no_clock (0)
------------------------
 There are 0 register/latch pins with no clock.


2. checking constant_clock (0)
------------------------------
 There are 0 register/latch pins with constant_clock.


3. checking pulse_width_clock (0)
---------------------------------
 There are 0 register/latch pins which need pulse_width check


4. checking unconstrained_internal_endpoints (0)
------------------------------------------------
 There are 0 pins that are not constrained for maximum delay.

 There are 0 pins that are not constrained for maximum delay due to constant clock.


5. checking no_input_delay (0)
------------------------------
 There are 0 input ports with no input delay specified.

 There are 0 input ports with no input delay but user has a false path constraint.


6. checking no_output_delay (0)
-------------------------------
 There are 0 ports with no output delay specified.

 There are 0 ports with no output delay but user has a false path constraint

 There are 0 ports with no output delay but with a timing clock defined on it or propagating through it


7. checking multiple_clock (0)
------------------------------
 There are 0 register/latch pins with multiple clocks.


8. checking generated_clocks (0)
--------------------------------
 There are 0 generated clocks that are not connected to a clock source.


9. checking loops (0)
---------------------
 There are 0 combinational loops in the design.


10. checking partial_input_delay (0)
------------------------------------
 There are 0 input ports with partial input delay specified.


11. checking partial_output_delay (0)
-------------------------------------
 There are 0 ports with partial output delay specified.


12. checking latch_loops (0)
----------------------------
 There are 0 combinational latch loops in the design through latch input



------------------------------------------------------------------------------------------------
| Design Timing Summary
| ---------------------
------------------------------------------------------------------------------------------------

    WNS(ns)      TNS(ns)  TNS Failing Endpoints  TNS Total Endpoints      WHS(ns)      THS(ns)  THS Failing Endpoints  THS Total Endpoints     WPWS(ns)     TPWS(ns)  TPWS Failing Endpoints  TPWS Total Endpoints  
    -------      -------  ---------------------  -------------------      -------      -------  ---------------------  -------------------     --------     --------  ----------------------  --------------------  
     13.750        0.000                      0                59042        0.010        0.000                      0                59042        8.500        0.000                       0                 17960  


All user specified timing constraints are met.


------------------------------------------------------------------------------------------------
| Clock Summary
| -------------
------------------------------------------------------------------------------------------------

Clock     Waveform(ns)       Period(ns)      Frequency(MHz)
-----     ------------       ----------      --------------
clk_pl_0  {0.000 10.000}     20.000          50.000          


------------------------------------------------------------------------------------------------
| Intra Clock Table
| -----------------
------------------------------------------------------------------------------------------------

Clock             WNS(ns)      TNS(ns)  TNS Failing Endpoints  TNS Total Endpoints      WHS(ns)      THS(ns)  THS Failing Endpoints  THS Total Endpoints     WPWS(ns)     TPWS(ns)  TPWS Failing Endpoints  TPWS Total Endpoints  
-----             -------      -------  ---------------------  -------------------      -------      -------  ---------------------  -------------------     --------     --------  ----------------------  --------------------  
clk_pl_0           13.750        0.000                      0                58869        0.010        0.000                      0                58869        8.500        0.000                       0                 17960  


------------------------------------------------------------------------------------------------
| Inter Clock Table
| -----------------
------------------------------------------------------------------------------------------------

From Clock    To Clock          WNS(ns)      TNS(ns)  TNS Failing Endpoints  TNS Total Endpoints      WHS(ns)      THS(ns)  THS Failing Endpoints  THS Total Endpoints  
----------    --------          -------      -------  ---------------------  -------------------      -------      -------  ---------------------  -------------------  


------------------------------------------------------------------------------------------------
| Other Path Groups Table
| -----------------------
------------------------------------------------------------------------------------------------

Path Group         From Clock         To Clock               WNS(ns)      TNS(ns)  TNS Failing Endpoints  TNS Total Endpoints      WHS(ns)      THS(ns)  THS Failing Endpoints  THS Total Endpoints  
----------         ----------         --------               -------      -------  ---------------------  -------------------      -------      -------  ---------------------  -------------------  
**async_default**  clk_pl_0           clk_pl_0                17.532        0.000                      0                  173        0.132        0.000                      0                  173  


------------------------------------------------------------------------------------------------
| User Ignored Path Table
| -----------------------
------------------------------------------------------------------------------------------------

Path Group    From Clock    To Clock    
----------    ----------    --------    
(none)                      clk_pl_0      
(none)        clk_pl_0      clk_pl_0      


------------------------------------------------------------------------------------------------
| Unconstrained Path Table
| ------------------------
------------------------------------------------------------------------------------------------

Path Group    From Clock    To Clock    
----------    ----------    --------    


------------------------------------------------------------------------------------------------
| Timing Details
| --------------
------------------------------------------------------------------------------------------------


---------------------------------------------------------------------------------------------------
From Clock:  clk_pl_0
  To Clock:  clk_pl_0

Setup :            0  Failing Endpoints,  Worst Slack       13.750ns,  Total Violation        0.000ns
Hold  :            0  Failing Endpoints,  Worst Slack        0.010ns,  Total Violation        0.000ns
PW    :            0  Failing Endpoints,  Worst Slack        8.500ns,  Total Violation        0.000ns
---------------------------------------------------------------------------------------------------


Max Delay Paths
--------------------------------------------------------------------------------------
Slack (MET) :             13.750ns  (required time - arrival time)
  Source:                 mem_bd_i/axi_smc_full/inst/m00_exit_pipeline/m00_exit/inst/areset_reg/C
                            (rising edge-triggered cell FDRE clocked by clk_pl_0  {rise@0.000ns fall@10.000ns period=20.000ns})
  Destination:            mem_bd_i/mem_top_0/inst/u_device_mem/bank[5].u_bram/U0/inst_blk_mem_gen/gnbram.gnativebmg.native_blk_mem_gen/valid.cstr/ramloop[6].ram.r/prim_noinit.ram/DEVICE_8SERIES.NO_BMM_INFO.TRUE_DP.SIMPLE_PRIM36.ram/ADDRBWRADDR[11]
                            (rising edge-triggered cell RAMB36E2 clocked by clk_pl_0  {rise@0.000ns fall@10.000ns period=20.000ns})
  Path Group:             clk_pl_0
  Path Type:              Setup (Max at Slow Process Corner)
  Requirement:            20.000ns  (clk_pl_0 rise@20.000ns - clk_pl_0 rise@0.000ns)
  Data Path Delay:        5.696ns  (logic 0.458ns (8.041%)  route 5.238ns (91.959%))
  Logic Levels:           3  (LUT2=1 LUT3=1 LUT6=1)
  Clock Path Skew:        0.001ns (DCD - SCD + CPR)
    Destination Clock Delay (DCD):    1.846ns = ( 21.846 - 20.000 ) 
    Source Clock Delay      (SCD):    1.952ns
    Clock Pessimism Removal (CPR):    0.107ns
  Clock Uncertainty:      0.229ns  ((TSJ^2 + DJ^2)^1/2) / 2 + PE
    Total System Jitter     (TSJ):    0.071ns
    Discrete Jitter          (DJ):    0.453ns
    Phase Error              (PE):    0.000ns
  Clock Net Delay (Source):      1.745ns (routing 0.638ns, distribution 1.107ns)
  Clock Net Delay (Destination): 1.679ns (routing 0.576ns, distribution 1.103ns)

    Location             Delay type                Incr(ns)  Path(ns)    Netlist Resource(s)
  -------------------------------------------------------------------    -------------------
                         (clock clk_pl_0 rise edge)
                                                      0.000     0.000 r  
    PS8_X0Y0             PS8                          0.000     0.000 r  mem_bd_i/zynq_ps/inst/PS8_i/PLCLK[0]
                         net (fo=1, routed)           0.178     0.178    mem_bd_i/zynq_ps/inst/pl_clk_unbuffered[0]
    BUFG_PS_X0Y58        BUFG_PS (Prop_BUFG_PS_I_O)
                                                      0.029     0.207 r  mem_bd_i/zynq_ps/inst/buffer_pl_clk_0.PL_CLK_0_BUFG/O
    X0Y1 (CLOCK_ROOT)    net (fo=17960, routed)       1.745     1.952    mem_bd_i/axi_smc_full/inst/m00_exit_pipeline/m00_exit/inst/aclk
    SLICE_X9Y77          FDRE                                         r  mem_bd_i/axi_smc_full/inst/m00_exit_pipeline/m00_exit/inst/areset_reg/C
  -------------------------------------------------------------------    -------------------
    SLICE_X9Y77          FDRE (Prop_DFF_SLICEM_C_Q)
                                                      0.096     2.048 f  mem_bd_i/axi_smc_full/inst/m00_exit_pipeline/m00_exit/inst/areset_reg/Q
                         net (fo=31, routed)          0.519     2.567    mem_bd_i/axi_smc_full/inst/m00_exit_pipeline/m00_exit/inst/areset
    SLICE_X7Y56          LUT2 (Prop_D6LUT_SLICEL_I1_O)
                                                      0.099     2.666 r  mem_bd_i/axi_smc_full/inst/m00_exit_pipeline/m00_exit/inst/m_axi_wvalid_INST_0/O
                         net (fo=36, routed)          0.432     3.098    mem_bd_i/mem_top_0/inst/u_axi_full/s01_axi_wvalid
    SLICE_X10Y66         LUT3 (Prop_C6LUT_SLICEL_I2_O)
                                                      0.148     3.246 r  mem_bd_i/mem_top_0/inst/u_axi_full/S_AXI_BVALID_i_3/O
                         net (fo=27, routed)          0.273     3.519    mem_bd_i/mem_top_0/inst/u_axi_full/S_AXI_BVALID_i_3_n_0
    SLICE_X7Y64          LUT6 (Prop_A6LUT_SLICEL_I4_O)
                                                      0.115     3.634 r  mem_bd_i/mem_top_0/inst/u_axi_full/bank[0].u_bram_i_8/O
                         net (fo=64, routed)          4.014     7.648    mem_bd_i/mem_top_0/inst/u_device_mem/bank[5].u_bram/U0/inst_blk_mem_gen/gnbram.gnativebmg.native_blk_mem_gen/valid.cstr/ramloop[6].ram.r/prim_noinit.ram/addrb[8]
    RAMB36_X4Y5          RAMB36E2                                     r  mem_bd_i/mem_top_0/inst/u_device_mem/bank[5].u_bram/U0/inst_blk_mem_gen/gnbram.gnativebmg.native_blk_mem_gen/valid.cstr/ramloop[6].ram.r/prim_noinit.ram/DEVICE_8SERIES.NO_BMM_INFO.TRUE_DP.SIMPLE_PRIM36.ram/ADDRBWRADDR[11]
  -------------------------------------------------------------------    -------------------

                         (clock clk_pl_0 rise edge)
                                                     20.000    20.000 r  
    PS8_X0Y0             PS8                          0.000    20.000 r  mem_bd_i/zynq_ps/inst/PS8_i/PLCLK[0]
                         net (fo=1, routed)           0.140    20.140    mem_bd_i/zynq_ps/inst/pl_clk_unbuffered[0]
    BUFG_PS_X0Y58        BUFG_PS (Prop_BUFG_PS_I_O)
                                                      0.027    20.167 r  mem_bd_i/zynq_ps/inst/buffer_pl_clk_0.PL_CLK_0_BUFG/O
    X0Y1 (CLOCK_ROOT)    net (fo=17960, routed)       1.679    21.846    mem_bd_i/mem_top_0/inst/u_device_mem/bank[5].u_bram/U0/inst_blk_mem_gen/gnbram.gnativebmg.native_blk_mem_gen/valid.cstr/ramloop[6].ram.r/prim_noinit.ram/clka
    RAMB36_X4Y5          RAMB36E2                                     r  mem_bd_i/mem_top_0/inst/u_device_mem/bank[5].u_bram/U0/inst_blk_mem_gen/gnbram.gnativebmg.native_blk_mem_gen/valid.cstr/ramloop[6].ram.r/prim_noinit.ram/DEVICE_8SERIES.NO_BMM_INFO.TRUE_DP.SIMPLE_PRIM36.ram/CLKBWRCLK
                         clock pessimism              0.107    21.953    
                         clock uncertainty           -0.229    21.724    
    RAMB36_X4Y5          RAMB36E2 (Setup_RAMB36E2_RAMB36_CLKBWRCLK_ADDRBWRADDR[11])
                                                     -0.326    21.398    mem_bd_i/mem_top_0/inst/u_device_mem/bank[5].u_bram/U0/inst_blk_mem_gen/gnbram.gnativebmg.native_blk_mem_gen/valid.cstr/ramloop[6].ram.r/prim_noinit.ram/DEVICE_8SERIES.NO_BMM_INFO.TRUE_DP.SIMPLE_PRIM36.ram
  -------------------------------------------------------------------
                         required time                         21.398    
                         arrival time                          -7.648    
  -------------------------------------------------------------------
                         slack                                 13.750    

Slack (MET) :             13.807ns  (required time - arrival time)
  Source:                 mem_bd_i/axi_smc_full/inst/m00_exit_pipeline/m00_exit/inst/areset_reg/C
                            (rising edge-triggered cell FDRE clocked by clk_pl_0  {rise@0.000ns fall@10.000ns period=20.000ns})
  Destination:            mem_bd_i/mem_top_0/inst/u_device_mem/bank[5].u_bram/U0/inst_blk_mem_gen/gnbram.gnativebmg.native_blk_mem_gen/valid.cstr/ramloop[4].ram.r/prim_noinit.ram/DEVICE_8SERIES.NO_BMM_INFO.TRUE_DP.SIMPLE_PRIM36.ram/ADDRBWRADDR[11]
                            (rising edge-triggered cell RAMB36E2 clocked by clk_pl_0  {rise@0.000ns fall@10.000ns period=20.000ns})
  Path Group:             clk_pl_0
  Path Type:              Setup (Max at Slow Process Corner)
  Requirement:            20.000ns  (clk_pl_0 rise@20.000ns - clk_pl_0 rise@0.000ns)
  Data Path Delay:        5.641ns  (logic 0.458ns (8.119%)  route 5.183ns (91.881%))
  Logic Levels:           3  (LUT2=1 LUT3=1 LUT6=1)
  Clock Path Skew:        0.003ns (DCD - SCD + CPR)
    Destination Clock Delay (DCD):    1.848ns = ( 21.848 - 20.000 ) 
    Source Clock Delay      (SCD):    1.952ns
    Clock Pessimism Removal (CPR):    0.107ns
  Clock Uncertainty:      0.229ns  ((TSJ^2 + DJ^2)^1/2) / 2 + PE
    Total System Jitter     (TSJ):    0.071ns
    Discrete Jitter          (DJ):    0.453ns
    Phase Error              (PE):    0.000ns
  Clock Net Delay (Source):      1.745ns (routing 0.638ns, distribution 1.107ns)
  Clock Net Delay (Destination): 1.681ns (routing 0.576ns, distribution 1.105ns)

    Location             Delay type                Incr(ns)  Path(ns)    Netlist Resource(s)
  -------------------------------------------------------------------    -------------------
                         (clock clk_pl_0 rise edge)
                                                      0.000     0.000 r  
    PS8_X0Y0             PS8                          0.000     0.000 r  mem_bd_i/zynq_ps/inst/PS8_i/PLCLK[0]
                         net (fo=1, routed)           0.178     0.178    mem_bd_i/zynq_ps/inst/pl_clk_unbuffered[0]
    BUFG_PS_X0Y58        BUFG_PS (Prop_BUFG_PS_I_O)
                                                      0.029     0.207 r  mem_bd_i/zynq_ps/inst/buffer_pl_clk_0.PL_CLK_0_BUFG/O
    X0Y1 (CLOCK_ROOT)    net (fo=17960, routed)       1.745     1.952    mem_bd_i/axi_smc_full/inst/m00_exit_pipeline/m00_exit/inst/aclk
    SLICE_X9Y77          FDRE                                         r  mem_bd_i/axi_smc_full/inst/m00_exit_pipeline/m00_exit/inst/areset_reg/C
  -------------------------------------------------------------------    -------------------
    SLICE_X9Y77          FDRE (Prop_DFF_SLICEM_C_Q)
                                                      0.096     2.048 f  mem_bd_i/axi_smc_full/inst/m00_exit_pipeline/m00_exit/inst/areset_reg/Q
                         net (fo=31, routed)          0.519     2.567    mem_bd_i/axi_smc_full/inst/m00_exit_pipeline/m00_exit/inst/areset
    SLICE_X7Y56          LUT2 (Prop_D6LUT_SLICEL_I1_O)
                                                      0.099     2.666 r  mem_bd_i/axi_smc_full/inst/m00_exit_pipeline/m00_exit/inst/m_axi_wvalid_INST_0/O
                         net (fo=36, routed)          0.432     3.098    mem_bd_i/mem_top_0/inst/u_axi_full/s01_axi_wvalid
    SLICE_X10Y66         LUT3 (Prop_C6LUT_SLICEL_I2_O)
                                                      0.148     3.246 r  mem_bd_i/mem_top_0/inst/u_axi_full/S_AXI_BVALID_i_3/O
                         net (fo=27, routed)          0.273     3.519    mem_bd_i/mem_top_0/inst/u_axi_full/S_AXI_BVALID_i_3_n_0
    SLICE_X7Y64          LUT6 (Prop_A6LUT_SLICEL_I4_O)
                                                      0.115     3.634 r  mem_bd_i/mem_top_0/inst/u_axi_full/bank[0].u_bram_i_8/O
                         net (fo=64, routed)          3.959     7.593    mem_bd_i/mem_top_0/inst/u_device_mem/bank[5].u_bram/U0/inst_blk_mem_gen/gnbram.gnativebmg.native_blk_mem_gen/valid.cstr/ramloop[4].ram.r/prim_noinit.ram/addrb[8]
    RAMB36_X4Y7          RAMB36E2                                     r  mem_bd_i/mem_top_0/inst/u_device_mem/bank[5].u_bram/U0/inst_blk_mem_gen/gnbram.gnativebmg.native_blk_mem_gen/valid.cstr/ramloop[4].ram.r/prim_noinit.ram/DEVICE_8SERIES.NO_BMM_INFO.TRUE_DP.SIMPLE_PRIM36.ram/ADDRBWRADDR[11]
  -------------------------------------------------------------------    -------------------

                         (clock clk_pl_0 rise edge)
                                                     20.000    20.000 r  
    PS8_X0Y0             PS8                          0.000    20.000 r  mem_bd_i/zynq_ps/inst/PS8_i/PLCLK[0]
                         net (fo=1, routed)           0.140    20.140    mem_bd_i/zynq_ps/inst/pl_clk_unbuffered[0]
    BUFG_PS_X0Y58        BUFG_PS (Prop_BUFG_PS_I_O)
                                                      0.027    20.167 r  mem_bd_i/zynq_ps/inst/buffer_pl_clk_0.PL_CLK_0_BUFG/O
    X0Y1 (CLOCK_ROOT)    net (fo=17960, routed)       1.681    21.848    mem_bd_i/mem_top_0/inst/u_device_mem/bank[5].u_bram/U0/inst_blk_mem_gen/gnbram.gnativebmg.native_blk_mem_gen/valid.cstr/ramloop[4].ram.r/prim_noinit.ram/clka
    RAMB36_X4Y7          RAMB36E2                                     r  mem_bd_i/mem_top_0/inst/u_device_mem/bank[5].u_bram/U0/inst_blk_mem_gen/gnbram.gnativebmg.native_blk_mem_gen/valid.cstr/ramloop[4].ram.r/prim_noinit.ram/DEVICE_8SERIES.NO_BMM_INFO.TRUE_DP.SIMPLE_PRIM36.ram/CLKBWRCLK
                         clock pessimism              0.107    21.955    
                         clock uncertainty           -0.229    21.726    
    RAMB36_X4Y7          RAMB36E2 (Setup_RAMB36E2_RAMB36_CLKBWRCLK_ADDRBWRADDR[11])
                                                     -0.326    21.400    mem_bd_i/mem_top_0/inst/u_device_mem/bank[5].u_bram/U0/inst_blk_mem_gen/gnbram.gnativebmg.native_blk_mem_gen/valid.cstr/ramloop[4].ram.r/prim_noinit.ram/DEVICE_8SERIES.NO_BMM_INFO.TRUE_DP.SIMPLE_PRIM36.ram
  -------------------------------------------------------------------
                         required time                         21.400    
                         arrival time                          -7.593    
  -------------------------------------------------------------------
                         slack                                 13.807    

Slack (MET) :             13.860ns  (required time - arrival time)
  Source:                 mem_bd_i/axi_dma_0/U0/I_PRMRY_DATAMOVER/GEN_MM2S_FULL.I_MM2S_FULL_WRAPPER/ENABLE_AXIS_SKID.I_MM2S_SKID_BUF/sig_m_valid_out_reg/C
                            (rising edge-triggered cell FDRE clocked by clk_pl_0  {rise@0.000ns fall@10.000ns period=20.000ns})
  Destination:            mem_bd_i/mem_top_0/inst/u_device_mem/bank[1].u_bram/U0/inst_blk_mem_gen/gnbram.gnativebmg.native_blk_mem_gen/valid.cstr/ramloop[4].ram.r/prim_noinit.ram/DEVICE_8SERIES.NO_BMM_INFO.TRUE_DP.SIMPLE_PRIM36.ram/ADDRARDADDR[12]
                            (rising edge-triggered cell RAMB36E2 clocked by clk_pl_0  {rise@0.000ns fall@10.000ns period=20.000ns})
  Path Group:             clk_pl_0
  Path Type:              Setup (Max at Slow Process Corner)
  Requirement:            20.000ns  (clk_pl_0 rise@20.000ns - clk_pl_0 rise@0.000ns)
  Data Path Delay:        5.530ns  (logic 0.405ns (7.324%)  route 5.125ns (92.676%))
  Logic Levels:           3  (CARRY8=1 LUT4=2)
  Clock Path Skew:        -0.077ns (DCD - SCD + CPR)
    Destination Clock Delay (DCD):    1.742ns = ( 21.742 - 20.000 ) 
    Source Clock Delay      (SCD):    1.983ns
    Clock Pessimism Removal (CPR):    0.163ns
  Clock Uncertainty:      0.229ns  ((TSJ^2 + DJ^2)^1/2) / 2 + PE
    Total System Jitter     (TSJ):    0.071ns
    Discrete Jitter          (DJ):    0.453ns
    Phase Error              (PE):    0.000ns
  Clock Net Delay (Source):      1.776ns (routing 0.638ns, distribution 1.138ns)
  Clock Net Delay (Destination): 1.575ns (routing 0.576ns, distribution 0.999ns)

    Location             Delay type                Incr(ns)  Path(ns)    Netlist Resource(s)
  -------------------------------------------------------------------    -------------------
                         (clock clk_pl_0 rise edge)
                                                      0.000     0.000 r  
    PS8_X0Y0             PS8                          0.000     0.000 r  mem_bd_i/zynq_ps/inst/PS8_i/PLCLK[0]
                         net (fo=1, routed)           0.178     0.178    mem_bd_i/zynq_ps/inst/pl_clk_unbuffered[0]
    BUFG_PS_X0Y58        BUFG_PS (Prop_BUFG_PS_I_O)
                                                      0.029     0.207 r  mem_bd_i/zynq_ps/inst/buffer_pl_clk_0.PL_CLK_0_BUFG/O
    X0Y1 (CLOCK_ROOT)    net (fo=17960, routed)       1.776     1.983    mem_bd_i/axi_dma_0/U0/I_PRMRY_DATAMOVER/GEN_MM2S_FULL.I_MM2S_FULL_WRAPPER/ENABLE_AXIS_SKID.I_MM2S_SKID_BUF/m_axi_mm2s_aclk
    SLICE_X15Y42         FDRE                                         r  mem_bd_i/axi_dma_0/U0/I_PRMRY_DATAMOVER/GEN_MM2S_FULL.I_MM2S_FULL_WRAPPER/ENABLE_AXIS_SKID.I_MM2S_SKID_BUF/sig_m_valid_out_reg/C
  -------------------------------------------------------------------    -------------------
    SLICE_X15Y42         FDRE (Prop_EFF2_SLICEL_C_Q)
                                                      0.099     2.082 r  mem_bd_i/axi_dma_0/U0/I_PRMRY_DATAMOVER/GEN_MM2S_FULL.I_MM2S_FULL_WRAPPER/ENABLE_AXIS_SKID.I_MM2S_SKID_BUF/sig_m_valid_out_reg/Q
                         net (fo=7, routed)           0.526     2.607    mem_bd_i/mem_top_0/inst/u_stream_slave/s00_axis_tvalid
    SLICE_X19Y60         LUT4 (Prop_D6LUT_SLICEM_I3_O)
                                                      0.174     2.781 r  mem_bd_i/mem_top_0/inst/u_stream_slave/bank[0].u_bram_i_1/O
                         net (fo=93, routed)          1.043     3.824    mem_bd_i/mem_top_0/inst/u_stream_slave/dma_wr_en0
    SLICE_X18Y67         LUT4 (Prop_B6LUT_SLICEL_I2_O)
                                                      0.064     3.888 r  mem_bd_i/mem_top_0/inst/u_stream_slave/dma_addr_carry__0_i_4/O
                         net (fo=1, routed)           0.010     3.898    mem_bd_i/mem_top_0/inst/u_device_mem/DEVICE_8SERIES.NO_BMM_INFO.TRUE_DP.SIMPLE_PRIM36.ram_6[1]
    SLICE_X18Y67         CARRY8 (Prop_CARRY8_SLICEL_S[1]_O[1])
                                                      0.068     3.966 r  mem_bd_i/mem_top_0/inst/u_device_mem/dma_addr_carry__0/O[1]
                         net (fo=64, routed)          3.546     7.513    mem_bd_i/mem_top_0/inst/u_device_mem/bank[1].u_bram/U0/inst_blk_mem_gen/gnbram.gnativebmg.native_blk_mem_gen/valid.cstr/ramloop[4].ram.r/prim_noinit.ram/addra[9]
    RAMB36_X1Y0          RAMB36E2                                     r  mem_bd_i/mem_top_0/inst/u_device_mem/bank[1].u_bram/U0/inst_blk_mem_gen/gnbram.gnativebmg.native_blk_mem_gen/valid.cstr/ramloop[4].ram.r/prim_noinit.ram/DEVICE_8SERIES.NO_BMM_INFO.TRUE_DP.SIMPLE_PRIM36.ram/ADDRARDADDR[12]
  -------------------------------------------------------------------    -------------------

                         (clock clk_pl_0 rise edge)
                                                     20.000    20.000 r  
    PS8_X0Y0             PS8                          0.000    20.000 r  mem_bd_i/zynq_ps/inst/PS8_i/PLCLK[0]
                         net (fo=1, routed)           0.140    20.140    mem_bd_i/zynq_ps/inst/pl_clk_unbuffered[0]
    BUFG_PS_X0Y58        BUFG_PS (Prop_BUFG_PS_I_O)
                                                      0.027    20.167 r  mem_bd_i/zynq_ps/inst/buffer_pl_clk_0.PL_CLK_0_BUFG/O
    X0Y1 (CLOCK_ROOT)    net (fo=17960, routed)       1.575    21.742    mem_bd_i/mem_top_0/inst/u_device_mem/bank[1].u_bram/U0/inst_blk_mem_gen/gnbram.gnativebmg.native_blk_mem_gen/valid.cstr/ramloop[4].ram.r/prim_noinit.ram/clka
    RAMB36_X1Y0          RAMB36E2                                     r  mem_bd_i/mem_top_0/inst/u_device_mem/bank[1].u_bram/U0/inst_blk_mem_gen/gnbram.gnativebmg.native_blk_mem_gen/valid.cstr/ramloop[4].ram.r/prim_noinit.ram/DEVICE_8SERIES.NO_BMM_INFO.TRUE_DP.SIMPLE_PRIM36.ram/CLKARDCLK
                         clock pessimism              0.163    21.905    
                         clock uncertainty           -0.229    21.676    
    RAMB36_X1Y0          RAMB36E2 (Setup_RAMB36E2_RAMB36_CLKARDCLK_ADDRARDADDR[12])
                                                     -0.303    21.373    mem_bd_i/mem_top_0/inst/u_device_mem/bank[1].u_bram/U0/inst_blk_mem_gen/gnbram.gnativebmg.native_blk_mem_gen/valid.cstr/ramloop[4].ram.r/prim_noinit.ram/DEVICE_8SERIES.NO_BMM_INFO.TRUE_DP.SIMPLE_PRIM36.ram
  -------------------------------------------------------------------
                         required time                         21.373    
                         arrival time                          -7.513    
  -------------------------------------------------------------------
                         slack                                 13.860    

Slack (MET) :             13.897ns  (required time - arrival time)
  Source:                 mem_bd_i/axi_smc_full/inst/m00_exit_pipeline/m00_exit/inst/areset_reg/C
                            (rising edge-triggered cell FDRE clocked by clk_pl_0  {rise@0.000ns fall@10.000ns period=20.000ns})
  Destination:            mem_bd_i/mem_top_0/inst/u_device_mem/bank[5].u_bram/U0/inst_blk_mem_gen/gnbram.gnativebmg.native_blk_mem_gen/valid.cstr/ramloop[3].ram.r/prim_noinit.ram/DEVICE_8SERIES.NO_BMM_INFO.TRUE_DP.SIMPLE_PRIM36.ram/ADDRBWRADDR[11]
                            (rising edge-triggered cell RAMB36E2 clocked by clk_pl_0  {rise@0.000ns fall@10.000ns period=20.000ns})
  Path Group:             clk_pl_0
  Path Type:              Setup (Max at Slow Process Corner)
  Requirement:            20.000ns  (clk_pl_0 rise@20.000ns - clk_pl_0 rise@0.000ns)
  Data Path Delay:        5.544ns  (logic 0.458ns (8.261%)  route 5.086ns (91.739%))
  Logic Levels:           3  (LUT2=1 LUT3=1 LUT6=1)
  Clock Path Skew:        -0.004ns (DCD - SCD + CPR)
    Destination Clock Delay (DCD):    1.841ns = ( 21.841 - 20.000 ) 
    Source Clock Delay      (SCD):    1.952ns
    Clock Pessimism Removal (CPR):    0.107ns
  Clock Uncertainty:      0.229ns  ((TSJ^2 + DJ^2)^1/2) / 2 + PE
    Total System Jitter     (TSJ):    0.071ns
    Discrete Jitter          (DJ):    0.453ns
    Phase Error              (PE):    0.000ns
  Clock Net Delay (Source):      1.745ns (routing 0.638ns, distribution 1.107ns)
  Clock Net Delay (Destination): 1.674ns (routing 0.576ns, distribution 1.098ns)

    Location             Delay type                Incr(ns)  Path(ns)    Netlist Resource(s)
  -------------------------------------------------------------------    -------------------
                         (clock clk_pl_0 rise edge)
                                                      0.000     0.000 r  
    PS8_X0Y0             PS8                          0.000     0.000 r  mem_bd_i/zynq_ps/inst/PS8_i/PLCLK[0]
                         net (fo=1, routed)           0.178     0.178    mem_bd_i/zynq_ps/inst/pl_clk_unbuffered[0]
    BUFG_PS_X0Y58        BUFG_PS (Prop_BUFG_PS_I_O)
                                                      0.029     0.207 r  mem_bd_i/zynq_ps/inst/buffer_pl_clk_0.PL_CLK_0_BUFG/O
    X0Y1 (CLOCK_ROOT)    net (fo=17960, routed)       1.745     1.952    mem_bd_i/axi_smc_full/inst/m00_exit_pipeline/m00_exit/inst/aclk
    SLICE_X9Y77          FDRE                                         r  mem_bd_i/axi_smc_full/inst/m00_exit_pipeline/m00_exit/inst/areset_reg/C
  -------------------------------------------------------------------    -------------------
    SLICE_X9Y77          FDRE (Prop_DFF_SLICEM_C_Q)
                                                      0.096     2.048 f  mem_bd_i/axi_smc_full/inst/m00_exit_pipeline/m00_exit/inst/areset_reg/Q
                         net (fo=31, routed)          0.519     2.567    mem_bd_i/axi_smc_full/inst/m00_exit_pipeline/m00_exit/inst/areset
    SLICE_X7Y56          LUT2 (Prop_D6LUT_SLICEL_I1_O)
                                                      0.099     2.666 r  mem_bd_i/axi_smc_full/inst/m00_exit_pipeline/m00_exit/inst/m_axi_wvalid_INST_0/O
                         net (fo=36, routed)          0.432     3.098    mem_bd_i/mem_top_0/inst/u_axi_full/s01_axi_wvalid
    SLICE_X10Y66         LUT3 (Prop_C6LUT_SLICEL_I2_O)
                                                      0.148     3.246 r  mem_bd_i/mem_top_0/inst/u_axi_full/S_AXI_BVALID_i_3/O
                         net (fo=27, routed)          0.273     3.519    mem_bd_i/mem_top_0/inst/u_axi_full/S_AXI_BVALID_i_3_n_0
    SLICE_X7Y64          LUT6 (Prop_A6LUT_SLICEL_I4_O)
                                                      0.115     3.634 r  mem_bd_i/mem_top_0/inst/u_axi_full/bank[0].u_bram_i_8/O
                         net (fo=64, routed)          3.862     7.496    mem_bd_i/mem_top_0/inst/u_device_mem/bank[5].u_bram/U0/inst_blk_mem_gen/gnbram.gnativebmg.native_blk_mem_gen/valid.cstr/ramloop[3].ram.r/prim_noinit.ram/addrb[8]
    RAMB36_X4Y6          RAMB36E2                                     r  mem_bd_i/mem_top_0/inst/u_device_mem/bank[5].u_bram/U0/inst_blk_mem_gen/gnbram.gnativebmg.native_blk_mem_gen/valid.cstr/ramloop[3].ram.r/prim_noinit.ram/DEVICE_8SERIES.NO_BMM_INFO.TRUE_DP.SIMPLE_PRIM36.ram/ADDRBWRADDR[11]
  -------------------------------------------------------------------    -------------------

                         (clock clk_pl_0 rise edge)
                                                     20.000    20.000 r  
    PS8_X0Y0             PS8                          0.000    20.000 r  mem_bd_i/zynq_ps/inst/PS8_i/PLCLK[0]
                         net (fo=1, routed)           0.140    20.140    mem_bd_i/zynq_ps/inst/pl_clk_unbuffered[0]
    BUFG_PS_X0Y58        BUFG_PS (Prop_BUFG_PS_I_O)
                                                      0.027    20.167 r  mem_bd_i/zynq_ps/inst/buffer_pl_clk_0.PL_CLK_0_BUFG/O
    X0Y1 (CLOCK_ROOT)    net (fo=17960, routed)       1.674    21.841    mem_bd_i/mem_top_0/inst/u_device_mem/bank[5].u_bram/U0/inst_blk_mem_gen/gnbram.gnativebmg.native_blk_mem_gen/valid.cstr/ramloop[3].ram.r/prim_noinit.ram/clka
    RAMB36_X4Y6          RAMB36E2                                     r  mem_bd_i/mem_top_0/inst/u_device_mem/bank[5].u_bram/U0/inst_blk_mem_gen/gnbram.gnativebmg.native_blk_mem_gen/valid.cstr/ramloop[3].ram.r/prim_noinit.ram/DEVICE_8SERIES.NO_BMM_INFO.TRUE_DP.SIMPLE_PRIM36.ram/CLKBWRCLK
                         clock pessimism              0.107    21.948    
                         clock uncertainty           -0.229    21.719    
    RAMB36_X4Y6          RAMB36E2 (Setup_RAMB36E2_RAMB36_CLKBWRCLK_ADDRBWRADDR[11])
                                                     -0.326    21.393    mem_bd_i/mem_top_0/inst/u_device_mem/bank[5].u_bram/U0/inst_blk_mem_gen/gnbram.gnativebmg.native_blk_mem_gen/valid.cstr/ramloop[3].ram.r/prim_noinit.ram/DEVICE_8SERIES.NO_BMM_INFO.TRUE_DP.SIMPLE_PRIM36.ram
  -------------------------------------------------------------------
                         required time                         21.393    
                         arrival time                          -7.496    
  -------------------------------------------------------------------
                         slack                                 13.897    

Slack (MET) :             13.957ns  (required time - arrival time)
  Source:                 mem_bd_i/axi_smc_full/inst/m00_exit_pipeline/m00_exit/inst/areset_reg/C
                            (rising edge-triggered cell FDRE clocked by clk_pl_0  {rise@0.000ns fall@10.000ns period=20.000ns})
  Destination:            mem_bd_i/mem_top_0/inst/u_device_mem/bank[6].u_bram/U0/inst_blk_mem_gen/gnbram.gnativebmg.native_blk_mem_gen/valid.cstr/ramloop[5].ram.r/prim_noinit.ram/DEVICE_8SERIES.NO_BMM_INFO.TRUE_DP.SIMPLE_PRIM36.ram/ADDRBWRADDR[11]
                            (rising edge-triggered cell RAMB36E2 clocked by clk_pl_0  {rise@0.000ns fall@10.000ns period=20.000ns})
  Path Group:             clk_pl_0
  Path Type:              Setup (Max at Slow Process Corner)
  Requirement:            20.000ns  (clk_pl_0 rise@20.000ns - clk_pl_0 rise@0.000ns)
  Data Path Delay:        5.497ns  (logic 0.458ns (8.332%)  route 5.039ns (91.668%))
  Logic Levels:           3  (LUT2=1 LUT3=1 LUT6=1)
  Clock Path Skew:        0.009ns (DCD - SCD + CPR)
    Destination Clock Delay (DCD):    1.854ns = ( 21.854 - 20.000 ) 
    Source Clock Delay      (SCD):    1.952ns
    Clock Pessimism Removal (CPR):    0.107ns
  Clock Uncertainty:      0.229ns  ((TSJ^2 + DJ^2)^1/2) / 2 + PE
    Total System Jitter     (TSJ):    0.071ns
    Discrete Jitter          (DJ):    0.453ns
    Phase Error              (PE):    0.000ns
  Clock Net Delay (Source):      1.745ns (routing 0.638ns, distribution 1.107ns)
  Clock Net Delay (Destination): 1.687ns (routing 0.576ns, distribution 1.111ns)

    Location             Delay type                Incr(ns)  Path(ns)    Netlist Resource(s)
  -------------------------------------------------------------------    -------------------
                         (clock clk_pl_0 rise edge)
                                                      0.000     0.000 r  
    PS8_X0Y0             PS8                          0.000     0.000 r  mem_bd_i/zynq_ps/inst/PS8_i/PLCLK[0]
                         net (fo=1, routed)           0.178     0.178    mem_bd_i/zynq_ps/inst/pl_clk_unbuffered[0]
    BUFG_PS_X0Y58        BUFG_PS (Prop_BUFG_PS_I_O)
                                                      0.029     0.207 r  mem_bd_i/zynq_ps/inst/buffer_pl_clk_0.PL_CLK_0_BUFG/O
    X0Y1 (CLOCK_ROOT)    net (fo=17960, routed)       1.745     1.952    mem_bd_i/axi_smc_full/inst/m00_exit_pipeline/m00_exit/inst/aclk
    SLICE_X9Y77          FDRE                                         r  mem_bd_i/axi_smc_full/inst/m00_exit_pipeline/m00_exit/inst/areset_reg/C
  -------------------------------------------------------------------    -------------------
    SLICE_X9Y77          FDRE (Prop_DFF_SLICEM_C_Q)
                                                      0.096     2.048 f  mem_bd_i/axi_smc_full/inst/m00_exit_pipeline/m00_exit/inst/areset_reg/Q
                         net (fo=31, routed)          0.519     2.567    mem_bd_i/axi_smc_full/inst/m00_exit_pipeline/m00_exit/inst/areset
    SLICE_X7Y56          LUT2 (Prop_D6LUT_SLICEL_I1_O)
                                                      0.099     2.666 r  mem_bd_i/axi_smc_full/inst/m00_exit_pipeline/m00_exit/inst/m_axi_wvalid_INST_0/O
                         net (fo=36, routed)          0.432     3.098    mem_bd_i/mem_top_0/inst/u_axi_full/s01_axi_wvalid
    SLICE_X10Y66         LUT3 (Prop_C6LUT_SLICEL_I2_O)
                                                      0.148     3.246 r  mem_bd_i/mem_top_0/inst/u_axi_full/S_AXI_BVALID_i_3/O
                         net (fo=27, routed)          0.273     3.519    mem_bd_i/mem_top_0/inst/u_axi_full/S_AXI_BVALID_i_3_n_0
    SLICE_X7Y64          LUT6 (Prop_A6LUT_SLICEL_I4_O)
                                                      0.115     3.634 r  mem_bd_i/mem_top_0/inst/u_axi_full/bank[0].u_bram_i_8/O
                         net (fo=64, routed)          3.815     7.449    mem_bd_i/mem_top_0/inst/u_device_mem/bank[6].u_bram/U0/inst_blk_mem_gen/gnbram.gnativebmg.native_blk_mem_gen/valid.cstr/ramloop[5].ram.r/prim_noinit.ram/addrb[8]
    RAMB36_X4Y8          RAMB36E2                                     r  mem_bd_i/mem_top_0/inst/u_device_mem/bank[6].u_bram/U0/inst_blk_mem_gen/gnbram.gnativebmg.native_blk_mem_gen/valid.cstr/ramloop[5].ram.r/prim_noinit.ram/DEVICE_8SERIES.NO_BMM_INFO.TRUE_DP.SIMPLE_PRIM36.ram/ADDRBWRADDR[11]
  -------------------------------------------------------------------    -------------------

                         (clock clk_pl_0 rise edge)
                                                     20.000    20.000 r  
    PS8_X0Y0             PS8                          0.000    20.000 r  mem_bd_i/zynq_ps/inst/PS8_i/PLCLK[0]
                         net (fo=1, routed)           0.140    20.140    mem_bd_i/zynq_ps/inst/pl_clk_unbuffered[0]
    BUFG_PS_X0Y58        BUFG_PS (Prop_BUFG_PS_I_O)
                                                      0.027    20.167 r  mem_bd_i/zynq_ps/inst/buffer_pl_clk_0.PL_CLK_0_BUFG/O
    X0Y1 (CLOCK_ROOT)    net (fo=17960, routed)       1.687    21.854    mem_bd_i/mem_top_0/inst/u_device_mem/bank[6].u_bram/U0/inst_blk_mem_gen/gnbram.gnativebmg.native_blk_mem_gen/valid.cstr/ramloop[5].ram.r/prim_noinit.ram/clka
    RAMB36_X4Y8          RAMB36E2                                     r  mem_bd_i/mem_top_0/inst/u_device_mem/bank[6].u_bram/U0/inst_blk_mem_gen/gnbram.gnativebmg.native_blk_mem_gen/valid.cstr/ramloop[5].ram.r/prim_noinit.ram/DEVICE_8SERIES.NO_BMM_INFO.TRUE_DP.SIMPLE_PRIM36.ram/CLKBWRCLK
                         clock pessimism              0.107    21.961    
                         clock uncertainty           -0.229    21.732    
    RAMB36_X4Y8          RAMB36E2 (Setup_RAMB36E2_RAMB36_CLKBWRCLK_ADDRBWRADDR[11])
                                                     -0.326    21.406    mem_bd_i/mem_top_0/inst/u_device_mem/bank[6].u_bram/U0/inst_blk_mem_gen/gnbram.gnativebmg.native_blk_mem_gen/valid.cstr/ramloop[5].ram.r/prim_noinit.ram/DEVICE_8SERIES.NO_BMM_INFO.TRUE_DP.SIMPLE_PRIM36.ram
  -------------------------------------------------------------------
                         required time                         21.406    
                         arrival time                          -7.449    
  -------------------------------------------------------------------
                         slack                                 13.957    

Slack (MET) :             13.969ns  (required time - arrival time)
  Source:                 mem_bd_i/axi_smc_full/inst/m00_exit_pipeline/m00_exit/inst/areset_reg/C
                            (rising edge-triggered cell FDRE clocked by clk_pl_0  {rise@0.000ns fall@10.000ns period=20.000ns})
  Destination:            mem_bd_i/mem_top_0/inst/u_device_mem/bank[6].u_bram/U0/inst_blk_mem_gen/gnbram.gnativebmg.native_blk_mem_gen/valid.cstr/ramloop[3].ram.r/prim_noinit.ram/DEVICE_8SERIES.NO_BMM_INFO.TRUE_DP.SIMPLE_PRIM36.ram/ADDRBWRADDR[11]
                            (rising edge-triggered cell RAMB36E2 clocked by clk_pl_0  {rise@0.000ns fall@10.000ns period=20.000ns})
  Path Group:             clk_pl_0
  Path Type:              Setup (Max at Slow Process Corner)
  Requirement:            20.000ns  (clk_pl_0 rise@20.000ns - clk_pl_0 rise@0.000ns)
  Data Path Delay:        5.488ns  (logic 0.458ns (8.345%)  route 5.030ns (91.655%))
  Logic Levels:           3  (LUT2=1 LUT3=1 LUT6=1)
  Clock Path Skew:        0.013ns (DCD - SCD + CPR)
    Destination Clock Delay (DCD):    1.858ns = ( 21.858 - 20.000 ) 
    Source Clock Delay      (SCD):    1.952ns
    Clock Pessimism Removal (CPR):    0.107ns
  Clock Uncertainty:      0.229ns  ((TSJ^2 + DJ^2)^1/2) / 2 + PE
    Total System Jitter     (TSJ):    0.071ns
    Discrete Jitter          (DJ):    0.453ns
    Phase Error              (PE):    0.000ns
  Clock Net Delay (Source):      1.745ns (routing 0.638ns, distribution 1.107ns)
  Clock Net Delay (Destination): 1.691ns (routing 0.576ns, distribution 1.115ns)

    Location             Delay type                Incr(ns)  Path(ns)    Netlist Resource(s)
  -------------------------------------------------------------------    -------------------
                         (clock clk_pl_0 rise edge)
                                                      0.000     0.000 r  
    PS8_X0Y0             PS8                          0.000     0.000 r  mem_bd_i/zynq_ps/inst/PS8_i/PLCLK[0]
                         net (fo=1, routed)           0.178     0.178    mem_bd_i/zynq_ps/inst/pl_clk_unbuffered[0]
    BUFG_PS_X0Y58        BUFG_PS (Prop_BUFG_PS_I_O)
                                                      0.029     0.207 r  mem_bd_i/zynq_ps/inst/buffer_pl_clk_0.PL_CLK_0_BUFG/O
    X0Y1 (CLOCK_ROOT)    net (fo=17960, routed)       1.745     1.952    mem_bd_i/axi_smc_full/inst/m00_exit_pipeline/m00_exit/inst/aclk
    SLICE_X9Y77          FDRE                                         r  mem_bd_i/axi_smc_full/inst/m00_exit_pipeline/m00_exit/inst/areset_reg/C
  -------------------------------------------------------------------    -------------------
    SLICE_X9Y77          FDRE (Prop_DFF_SLICEM_C_Q)
                                                      0.096     2.048 f  mem_bd_i/axi_smc_full/inst/m00_exit_pipeline/m00_exit/inst/areset_reg/Q
                         net (fo=31, routed)          0.519     2.567    mem_bd_i/axi_smc_full/inst/m00_exit_pipeline/m00_exit/inst/areset
    SLICE_X7Y56          LUT2 (Prop_D6LUT_SLICEL_I1_O)
                                                      0.099     2.666 r  mem_bd_i/axi_smc_full/inst/m00_exit_pipeline/m00_exit/inst/m_axi_wvalid_INST_0/O
                         net (fo=36, routed)          0.432     3.098    mem_bd_i/mem_top_0/inst/u_axi_full/s01_axi_wvalid
    SLICE_X10Y66         LUT3 (Prop_C6LUT_SLICEL_I2_O)
                                                      0.148     3.246 r  mem_bd_i/mem_top_0/inst/u_axi_full/S_AXI_BVALID_i_3/O
                         net (fo=27, routed)          0.273     3.519    mem_bd_i/mem_top_0/inst/u_axi_full/S_AXI_BVALID_i_3_n_0
    SLICE_X7Y64          LUT6 (Prop_A6LUT_SLICEL_I4_O)
                                                      0.115     3.634 r  mem_bd_i/mem_top_0/inst/u_axi_full/bank[0].u_bram_i_8/O
                         net (fo=64, routed)          3.807     7.440    mem_bd_i/mem_top_0/inst/u_device_mem/bank[6].u_bram/U0/inst_blk_mem_gen/gnbram.gnativebmg.native_blk_mem_gen/valid.cstr/ramloop[3].ram.r/prim_noinit.ram/addrb[8]
    RAMB36_X4Y9          RAMB36E2                                     r  mem_bd_i/mem_top_0/inst/u_device_mem/bank[6].u_bram/U0/inst_blk_mem_gen/gnbram.gnativebmg.native_blk_mem_gen/valid.cstr/ramloop[3].ram.r/prim_noinit.ram/DEVICE_8SERIES.NO_BMM_INFO.TRUE_DP.SIMPLE_PRIM36.ram/ADDRBWRADDR[11]
  -------------------------------------------------------------------    -------------------

                         (clock clk_pl_0 rise edge)
                                                     20.000    20.000 r  
    PS8_X0Y0             PS8                          0.000    20.000 r  mem_bd_i/zynq_ps/inst/PS8_i/PLCLK[0]
                         net (fo=1, routed)           0.140    20.140    mem_bd_i/zynq_ps/inst/pl_clk_unbuffered[0]
    BUFG_PS_X0Y58        BUFG_PS (Prop_BUFG_PS_I_O)
                                                      0.027    20.167 r  mem_bd_i/zynq_ps/inst/buffer_pl_clk_0.PL_CLK_0_BUFG/O
    X0Y1 (CLOCK_ROOT)    net (fo=17960, routed)       1.691    21.858    mem_bd_i/mem_top_0/inst/u_device_mem/bank[6].u_bram/U0/inst_blk_mem_gen/gnbram.gnativebmg.native_blk_mem_gen/valid.cstr/ramloop[3].ram.r/prim_noinit.ram/clka
    RAMB36_X4Y9          RAMB36E2                                     r  mem_bd_i/mem_top_0/inst/u_device_mem/bank[6].u_bram/U0/inst_blk_mem_gen/gnbram.gnativebmg.native_blk_mem_gen/valid.cstr/ramloop[3].ram.r/prim_noinit.ram/DEVICE_8SERIES.NO_BMM_INFO.TRUE_DP.SIMPLE_PRIM36.ram/CLKBWRCLK
                         clock pessimism              0.107    21.965    
                         clock uncertainty           -0.229    21.736    
    RAMB36_X4Y9          RAMB36E2 (Setup_RAMB36E2_RAMB36_CLKBWRCLK_ADDRBWRADDR[11])
                                                     -0.326    21.410    mem_bd_i/mem_top_0/inst/u_device_mem/bank[6].u_bram/U0/inst_blk_mem_gen/gnbram.gnativebmg.native_blk_mem_gen/valid.cstr/ramloop[3].ram.r/prim_noinit.ram/DEVICE_8SERIES.NO_BMM_INFO.TRUE_DP.SIMPLE_PRIM36.ram
  -------------------------------------------------------------------
                         required time                         21.410    
                         arrival time                          -7.440    
  -------------------------------------------------------------------
                         slack                                 13.969    

Slack (MET) :             13.988ns  (required time - arrival time)
  Source:                 mem_bd_i/axi_smc_full/inst/m00_exit_pipeline/m00_exit/inst/areset_reg/C
                            (rising edge-triggered cell FDRE clocked by clk_pl_0  {rise@0.000ns fall@10.000ns period=20.000ns})
  Destination:            mem_bd_i/mem_top_0/inst/u_device_mem/bank[3].u_bram/U0/inst_blk_mem_gen/gnbram.gnativebmg.native_blk_mem_gen/valid.cstr/ramloop[1].ram.r/prim_noinit.ram/DEVICE_8SERIES.NO_BMM_INFO.TRUE_DP.SIMPLE_PRIM36.ram/ADDRBWRADDR[10]
                            (rising edge-triggered cell RAMB36E2 clocked by clk_pl_0  {rise@0.000ns fall@10.000ns period=20.000ns})
  Path Group:             clk_pl_0
  Path Type:              Setup (Max at Slow Process Corner)
  Requirement:            20.000ns  (clk_pl_0 rise@20.000ns - clk_pl_0 rise@0.000ns)
  Data Path Delay:        5.463ns  (logic 0.458ns (8.384%)  route 5.005ns (91.616%))
  Logic Levels:           3  (LUT2=1 LUT3=1 LUT6=1)
  Clock Path Skew:        0.017ns (DCD - SCD + CPR)
    Destination Clock Delay (DCD):    1.862ns = ( 21.862 - 20.000 ) 
    Source Clock Delay      (SCD):    1.952ns
    Clock Pessimism Removal (CPR):    0.107ns
  Clock Uncertainty:      0.229ns  ((TSJ^2 + DJ^2)^1/2) / 2 + PE
    Total System Jitter     (TSJ):    0.071ns
    Discrete Jitter          (DJ):    0.453ns
    Phase Error              (PE):    0.000ns
  Clock Net Delay (Source):      1.745ns (routing 0.638ns, distribution 1.107ns)
  Clock Net Delay (Destination): 1.695ns (routing 0.576ns, distribution 1.119ns)

    Location             Delay type                Incr(ns)  Path(ns)    Netlist Resource(s)
  -------------------------------------------------------------------    -------------------
                         (clock clk_pl_0 rise edge)
                                                      0.000     0.000 r  
    PS8_X0Y0             PS8                          0.000     0.000 r  mem_bd_i/zynq_ps/inst/PS8_i/PLCLK[0]
                         net (fo=1, routed)           0.178     0.178    mem_bd_i/zynq_ps/inst/pl_clk_unbuffered[0]
    BUFG_PS_X0Y58        BUFG_PS (Prop_BUFG_PS_I_O)
                                                      0.029     0.207 r  mem_bd_i/zynq_ps/inst/buffer_pl_clk_0.PL_CLK_0_BUFG/O
    X0Y1 (CLOCK_ROOT)    net (fo=17960, routed)       1.745     1.952    mem_bd_i/axi_smc_full/inst/m00_exit_pipeline/m00_exit/inst/aclk
    SLICE_X9Y77          FDRE                                         r  mem_bd_i/axi_smc_full/inst/m00_exit_pipeline/m00_exit/inst/areset_reg/C
  -------------------------------------------------------------------    -------------------
    SLICE_X9Y77          FDRE (Prop_DFF_SLICEM_C_Q)
                                                      0.096     2.048 f  mem_bd_i/axi_smc_full/inst/m00_exit_pipeline/m00_exit/inst/areset_reg/Q
                         net (fo=31, routed)          0.519     2.567    mem_bd_i/axi_smc_full/inst/m00_exit_pipeline/m00_exit/inst/areset
    SLICE_X7Y56          LUT2 (Prop_D6LUT_SLICEL_I1_O)
                                                      0.099     2.666 r  mem_bd_i/axi_smc_full/inst/m00_exit_pipeline/m00_exit/inst/m_axi_wvalid_INST_0/O
                         net (fo=36, routed)          0.432     3.098    mem_bd_i/mem_top_0/inst/u_axi_full/s01_axi_wvalid
    SLICE_X10Y66         LUT3 (Prop_C6LUT_SLICEL_I2_O)
                                                      0.148     3.246 r  mem_bd_i/mem_top_0/inst/u_axi_full/S_AXI_BVALID_i_3/O
                         net (fo=27, routed)          0.273     3.519    mem_bd_i/mem_top_0/inst/u_axi_full/S_AXI_BVALID_i_3_n_0
    SLICE_X7Y64          LUT6 (Prop_A6LUT_SLICEL_I4_O)
                                                      0.115     3.634 r  mem_bd_i/mem_top_0/inst/u_axi_full/bank[0].u_bram_i_8/O
                         net (fo=64, routed)          3.781     7.415    mem_bd_i/mem_top_0/inst/u_device_mem/bank[3].u_bram/U0/inst_blk_mem_gen/gnbram.gnativebmg.native_blk_mem_gen/valid.cstr/ramloop[1].ram.r/prim_noinit.ram/addrb[8]
    RAMB36_X4Y10         RAMB36E2                                     r  mem_bd_i/mem_top_0/inst/u_device_mem/bank[3].u_bram/U0/inst_blk_mem_gen/gnbram.gnativebmg.native_blk_mem_gen/valid.cstr/ramloop[1].ram.r/prim_noinit.ram/DEVICE_8SERIES.NO_BMM_INFO.TRUE_DP.SIMPLE_PRIM36.ram/ADDRBWRADDR[10]
  -------------------------------------------------------------------    -------------------

                         (clock clk_pl_0 rise edge)
                                                     20.000    20.000 r  
    PS8_X0Y0             PS8                          0.000    20.000 r  mem_bd_i/zynq_ps/inst/PS8_i/PLCLK[0]
                         net (fo=1, routed)           0.140    20.140    mem_bd_i/zynq_ps/inst/pl_clk_unbuffered[0]
    BUFG_PS_X0Y58        BUFG_PS (Prop_BUFG_PS_I_O)
                                                      0.027    20.167 r  mem_bd_i/zynq_ps/inst/buffer_pl_clk_0.PL_CLK_0_BUFG/O
    X0Y1 (CLOCK_ROOT)    net (fo=17960, routed)       1.695    21.862    mem_bd_i/mem_top_0/inst/u_device_mem/bank[3].u_bram/U0/inst_blk_mem_gen/gnbram.gnativebmg.native_blk_mem_gen/valid.cstr/ramloop[1].ram.r/prim_noinit.ram/clka
    RAMB36_X4Y10         RAMB36E2                                     r  mem_bd_i/mem_top_0/inst/u_device_mem/bank[3].u_bram/U0/inst_blk_mem_gen/gnbram.gnativebmg.native_blk_mem_gen/valid.cstr/ramloop[1].ram.r/prim_noinit.ram/DEVICE_8SERIES.NO_BMM_INFO.TRUE_DP.SIMPLE_PRIM36.ram/CLKBWRCLK
                         clock pessimism              0.107    21.969    
                         clock uncertainty           -0.229    21.740    
    RAMB36_X4Y10         RAMB36E2 (Setup_RAMB36E2_RAMB36_CLKBWRCLK_ADDRBWRADDR[10])
                                                     -0.337    21.403    mem_bd_i/mem_top_0/inst/u_device_mem/bank[3].u_bram/U0/inst_blk_mem_gen/gnbram.gnativebmg.native_blk_mem_gen/valid.cstr/ramloop[1].ram.r/prim_noinit.ram/DEVICE_8SERIES.NO_BMM_INFO.TRUE_DP.SIMPLE_PRIM36.ram
  -------------------------------------------------------------------
                         required time                         21.403    
                         arrival time                          -7.415    
  -------------------------------------------------------------------
                         slack                                 13.988    

Slack (MET) :             14.086ns  (required time - arrival time)
  Source:                 mem_bd_i/axi_smc_full/inst/m00_exit_pipeline/m00_exit/inst/areset_reg/C
                            (rising edge-triggered cell FDRE clocked by clk_pl_0  {rise@0.000ns fall@10.000ns period=20.000ns})
  Destination:            mem_bd_i/mem_top_0/inst/u_device_mem/bank[5].u_bram/U0/inst_blk_mem_gen/gnbram.gnativebmg.native_blk_mem_gen/valid.cstr/ramloop[0].ram.r/prim_noinit.ram/DEVICE_8SERIES.NO_BMM_INFO.TRUE_DP.SIMPLE_PRIM18.ram/ADDRBWRADDR[9]
                            (rising edge-triggered cell RAMB18E2 clocked by clk_pl_0  {rise@0.000ns fall@10.000ns period=20.000ns})
  Path Group:             clk_pl_0
  Path Type:              Setup (Max at Slow Process Corner)
  Requirement:            20.000ns  (clk_pl_0 rise@20.000ns - clk_pl_0 rise@0.000ns)
  Data Path Delay:        5.400ns  (logic 0.458ns (8.482%)  route 4.942ns (91.518%))
  Logic Levels:           3  (LUT2=1 LUT3=1 LUT6=1)
  Clock Path Skew:        0.052ns (DCD - SCD + CPR)
    Destination Clock Delay (DCD):    1.846ns = ( 21.846 - 20.000 ) 
    Source Clock Delay      (SCD):    1.952ns
    Clock Pessimism Removal (CPR):    0.158ns
  Clock Uncertainty:      0.229ns  ((TSJ^2 + DJ^2)^1/2) / 2 + PE
    Total System Jitter     (TSJ):    0.071ns
    Discrete Jitter          (DJ):    0.453ns
    Phase Error              (PE):    0.000ns
  Clock Net Delay (Source):      1.745ns (routing 0.638ns, distribution 1.107ns)
  Clock Net Delay (Destination): 1.679ns (routing 0.576ns, distribution 1.103ns)

    Location             Delay type                Incr(ns)  Path(ns)    Netlist Resource(s)
  -------------------------------------------------------------------    -------------------
                         (clock clk_pl_0 rise edge)
                                                      0.000     0.000 r  
    PS8_X0Y0             PS8                          0.000     0.000 r  mem_bd_i/zynq_ps/inst/PS8_i/PLCLK[0]
                         net (fo=1, routed)           0.178     0.178    mem_bd_i/zynq_ps/inst/pl_clk_unbuffered[0]
    BUFG_PS_X0Y58        BUFG_PS (Prop_BUFG_PS_I_O)
                                                      0.029     0.207 r  mem_bd_i/zynq_ps/inst/buffer_pl_clk_0.PL_CLK_0_BUFG/O
    X0Y1 (CLOCK_ROOT)    net (fo=17960, routed)       1.745     1.952    mem_bd_i/axi_smc_full/inst/m00_exit_pipeline/m00_exit/inst/aclk
    SLICE_X9Y77          FDRE                                         r  mem_bd_i/axi_smc_full/inst/m00_exit_pipeline/m00_exit/inst/areset_reg/C
  -------------------------------------------------------------------    -------------------
    SLICE_X9Y77          FDRE (Prop_DFF_SLICEM_C_Q)
                                                      0.096     2.048 f  mem_bd_i/axi_smc_full/inst/m00_exit_pipeline/m00_exit/inst/areset_reg/Q
                         net (fo=31, routed)          0.519     2.567    mem_bd_i/axi_smc_full/inst/m00_exit_pipeline/m00_exit/inst/areset
    SLICE_X7Y56          LUT2 (Prop_D6LUT_SLICEL_I1_O)
                                                      0.099     2.666 r  mem_bd_i/axi_smc_full/inst/m00_exit_pipeline/m00_exit/inst/m_axi_wvalid_INST_0/O
                         net (fo=36, routed)          0.432     3.098    mem_bd_i/mem_top_0/inst/u_axi_full/s01_axi_wvalid
    SLICE_X10Y66         LUT3 (Prop_C6LUT_SLICEL_I2_O)
                                                      0.148     3.246 r  mem_bd_i/mem_top_0/inst/u_axi_full/S_AXI_BVALID_i_3/O
                         net (fo=27, routed)          0.273     3.519    mem_bd_i/mem_top_0/inst/u_axi_full/S_AXI_BVALID_i_3_n_0
    SLICE_X7Y64          LUT6 (Prop_A6LUT_SLICEL_I4_O)
                                                      0.115     3.634 r  mem_bd_i/mem_top_0/inst/u_axi_full/bank[0].u_bram_i_8/O
                         net (fo=64, routed)          3.718     7.352    mem_bd_i/mem_top_0/inst/u_device_mem/bank[5].u_bram/U0/inst_blk_mem_gen/gnbram.gnativebmg.native_blk_mem_gen/valid.cstr/ramloop[0].ram.r/prim_noinit.ram/addrb[8]
    RAMB18_X4Y25         RAMB18E2                                     r  mem_bd_i/mem_top_0/inst/u_device_mem/bank[5].u_bram/U0/inst_blk_mem_gen/gnbram.gnativebmg.native_blk_mem_gen/valid.cstr/ramloop[0].ram.r/prim_noinit.ram/DEVICE_8SERIES.NO_BMM_INFO.TRUE_DP.SIMPLE_PRIM18.ram/ADDRBWRADDR[9]
  -------------------------------------------------------------------    -------------------

                         (clock clk_pl_0 rise edge)
                                                     20.000    20.000 r  
    PS8_X0Y0             PS8                          0.000    20.000 r  mem_bd_i/zynq_ps/inst/PS8_i/PLCLK[0]
                         net (fo=1, routed)           0.140    20.140    mem_bd_i/zynq_ps/inst/pl_clk_unbuffered[0]
    BUFG_PS_X0Y58        BUFG_PS (Prop_BUFG_PS_I_O)
                                                      0.027    20.167 r  mem_bd_i/zynq_ps/inst/buffer_pl_clk_0.PL_CLK_0_BUFG/O
    X0Y1 (CLOCK_ROOT)    net (fo=17960, routed)       1.679    21.846    mem_bd_i/mem_top_0/inst/u_device_mem/bank[5].u_bram/U0/inst_blk_mem_gen/gnbram.gnativebmg.native_blk_mem_gen/valid.cstr/ramloop[0].ram.r/prim_noinit.ram/clka
    RAMB18_X4Y25         RAMB18E2                                     r  mem_bd_i/mem_top_0/inst/u_device_mem/bank[5].u_bram/U0/inst_blk_mem_gen/gnbram.gnativebmg.native_blk_mem_gen/valid.cstr/ramloop[0].ram.r/prim_noinit.ram/DEVICE_8SERIES.NO_BMM_INFO.TRUE_DP.SIMPLE_PRIM18.ram/CLKBWRCLK
                         clock pessimism              0.158    22.004    
                         clock uncertainty           -0.229    21.775    
    RAMB18_X4Y25         RAMB18E2 (Setup_RAMB18E2_U_RAMB181_CLKBWRCLK_ADDRBWRADDR[9])
                                                     -0.337    21.438    mem_bd_i/mem_top_0/inst/u_device_mem/bank[5].u_bram/U0/inst_blk_mem_gen/gnbram.gnativebmg.native_blk_mem_gen/valid.cstr/ramloop[0].ram.r/prim_noinit.ram/DEVICE_8SERIES.NO_BMM_INFO.TRUE_DP.SIMPLE_PRIM18.ram
  -------------------------------------------------------------------
                         required time                         21.438    
                         arrival time                          -7.352    
  -------------------------------------------------------------------
                         slack                                 14.086    

Slack (MET) :             14.114ns  (required time - arrival time)
  Source:                 mem_bd_i/axi_smc_full/inst/m00_exit_pipeline/m00_exit/inst/areset_reg/C
                            (rising edge-triggered cell FDRE clocked by clk_pl_0  {rise@0.000ns fall@10.000ns period=20.000ns})
  Destination:            mem_bd_i/mem_top_0/inst/u_device_mem/bank[7].u_bram/U0/inst_blk_mem_gen/gnbram.gnativebmg.native_blk_mem_gen/valid.cstr/ramloop[1].ram.r/prim_noinit.ram/DEVICE_8SERIES.NO_BMM_INFO.TRUE_DP.SIMPLE_PRIM36.ram/ADDRBWRADDR[10]
                            (rising edge-triggered cell RAMB36E2 clocked by clk_pl_0  {rise@0.000ns fall@10.000ns period=20.000ns})
  Path Group:             clk_pl_0
  Path Type:              Setup (Max at Slow Process Corner)
  Requirement:            20.000ns  (clk_pl_0 rise@20.000ns - clk_pl_0 rise@0.000ns)
  Data Path Delay:        5.338ns  (logic 0.458ns (8.580%)  route 4.880ns (91.420%))
  Logic Levels:           3  (LUT2=1 LUT3=1 LUT6=1)
  Clock Path Skew:        0.018ns (DCD - SCD + CPR)
    Destination Clock Delay (DCD):    1.863ns = ( 21.863 - 20.000 ) 
    Source Clock Delay      (SCD):    1.952ns
    Clock Pessimism Removal (CPR):    0.107ns
  Clock Uncertainty:      0.229ns  ((TSJ^2 + DJ^2)^1/2) / 2 + PE
    Total System Jitter     (TSJ):    0.071ns
    Discrete Jitter          (DJ):    0.453ns
    Phase Error              (PE):    0.000ns
  Clock Net Delay (Source):      1.745ns (routing 0.638ns, distribution 1.107ns)
  Clock Net Delay (Destination): 1.696ns (routing 0.576ns, distribution 1.120ns)

    Location             Delay type                Incr(ns)  Path(ns)    Netlist Resource(s)
  -------------------------------------------------------------------    -------------------
                         (clock clk_pl_0 rise edge)
                                                      0.000     0.000 r  
    PS8_X0Y0             PS8                          0.000     0.000 r  mem_bd_i/zynq_ps/inst/PS8_i/PLCLK[0]
                         net (fo=1, routed)           0.178     0.178    mem_bd_i/zynq_ps/inst/pl_clk_unbuffered[0]
    BUFG_PS_X0Y58        BUFG_PS (Prop_BUFG_PS_I_O)
                                                      0.029     0.207 r  mem_bd_i/zynq_ps/inst/buffer_pl_clk_0.PL_CLK_0_BUFG/O
    X0Y1 (CLOCK_ROOT)    net (fo=17960, routed)       1.745     1.952    mem_bd_i/axi_smc_full/inst/m00_exit_pipeline/m00_exit/inst/aclk
    SLICE_X9Y77          FDRE                                         r  mem_bd_i/axi_smc_full/inst/m00_exit_pipeline/m00_exit/inst/areset_reg/C
  -------------------------------------------------------------------    -------------------
    SLICE_X9Y77          FDRE (Prop_DFF_SLICEM_C_Q)
                                                      0.096     2.048 f  mem_bd_i/axi_smc_full/inst/m00_exit_pipeline/m00_exit/inst/areset_reg/Q
                         net (fo=31, routed)          0.519     2.567    mem_bd_i/axi_smc_full/inst/m00_exit_pipeline/m00_exit/inst/areset
    SLICE_X7Y56          LUT2 (Prop_D6LUT_SLICEL_I1_O)
                                                      0.099     2.666 r  mem_bd_i/axi_smc_full/inst/m00_exit_pipeline/m00_exit/inst/m_axi_wvalid_INST_0/O
                         net (fo=36, routed)          0.432     3.098    mem_bd_i/mem_top_0/inst/u_axi_full/s01_axi_wvalid
    SLICE_X10Y66         LUT3 (Prop_C6LUT_SLICEL_I2_O)
                                                      0.148     3.246 r  mem_bd_i/mem_top_0/inst/u_axi_full/S_AXI_BVALID_i_3/O
                         net (fo=27, routed)          0.273     3.519    mem_bd_i/mem_top_0/inst/u_axi_full/S_AXI_BVALID_i_3_n_0
    SLICE_X7Y64          LUT6 (Prop_A6LUT_SLICEL_I4_O)
                                                      0.115     3.634 r  mem_bd_i/mem_top_0/inst/u_axi_full/bank[0].u_bram_i_8/O
                         net (fo=64, routed)          3.656     7.290    mem_bd_i/mem_top_0/inst/u_device_mem/bank[7].u_bram/U0/inst_blk_mem_gen/gnbram.gnativebmg.native_blk_mem_gen/valid.cstr/ramloop[1].ram.r/prim_noinit.ram/addrb[8]
    RAMB36_X4Y11         RAMB36E2                                     r  mem_bd_i/mem_top_0/inst/u_device_mem/bank[7].u_bram/U0/inst_blk_mem_gen/gnbram.gnativebmg.native_blk_mem_gen/valid.cstr/ramloop[1].ram.r/prim_noinit.ram/DEVICE_8SERIES.NO_BMM_INFO.TRUE_DP.SIMPLE_PRIM36.ram/ADDRBWRADDR[10]
  -------------------------------------------------------------------    -------------------

                         (clock clk_pl_0 rise edge)
                                                     20.000    20.000 r  
    PS8_X0Y0             PS8                          0.000    20.000 r  mem_bd_i/zynq_ps/inst/PS8_i/PLCLK[0]
                         net (fo=1, routed)           0.140    20.140    mem_bd_i/zynq_ps/inst/pl_clk_unbuffered[0]
    BUFG_PS_X0Y58        BUFG_PS (Prop_BUFG_PS_I_O)
                                                      0.027    20.167 r  mem_bd_i/zynq_ps/inst/buffer_pl_clk_0.PL_CLK_0_BUFG/O
    X0Y1 (CLOCK_ROOT)    net (fo=17960, routed)       1.696    21.863    mem_bd_i/mem_top_0/inst/u_device_mem/bank[7].u_bram/U0/inst_blk_mem_gen/gnbram.gnativebmg.native_blk_mem_gen/valid.cstr/ramloop[1].ram.r/prim_noinit.ram/clka
    RAMB36_X4Y11         RAMB36E2                                     r  mem_bd_i/mem_top_0/inst/u_device_mem/bank[7].u_bram/U0/inst_blk_mem_gen/gnbram.gnativebmg.native_blk_mem_gen/valid.cstr/ramloop[1].ram.r/prim_noinit.ram/DEVICE_8SERIES.NO_BMM_INFO.TRUE_DP.SIMPLE_PRIM36.ram/CLKBWRCLK
                         clock pessimism              0.107    21.970    
                         clock uncertainty           -0.229    21.741    
    RAMB36_X4Y11         RAMB36E2 (Setup_RAMB36E2_RAMB36_CLKBWRCLK_ADDRBWRADDR[10])
                                                     -0.337    21.404    mem_bd_i/mem_top_0/inst/u_device_mem/bank[7].u_bram/U0/inst_blk_mem_gen/gnbram.gnativebmg.native_blk_mem_gen/valid.cstr/ramloop[1].ram.r/prim_noinit.ram/DEVICE_8SERIES.NO_BMM_INFO.TRUE_DP.SIMPLE_PRIM36.ram
  -------------------------------------------------------------------
                         required time                         21.404    
                         arrival time                          -7.290    
  -------------------------------------------------------------------
                         slack                                 14.114    

Slack (MET) :             14.138ns  (required time - arrival time)
  Source:                 mem_bd_i/axi_smc_full/inst/m00_exit_pipeline/m00_exit/inst/areset_reg/C
                            (rising edge-triggered cell FDRE clocked by clk_pl_0  {rise@0.000ns fall@10.000ns period=20.000ns})
  Destination:            mem_bd_i/mem_top_0/inst/u_device_mem/bank[0].u_bram/U0/inst_blk_mem_gen/gnbram.gnativebmg.native_blk_mem_gen/valid.cstr/ramloop[0].ram.r/prim_noinit.ram/DEVICE_8SERIES.NO_BMM_INFO.TRUE_DP.SIMPLE_PRIM18.ram/ADDRBWRADDR[9]
                            (rising edge-triggered cell RAMB18E2 clocked by clk_pl_0  {rise@0.000ns fall@10.000ns period=20.000ns})
  Path Group:             clk_pl_0
  Path Type:              Setup (Max at Slow Process Corner)
  Requirement:            20.000ns  (clk_pl_0 rise@20.000ns - clk_pl_0 rise@0.000ns)
  Data Path Delay:        5.380ns  (logic 0.458ns (8.513%)  route 4.922ns (91.487%))
  Logic Levels:           3  (LUT2=1 LUT3=1 LUT6=1)
  Clock Path Skew:        0.052ns (DCD - SCD + CPR)
    Destination Clock Delay (DCD):    1.846ns = ( 21.846 - 20.000 ) 
    Source Clock Delay      (SCD):    1.952ns
    Clock Pessimism Removal (CPR):    0.158ns
  Clock Uncertainty:      0.229ns  ((TSJ^2 + DJ^2)^1/2) / 2 + PE
    Total System Jitter     (TSJ):    0.071ns
    Discrete Jitter          (DJ):    0.453ns
    Phase Error              (PE):    0.000ns
  Clock Net Delay (Source):      1.745ns (routing 0.638ns, distribution 1.107ns)
  Clock Net Delay (Destination): 1.679ns (routing 0.576ns, distribution 1.103ns)

    Location             Delay type                Incr(ns)  Path(ns)    Netlist Resource(s)
  -------------------------------------------------------------------    -------------------
                         (clock clk_pl_0 rise edge)
                                                      0.000     0.000 r  
    PS8_X0Y0             PS8                          0.000     0.000 r  mem_bd_i/zynq_ps/inst/PS8_i/PLCLK[0]
                         net (fo=1, routed)           0.178     0.178    mem_bd_i/zynq_ps/inst/pl_clk_unbuffered[0]
    BUFG_PS_X0Y58        BUFG_PS (Prop_BUFG_PS_I_O)
                                                      0.029     0.207 r  mem_bd_i/zynq_ps/inst/buffer_pl_clk_0.PL_CLK_0_BUFG/O
    X0Y1 (CLOCK_ROOT)    net (fo=17960, routed)       1.745     1.952    mem_bd_i/axi_smc_full/inst/m00_exit_pipeline/m00_exit/inst/aclk
    SLICE_X9Y77          FDRE                                         r  mem_bd_i/axi_smc_full/inst/m00_exit_pipeline/m00_exit/inst/areset_reg/C
  -------------------------------------------------------------------    -------------------
    SLICE_X9Y77          FDRE (Prop_DFF_SLICEM_C_Q)
                                                      0.096     2.048 f  mem_bd_i/axi_smc_full/inst/m00_exit_pipeline/m00_exit/inst/areset_reg/Q
                         net (fo=31, routed)          0.519     2.567    mem_bd_i/axi_smc_full/inst/m00_exit_pipeline/m00_exit/inst/areset
    SLICE_X7Y56          LUT2 (Prop_D6LUT_SLICEL_I1_O)
                                                      0.099     2.666 r  mem_bd_i/axi_smc_full/inst/m00_exit_pipeline/m00_exit/inst/m_axi_wvalid_INST_0/O
                         net (fo=36, routed)          0.432     3.098    mem_bd_i/mem_top_0/inst/u_axi_full/s01_axi_wvalid
    SLICE_X10Y66         LUT3 (Prop_C6LUT_SLICEL_I2_O)
                                                      0.148     3.246 r  mem_bd_i/mem_top_0/inst/u_axi_full/S_AXI_BVALID_i_3/O
                         net (fo=27, routed)          0.273     3.519    mem_bd_i/mem_top_0/inst/u_axi_full/S_AXI_BVALID_i_3_n_0
    SLICE_X7Y64          LUT6 (Prop_A6LUT_SLICEL_I4_O)
                                                      0.115     3.634 r  mem_bd_i/mem_top_0/inst/u_axi_full/bank[0].u_bram_i_8/O
                         net (fo=64, routed)          3.698     7.332    mem_bd_i/mem_top_0/inst/u_device_mem/bank[0].u_bram/U0/inst_blk_mem_gen/gnbram.gnativebmg.native_blk_mem_gen/valid.cstr/ramloop[0].ram.r/prim_noinit.ram/addrb[8]
    RAMB18_X4Y24         RAMB18E2                                     r  mem_bd_i/mem_top_0/inst/u_device_mem/bank[0].u_bram/U0/inst_blk_mem_gen/gnbram.gnativebmg.native_blk_mem_gen/valid.cstr/ramloop[0].ram.r/prim_noinit.ram/DEVICE_8SERIES.NO_BMM_INFO.TRUE_DP.SIMPLE_PRIM18.ram/ADDRBWRADDR[9]
  -------------------------------------------------------------------    -------------------

                         (clock clk_pl_0 rise edge)
                                                     20.000    20.000 r  
    PS8_X0Y0             PS8                          0.000    20.000 r  mem_bd_i/zynq_ps/inst/PS8_i/PLCLK[0]
                         net (fo=1, routed)           0.140    20.140    mem_bd_i/zynq_ps/inst/pl_clk_unbuffered[0]
    BUFG_PS_X0Y58        BUFG_PS (Prop_BUFG_PS_I_O)
                                                      0.027    20.167 r  mem_bd_i/zynq_ps/inst/buffer_pl_clk_0.PL_CLK_0_BUFG/O
    X0Y1 (CLOCK_ROOT)    net (fo=17960, routed)       1.679    21.846    mem_bd_i/mem_top_0/inst/u_device_mem/bank[0].u_bram/U0/inst_blk_mem_gen/gnbram.gnativebmg.native_blk_mem_gen/valid.cstr/ramloop[0].ram.r/prim_noinit.ram/clka
    RAMB18_X4Y24         RAMB18E2                                     r  mem_bd_i/mem_top_0/inst/u_device_mem/bank[0].u_bram/U0/inst_blk_mem_gen/gnbram.gnativebmg.native_blk_mem_gen/valid.cstr/ramloop[0].ram.r/prim_noinit.ram/DEVICE_8SERIES.NO_BMM_INFO.TRUE_DP.SIMPLE_PRIM18.ram/CLKBWRCLK
                         clock pessimism              0.158    22.004    
                         clock uncertainty           -0.229    21.775    
    RAMB18_X4Y24         RAMB18E2 (Setup_RAMB18E2_L_RAMB180_CLKBWRCLK_ADDRBWRADDR[9])
                                                     -0.305    21.470    mem_bd_i/mem_top_0/inst/u_device_mem/bank[0].u_bram/U0/inst_blk_mem_gen/gnbram.gnativebmg.native_blk_mem_gen/valid.cstr/ramloop[0].ram.r/prim_noinit.ram/DEVICE_8SERIES.NO_BMM_INFO.TRUE_DP.SIMPLE_PRIM18.ram
  -------------------------------------------------------------------
                         required time                         21.470    
                         arrival time                          -7.332    
  -------------------------------------------------------------------
                         slack                                 14.138    





Min Delay Paths
--------------------------------------------------------------------------------------
Slack (MET) :             0.010ns  (arrival time - required time)
  Source:                 mem_bd_i/axi_dma_0/U0/I_PRMRY_DATAMOVER/GEN_S2MM_FULL.I_S2MM_FULL_WRAPPER/GEN_ENABLE_INDET_BTT_SF.I_INDET_BTT/I_XD_FIFO/NON_BLK_MEM.I_SYNC_FIFOGEN_FIFO/xpm_fifo_instance.xpm_fifo_sync_inst/xpm_fifo_base_inst/gen_sdpram.xpm_memory_base_inst/gen_rd_b.gen_rd_b_synth_template.gen_nc_narrow_pipe.doutb_reg_reg[11]/C
                            (rising edge-triggered cell FDRE clocked by clk_pl_0  {rise@0.000ns fall@10.000ns period=20.000ns})
  Destination:            mem_bd_i/axi_dma_0/U0/I_PRMRY_DATAMOVER/GEN_S2MM_FULL.I_S2MM_FULL_WRAPPER/GEN_ENABLE_INDET_BTT_SF.I_INDET_BTT/I_XD_FIFO/NON_BLK_MEM.I_SYNC_FIFOGEN_FIFO/xpm_fifo_instance.xpm_fifo_sync_inst/xpm_fifo_base_inst/gen_sdpram.xpm_memory_base_inst/gen_rd_b.gen_doutb_pipe.gen_stage.doutb_pipe_reg[0][11]/D
                            (rising edge-triggered cell FDRE clocked by clk_pl_0  {rise@0.000ns fall@10.000ns period=20.000ns})
  Path Group:             clk_pl_0
  Path Type:              Hold (Min at Slow Process Corner)
  Requirement:            0.000ns  (clk_pl_0 rise@0.000ns - clk_pl_0 rise@0.000ns)
  Data Path Delay:        0.179ns  (logic 0.069ns (38.548%)  route 0.110ns (61.453%))
  Logic Levels:           0  
  Clock Path Skew:        0.114ns (DCD - SCD - CPR)
    Destination Clock Delay (DCD):    2.006ns
    Source Clock Delay      (SCD):    1.731ns
    Clock Pessimism Removal (CPR):    0.161ns
  Clock Net Delay (Source):      1.564ns (routing 0.576ns, distribution 0.988ns)
  Clock Net Delay (Destination): 1.799ns (routing 0.638ns, distribution 1.161ns)

    Location             Delay type                Incr(ns)  Path(ns)    Netlist Resource(s)
  -------------------------------------------------------------------    -------------------
                         (clock clk_pl_0 rise edge)
                                                      0.000     0.000 r  
    PS8_X0Y0             PS8                          0.000     0.000 r  mem_bd_i/zynq_ps/inst/PS8_i/PLCLK[0]
                         net (fo=1, routed)           0.140     0.140    mem_bd_i/zynq_ps/inst/pl_clk_unbuffered[0]
    BUFG_PS_X0Y58        BUFG_PS (Prop_BUFG_PS_I_O)
                                                      0.027     0.167 r  mem_bd_i/zynq_ps/inst/buffer_pl_clk_0.PL_CLK_0_BUFG/O
    X0Y1 (CLOCK_ROOT)    net (fo=17960, routed)       1.564     1.731    mem_bd_i/axi_dma_0/U0/I_PRMRY_DATAMOVER/GEN_S2MM_FULL.I_S2MM_FULL_WRAPPER/GEN_ENABLE_INDET_BTT_SF.I_INDET_BTT/I_XD_FIFO/NON_BLK_MEM.I_SYNC_FIFOGEN_FIFO/xpm_fifo_instance.xpm_fifo_sync_inst/xpm_fifo_base_inst/gen_sdpram.xpm_memory_base_inst/clka
    SLICE_X28Y38         FDRE                                         r  mem_bd_i/axi_dma_0/U0/I_PRMRY_DATAMOVER/GEN_S2MM_FULL.I_S2MM_FULL_WRAPPER/GEN_ENABLE_INDET_BTT_SF.I_INDET_BTT/I_XD_FIFO/NON_BLK_MEM.I_SYNC_FIFOGEN_FIFO/xpm_fifo_instance.xpm_fifo_sync_inst/xpm_fifo_base_inst/gen_sdpram.xpm_memory_base_inst/gen_rd_b.gen_rd_b_synth_template.gen_nc_narrow_pipe.doutb_reg_reg[11]/C
  -------------------------------------------------------------------    -------------------
    SLICE_X28Y38         FDRE (Prop_FFF_SLICEM_C_Q)
                                                      0.069     1.800 r  mem_bd_i/axi_dma_0/U0/I_PRMRY_DATAMOVER/GEN_S2MM_FULL.I_S2MM_FULL_WRAPPER/GEN_ENABLE_INDET_BTT_SF.I_INDET_BTT/I_XD_FIFO/NON_BLK_MEM.I_SYNC_FIFOGEN_FIFO/xpm_fifo_instance.xpm_fifo_sync_inst/xpm_fifo_base_inst/gen_sdpram.xpm_memory_base_inst/gen_rd_b.gen_rd_b_synth_template.gen_nc_narrow_pipe.doutb_reg_reg[11]/Q
                         net (fo=1, routed)           0.110     1.910    mem_bd_i/axi_dma_0/U0/I_PRMRY_DATAMOVER/GEN_S2MM_FULL.I_S2MM_FULL_WRAPPER/GEN_ENABLE_INDET_BTT_SF.I_INDET_BTT/I_XD_FIFO/NON_BLK_MEM.I_SYNC_FIFOGEN_FIFO/xpm_fifo_instance.xpm_fifo_sync_inst/xpm_fifo_base_inst/gen_sdpram.xpm_memory_base_inst/gen_rd_b.gen_rd_b_synth_template.gen_nc_narrow_pipe.doutb_reg_reg[11]
    SLICE_X26Y38         FDRE                                         r  mem_bd_i/axi_dma_0/U0/I_PRMRY_DATAMOVER/GEN_S2MM_FULL.I_S2MM_FULL_WRAPPER/GEN_ENABLE_INDET_BTT_SF.I_INDET_BTT/I_XD_FIFO/NON_BLK_MEM.I_SYNC_FIFOGEN_FIFO/xpm_fifo_instance.xpm_fifo_sync_inst/xpm_fifo_base_inst/gen_sdpram.xpm_memory_base_inst/gen_rd_b.gen_doutb_pipe.gen_stage.doutb_pipe_reg[0][11]/D
  -------------------------------------------------------------------    -------------------

                         (clock clk_pl_0 rise edge)
                                                      0.000     0.000 r  
    PS8_X0Y0             PS8                          0.000     0.000 r  mem_bd_i/zynq_ps/inst/PS8_i/PLCLK[0]
                         net (fo=1, routed)           0.178     0.178    mem_bd_i/zynq_ps/inst/pl_clk_unbuffered[0]
    BUFG_PS_X0Y58        BUFG_PS (Prop_BUFG_PS_I_O)
                                                      0.029     0.207 r  mem_bd_i/zynq_ps/inst/buffer_pl_clk_0.PL_CLK_0_BUFG/O
    X0Y1 (CLOCK_ROOT)    net (fo=17960, routed)       1.799     2.006    mem_bd_i/axi_dma_0/U0/I_PRMRY_DATAMOVER/GEN_S2MM_FULL.I_S2MM_FULL_WRAPPER/GEN_ENABLE_INDET_BTT_SF.I_INDET_BTT/I_XD_FIFO/NON_BLK_MEM.I_SYNC_FIFOGEN_FIFO/xpm_fifo_instance.xpm_fifo_sync_inst/xpm_fifo_base_inst/gen_sdpram.xpm_memory_base_inst/clka
    SLICE_X26Y38         FDRE                                         r  mem_bd_i/axi_dma_0/U0/I_PRMRY_DATAMOVER/GEN_S2MM_FULL.I_S2MM_FULL_WRAPPER/GEN_ENABLE_INDET_BTT_SF.I_INDET_BTT/I_XD_FIFO/NON_BLK_MEM.I_SYNC_FIFOGEN_FIFO/xpm_fifo_instance.xpm_fifo_sync_inst/xpm_fifo_base_inst/gen_sdpram.xpm_memory_base_inst/gen_rd_b.gen_doutb_pipe.gen_stage.doutb_pipe_reg[0][11]/C
                         clock pessimism             -0.161     1.845    
    SLICE_X26Y38         FDRE (Hold_BFF2_SLICEL_C_D)
                                                      0.055     1.900    mem_bd_i/axi_dma_0/U0/I_PRMRY_DATAMOVER/GEN_S2MM_FULL.I_S2MM_FULL_WRAPPER/GEN_ENABLE_INDET_BTT_SF.I_INDET_BTT/I_XD_FIFO/NON_BLK_MEM.I_SYNC_FIFOGEN_FIFO/xpm_fifo_instance.xpm_fifo_sync_inst/xpm_fifo_base_inst/gen_sdpram.xpm_memory_base_inst/gen_rd_b.gen_doutb_pipe.gen_stage.doutb_pipe_reg[0][11]
  -------------------------------------------------------------------
                         required time                         -1.900    
                         arrival time                           1.910    
  -------------------------------------------------------------------
                         slack                                  0.010    

Slack (MET) :             0.010ns  (arrival time - required time)
  Source:                 mem_bd_i/axi_smc/inst/switchboards/w_switchboard/inst/gen_mi[0].inst_opipe_payld/gen_pipe[1].pipe_reg[1][253]/C
                            (rising edge-triggered cell FDRE clocked by clk_pl_0  {rise@0.000ns fall@10.000ns period=20.000ns})
  Destination:            mem_bd_i/axi_smc/inst/m00_nodes/m00_w_node/inst/inst_mi_handler/gen_normal_area.inst_fifo_node_payld/gen_xpm_memory_fifo.inst_fifo/gen_mem_rep[1].inst_xpm_memory/xpm_memory_base_inst/gen_wr_a.gen_word_narrow.mem_reg_0_31_84_97/RAME/I
                            (rising edge-triggered cell RAMD32 clocked by clk_pl_0  {rise@0.000ns fall@10.000ns period=20.000ns})
  Path Group:             clk_pl_0
  Path Type:              Hold (Min at Slow Process Corner)
  Requirement:            0.000ns  (clk_pl_0 rise@0.000ns - clk_pl_0 rise@0.000ns)
  Data Path Delay:        0.225ns  (logic 0.070ns (31.111%)  route 0.155ns (68.889%))
  Logic Levels:           0  
  Clock Path Skew:        0.134ns (DCD - SCD - CPR)
    Destination Clock Delay (DCD):    2.030ns
    Source Clock Delay      (SCD):    1.735ns
    Clock Pessimism Removal (CPR):    0.161ns
  Clock Net Delay (Source):      1.568ns (routing 0.576ns, distribution 0.992ns)
  Clock Net Delay (Destination): 1.823ns (routing 0.638ns, distribution 1.185ns)

    Location             Delay type                Incr(ns)  Path(ns)    Netlist Resource(s)
  -------------------------------------------------------------------    -------------------
                         (clock clk_pl_0 rise edge)
                                                      0.000     0.000 r  
    PS8_X0Y0             PS8                          0.000     0.000 r  mem_bd_i/zynq_ps/inst/PS8_i/PLCLK[0]
                         net (fo=1, routed)           0.140     0.140    mem_bd_i/zynq_ps/inst/pl_clk_unbuffered[0]
    BUFG_PS_X0Y58        BUFG_PS (Prop_BUFG_PS_I_O)
                                                      0.027     0.167 r  mem_bd_i/zynq_ps/inst/buffer_pl_clk_0.PL_CLK_0_BUFG/O
    X0Y1 (CLOCK_ROOT)    net (fo=17960, routed)       1.568     1.735    mem_bd_i/axi_smc/inst/switchboards/w_switchboard/inst/gen_mi[0].inst_opipe_payld/aclk
    SLICE_X26Y20         FDRE                                         r  mem_bd_i/axi_smc/inst/switchboards/w_switchboard/inst/gen_mi[0].inst_opipe_payld/gen_pipe[1].pipe_reg[1][253]/C
  -------------------------------------------------------------------    -------------------
    SLICE_X26Y20         FDRE (Prop_EFF_SLICEL_C_Q)
                                                      0.070     1.805 r  mem_bd_i/axi_smc/inst/switchboards/w_switchboard/inst/gen_mi[0].inst_opipe_payld/gen_pipe[1].pipe_reg[1][253]/Q
                         net (fo=1, routed)           0.155     1.960    mem_bd_i/axi_smc/inst/m00_nodes/m00_w_node/inst/inst_mi_handler/gen_normal_area.inst_fifo_node_payld/gen_xpm_memory_fifo.inst_fifo/gen_mem_rep[1].inst_xpm_memory/xpm_memory_base_inst/gen_wr_a.gen_word_narrow.mem_reg_0_31_84_97/DIE0
    SLICE_X24Y20         RAMD32                                       r  mem_bd_i/axi_smc/inst/m00_nodes/m00_w_node/inst/inst_mi_handler/gen_normal_area.inst_fifo_node_payld/gen_xpm_memory_fifo.inst_fifo/gen_mem_rep[1].inst_xpm_memory/xpm_memory_base_inst/gen_wr_a.gen_word_narrow.mem_reg_0_31_84_97/RAME/I
  -------------------------------------------------------------------    -------------------

                         (clock clk_pl_0 rise edge)
                                                      0.000     0.000 r  
    PS8_X0Y0             PS8                          0.000     0.000 r  mem_bd_i/zynq_ps/inst/PS8_i/PLCLK[0]
                         net (fo=1, routed)           0.178     0.178    mem_bd_i/zynq_ps/inst/pl_clk_unbuffered[0]
    BUFG_PS_X0Y58        BUFG_PS (Prop_BUFG_PS_I_O)
                                                      0.029     0.207 r  mem_bd_i/zynq_ps/inst/buffer_pl_clk_0.PL_CLK_0_BUFG/O
    X0Y1 (CLOCK_ROOT)    net (fo=17960, routed)       1.823     2.030    mem_bd_i/axi_smc/inst/m00_nodes/m00_w_node/inst/inst_mi_handler/gen_normal_area.inst_fifo_node_payld/gen_xpm_memory_fifo.inst_fifo/gen_mem_rep[1].inst_xpm_memory/xpm_memory_base_inst/gen_wr_a.gen_word_narrow.mem_reg_0_31_84_97/WCLK
    SLICE_X24Y20         RAMD32                                       r  mem_bd_i/axi_smc/inst/m00_nodes/m00_w_node/inst/inst_mi_handler/gen_normal_area.inst_fifo_node_payld/gen_xpm_memory_fifo.inst_fifo/gen_mem_rep[1].inst_xpm_memory/xpm_memory_base_inst/gen_wr_a.gen_word_narrow.mem_reg_0_31_84_97/RAME/CLK
                         clock pessimism             -0.161     1.869    
    SLICE_X24Y20         RAMD32 (Hold_E5LUT_SLICEM_CLK_I)
                                                      0.081     1.950    mem_bd_i/axi_smc/inst/m00_nodes/m00_w_node/inst/inst_mi_handler/gen_normal_area.inst_fifo_node_payld/gen_xpm_memory_fifo.inst_fifo/gen_mem_rep[1].inst_xpm_memory/xpm_memory_base_inst/gen_wr_a.gen_word_narrow.mem_reg_0_31_84_97/RAME
  -------------------------------------------------------------------
                         required time                         -1.950    
                         arrival time                           1.960    
  -------------------------------------------------------------------
                         slack                                  0.010    

Slack (MET) :             0.010ns  (arrival time - required time)
  Source:                 mem_bd_i/axi_smc/inst/switchboards/ar_switchboard/inst/gen_mi[0].inst_opipe_payld/gen_pipe[1].pipe_reg[1][102]/C
                            (rising edge-triggered cell FDRE clocked by clk_pl_0  {rise@0.000ns fall@10.000ns period=20.000ns})
  Destination:            mem_bd_i/axi_smc/inst/m00_nodes/m00_ar_node/inst/inst_mi_handler/gen_normal_area.inst_fifo_node_payld/gen_xpm_memory_fifo.inst_fifo/gen_mem_rep[0].inst_xpm_memory/xpm_memory_base_inst/gen_wr_a.gen_word_narrow.mem_reg_0_31_98_111/RAMC/I
                            (rising edge-triggered cell RAMD32 clocked by clk_pl_0  {rise@0.000ns fall@10.000ns period=20.000ns})
  Path Group:             clk_pl_0
  Path Type:              Hold (Min at Slow Process Corner)
  Requirement:            0.000ns  (clk_pl_0 rise@0.000ns - clk_pl_0 rise@0.000ns)
  Data Path Delay:        0.246ns  (logic 0.071ns (28.862%)  route 0.175ns (71.138%))
  Logic Levels:           0  
  Clock Path Skew:        0.154ns (DCD - SCD - CPR)
    Destination Clock Delay (DCD):    2.030ns
    Source Clock Delay      (SCD):    1.715ns
    Clock Pessimism Removal (CPR):    0.161ns
  Clock Net Delay (Source):      1.548ns (routing 0.576ns, distribution 0.972ns)
  Clock Net Delay (Destination): 1.823ns (routing 0.638ns, distribution 1.185ns)

    Location             Delay type                Incr(ns)  Path(ns)    Netlist Resource(s)
  -------------------------------------------------------------------    -------------------
                         (clock clk_pl_0 rise edge)
                                                      0.000     0.000 r  
    PS8_X0Y0             PS8                          0.000     0.000 r  mem_bd_i/zynq_ps/inst/PS8_i/PLCLK[0]
                         net (fo=1, routed)           0.140     0.140    mem_bd_i/zynq_ps/inst/pl_clk_unbuffered[0]
    BUFG_PS_X0Y58        BUFG_PS (Prop_BUFG_PS_I_O)
                                                      0.027     0.167 r  mem_bd_i/zynq_ps/inst/buffer_pl_clk_0.PL_CLK_0_BUFG/O
    X0Y1 (CLOCK_ROOT)    net (fo=17960, routed)       1.548     1.715    mem_bd_i/axi_smc/inst/switchboards/ar_switchboard/inst/gen_mi[0].inst_opipe_payld/aclk
    SLICE_X3Y15          FDRE                                         r  mem_bd_i/axi_smc/inst/switchboards/ar_switchboard/inst/gen_mi[0].inst_opipe_payld/gen_pipe[1].pipe_reg[1][102]/C
  -------------------------------------------------------------------    -------------------
    SLICE_X3Y15          FDRE (Prop_HFF2_SLICEL_C_Q)
                                                      0.071     1.786 r  mem_bd_i/axi_smc/inst/switchboards/ar_switchboard/inst/gen_mi[0].inst_opipe_payld/gen_pipe[1].pipe_reg[1][102]/Q
                         net (fo=1, routed)           0.175     1.961    mem_bd_i/axi_smc/inst/m00_nodes/m00_ar_node/inst/inst_mi_handler/gen_normal_area.inst_fifo_node_payld/gen_xpm_memory_fifo.inst_fifo/gen_mem_rep[0].inst_xpm_memory/xpm_memory_base_inst/gen_wr_a.gen_word_narrow.mem_reg_0_31_98_111/DIC0
    SLICE_X4Y15          RAMD32                                       r  mem_bd_i/axi_smc/inst/m00_nodes/m00_ar_node/inst/inst_mi_handler/gen_normal_area.inst_fifo_node_payld/gen_xpm_memory_fifo.inst_fifo/gen_mem_rep[0].inst_xpm_memory/xpm_memory_base_inst/gen_wr_a.gen_word_narrow.mem_reg_0_31_98_111/RAMC/I
  -------------------------------------------------------------------    -------------------

                         (clock clk_pl_0 rise edge)
                                                      0.000     0.000 r  
    PS8_X0Y0             PS8                          0.000     0.000 r  mem_bd_i/zynq_ps/inst/PS8_i/PLCLK[0]
                         net (fo=1, routed)           0.178     0.178    mem_bd_i/zynq_ps/inst/pl_clk_unbuffered[0]
    BUFG_PS_X0Y58        BUFG_PS (Prop_BUFG_PS_I_O)
                                                      0.029     0.207 r  mem_bd_i/zynq_ps/inst/buffer_pl_clk_0.PL_CLK_0_BUFG/O
    X0Y1 (CLOCK_ROOT)    net (fo=17960, routed)       1.823     2.030    mem_bd_i/axi_smc/inst/m00_nodes/m00_ar_node/inst/inst_mi_handler/gen_normal_area.inst_fifo_node_payld/gen_xpm_memory_fifo.inst_fifo/gen_mem_rep[0].inst_xpm_memory/xpm_memory_base_inst/gen_wr_a.gen_word_narrow.mem_reg_0_31_98_111/WCLK
    SLICE_X4Y15          RAMD32                                       r  mem_bd_i/axi_smc/inst/m00_nodes/m00_ar_node/inst/inst_mi_handler/gen_normal_area.inst_fifo_node_payld/gen_xpm_memory_fifo.inst_fifo/gen_mem_rep[0].inst_xpm_memory/xpm_memory_base_inst/gen_wr_a.gen_word_narrow.mem_reg_0_31_98_111/RAMC/CLK
                         clock pessimism             -0.161     1.869    
    SLICE_X4Y15          RAMD32 (Hold_C5LUT_SLICEM_CLK_I)
                                                      0.082     1.951    mem_bd_i/axi_smc/inst/m00_nodes/m00_ar_node/inst/inst_mi_handler/gen_normal_area.inst_fifo_node_payld/gen_xpm_memory_fifo.inst_fifo/gen_mem_rep[0].inst_xpm_memory/xpm_memory_base_inst/gen_wr_a.gen_word_narrow.mem_reg_0_31_98_111/RAMC
  -------------------------------------------------------------------
                         required time                         -1.951    
                         arrival time                           1.961    
  -------------------------------------------------------------------
                         slack                                  0.010    

Slack (MET) :             0.010ns  (arrival time - required time)
  Source:                 mem_bd_i/axi_smc/inst/switchboards/r_switchboard/inst/gen_mi[0].inst_opipe_payld/gen_pipe[1].pipe_reg[1][136]/C
                            (rising edge-triggered cell FDRE clocked by clk_pl_0  {rise@0.000ns fall@10.000ns period=20.000ns})
  Destination:            mem_bd_i/axi_smc/inst/s00_nodes/s00_r_node/inst/inst_mi_handler/gen_normal_area.inst_fifo_node_payld/gen_xpm_memory_fifo.inst_fifo/gen_mem_rep[0].inst_xpm_memory/xpm_memory_base_inst/gen_wr_a.gen_word_narrow.mem_reg_0_31_126_139/RAMF/I
                            (rising edge-triggered cell RAMD32 clocked by clk_pl_0  {rise@0.000ns fall@10.000ns period=20.000ns})
  Path Group:             clk_pl_0
  Path Type:              Hold (Min at Slow Process Corner)
  Requirement:            0.000ns  (clk_pl_0 rise@0.000ns - clk_pl_0 rise@0.000ns)
  Data Path Delay:        0.261ns  (logic 0.069ns (26.437%)  route 0.192ns (73.563%))
  Logic Levels:           0  
  Clock Path Skew:        0.170ns (DCD - SCD - CPR)
    Destination Clock Delay (DCD):    2.041ns
    Source Clock Delay      (SCD):    1.710ns
    Clock Pessimism Removal (CPR):    0.161ns
  Clock Net Delay (Source):      1.543ns (routing 0.576ns, distribution 0.967ns)
  Clock Net Delay (Destination): 1.834ns (routing 0.638ns, distribution 1.196ns)

    Location             Delay type                Incr(ns)  Path(ns)    Netlist Resource(s)
  -------------------------------------------------------------------    -------------------
                         (clock clk_pl_0 rise edge)
                                                      0.000     0.000 r  
    PS8_X0Y0             PS8                          0.000     0.000 r  mem_bd_i/zynq_ps/inst/PS8_i/PLCLK[0]
                         net (fo=1, routed)           0.140     0.140    mem_bd_i/zynq_ps/inst/pl_clk_unbuffered[0]
    BUFG_PS_X0Y58        BUFG_PS (Prop_BUFG_PS_I_O)
                                                      0.027     0.167 r  mem_bd_i/zynq_ps/inst/buffer_pl_clk_0.PL_CLK_0_BUFG/O
    X0Y1 (CLOCK_ROOT)    net (fo=17960, routed)       1.543     1.710    mem_bd_i/axi_smc/inst/switchboards/r_switchboard/inst/gen_mi[0].inst_opipe_payld/aclk
    SLICE_X4Y23          FDRE                                         r  mem_bd_i/axi_smc/inst/switchboards/r_switchboard/inst/gen_mi[0].inst_opipe_payld/gen_pipe[1].pipe_reg[1][136]/C
  -------------------------------------------------------------------    -------------------
    SLICE_X4Y23          FDRE (Prop_CFF_SLICEM_C_Q)
                                                      0.069     1.779 r  mem_bd_i/axi_smc/inst/switchboards/r_switchboard/inst/gen_mi[0].inst_opipe_payld/gen_pipe[1].pipe_reg[1][136]/Q
                         net (fo=1, routed)           0.192     1.971    mem_bd_i/axi_smc/inst/s00_nodes/s00_r_node/inst/inst_mi_handler/gen_normal_area.inst_fifo_node_payld/gen_xpm_memory_fifo.inst_fifo/gen_mem_rep[0].inst_xpm_memory/xpm_memory_base_inst/gen_wr_a.gen_word_narrow.mem_reg_0_31_126_139/DIF0
    SLICE_X5Y24          RAMD32                                       r  mem_bd_i/axi_smc/inst/s00_nodes/s00_r_node/inst/inst_mi_handler/gen_normal_area.inst_fifo_node_payld/gen_xpm_memory_fifo.inst_fifo/gen_mem_rep[0].inst_xpm_memory/xpm_memory_base_inst/gen_wr_a.gen_word_narrow.mem_reg_0_31_126_139/RAMF/I
  -------------------------------------------------------------------    -------------------

                         (clock clk_pl_0 rise edge)
                                                      0.000     0.000 r  
    PS8_X0Y0             PS8                          0.000     0.000 r  mem_bd_i/zynq_ps/inst/PS8_i/PLCLK[0]
                         net (fo=1, routed)           0.178     0.178    mem_bd_i/zynq_ps/inst/pl_clk_unbuffered[0]
    BUFG_PS_X0Y58        BUFG_PS (Prop_BUFG_PS_I_O)
                                                      0.029     0.207 r  mem_bd_i/zynq_ps/inst/buffer_pl_clk_0.PL_CLK_0_BUFG/O
    X0Y1 (CLOCK_ROOT)    net (fo=17960, routed)       1.834     2.041    mem_bd_i/axi_smc/inst/s00_nodes/s00_r_node/inst/inst_mi_handler/gen_normal_area.inst_fifo_node_payld/gen_xpm_memory_fifo.inst_fifo/gen_mem_rep[0].inst_xpm_memory/xpm_memory_base_inst/gen_wr_a.gen_word_narrow.mem_reg_0_31_126_139/WCLK
    SLICE_X5Y24          RAMD32                                       r  mem_bd_i/axi_smc/inst/s00_nodes/s00_r_node/inst/inst_mi_handler/gen_normal_area.inst_fifo_node_payld/gen_xpm_memory_fifo.inst_fifo/gen_mem_rep[0].inst_xpm_memory/xpm_memory_base_inst/gen_wr_a.gen_word_narrow.mem_reg_0_31_126_139/RAMF/CLK
                         clock pessimism             -0.161     1.880    
    SLICE_X5Y24          RAMD32 (Hold_F5LUT_SLICEM_CLK_I)
                                                      0.081     1.961    mem_bd_i/axi_smc/inst/s00_nodes/s00_r_node/inst/inst_mi_handler/gen_normal_area.inst_fifo_node_payld/gen_xpm_memory_fifo.inst_fifo/gen_mem_rep[0].inst_xpm_memory/xpm_memory_base_inst/gen_wr_a.gen_word_narrow.mem_reg_0_31_126_139/RAMF
  -------------------------------------------------------------------
                         required time                         -1.961    
                         arrival time                           1.971    
  -------------------------------------------------------------------
                         slack                                  0.010    

Slack (MET) :             0.010ns  (arrival time - required time)
  Source:                 mem_bd_i/axi_smc_full/inst/s00_entry_pipeline/s00_si_converter/inst/converter.wrap_narrow_inst/w_payld_fifo/mesg_reg_reg[89]/C
                            (rising edge-triggered cell FDRE clocked by clk_pl_0  {rise@0.000ns fall@10.000ns period=20.000ns})
  Destination:            mem_bd_i/axi_smc_full/inst/s00_nodes/s00_w_node/inst/inst_mi_handler/gen_normal_area.inst_fifo_node_payld/gen_xpm_memory_fifo.inst_fifo/gen_mem_rep[0].inst_xpm_memory/xpm_memory_base_inst/gen_wr_a.gen_word_narrow.mem_reg_0_31_84_97/RAMG_D1/I
                            (rising edge-triggered cell RAMD32 clocked by clk_pl_0  {rise@0.000ns fall@10.000ns period=20.000ns})
  Path Group:             clk_pl_0
  Path Type:              Hold (Min at Slow Process Corner)
  Requirement:            0.000ns  (clk_pl_0 rise@0.000ns - clk_pl_0 rise@0.000ns)
  Data Path Delay:        0.191ns  (logic 0.071ns (37.173%)  route 0.120ns (62.827%))
  Logic Levels:           0  
  Clock Path Skew:        0.118ns (DCD - SCD - CPR)
    Destination Clock Delay (DCD):    2.004ns
    Source Clock Delay      (SCD):    1.725ns
    Clock Pessimism Removal (CPR):    0.161ns
  Clock Net Delay (Source):      1.558ns (routing 0.576ns, distribution 0.982ns)
  Clock Net Delay (Destination): 1.797ns (routing 0.638ns, distribution 1.159ns)

    Location             Delay type                Incr(ns)  Path(ns)    Netlist Resource(s)
  -------------------------------------------------------------------    -------------------
                         (clock clk_pl_0 rise edge)
                                                      0.000     0.000 r  
    PS8_X0Y0             PS8                          0.000     0.000 r  mem_bd_i/zynq_ps/inst/PS8_i/PLCLK[0]
                         net (fo=1, routed)           0.140     0.140    mem_bd_i/zynq_ps/inst/pl_clk_unbuffered[0]
    BUFG_PS_X0Y58        BUFG_PS (Prop_BUFG_PS_I_O)
                                                      0.027     0.167 r  mem_bd_i/zynq_ps/inst/buffer_pl_clk_0.PL_CLK_0_BUFG/O
    X0Y1 (CLOCK_ROOT)    net (fo=17960, routed)       1.558     1.725    mem_bd_i/axi_smc_full/inst/s00_entry_pipeline/s00_si_converter/inst/converter.wrap_narrow_inst/w_payld_fifo/aclk
    SLICE_X5Y52          FDRE                                         r  mem_bd_i/axi_smc_full/inst/s00_entry_pipeline/s00_si_converter/inst/converter.wrap_narrow_inst/w_payld_fifo/mesg_reg_reg[89]/C
  -------------------------------------------------------------------    -------------------
    SLICE_X5Y52          FDRE (Prop_HFF2_SLICEM_C_Q)
                                                      0.071     1.796 r  mem_bd_i/axi_smc_full/inst/s00_entry_pipeline/s00_si_converter/inst/converter.wrap_narrow_inst/w_payld_fifo/mesg_reg_reg[89]/Q
                         net (fo=1, routed)           0.120     1.916    mem_bd_i/axi_smc_full/inst/s00_nodes/s00_w_node/inst/inst_mi_handler/gen_normal_area.inst_fifo_node_payld/gen_xpm_memory_fifo.inst_fifo/gen_mem_rep[0].inst_xpm_memory/xpm_memory_base_inst/gen_wr_a.gen_word_narrow.mem_reg_0_31_84_97/DIG1
    SLICE_X9Y52          RAMD32                                       r  mem_bd_i/axi_smc_full/inst/s00_nodes/s00_w_node/inst/inst_mi_handler/gen_normal_area.inst_fifo_node_payld/gen_xpm_memory_fifo.inst_fifo/gen_mem_rep[0].inst_xpm_memory/xpm_memory_base_inst/gen_wr_a.gen_word_narrow.mem_reg_0_31_84_97/RAMG_D1/I
  -------------------------------------------------------------------    -------------------

                         (clock clk_pl_0 rise edge)
                                                      0.000     0.000 r  
    PS8_X0Y0             PS8                          0.000     0.000 r  mem_bd_i/zynq_ps/inst/PS8_i/PLCLK[0]
                         net (fo=1, routed)           0.178     0.178    mem_bd_i/zynq_ps/inst/pl_clk_unbuffered[0]
    BUFG_PS_X0Y58        BUFG_PS (Prop_BUFG_PS_I_O)
                                                      0.029     0.207 r  mem_bd_i/zynq_ps/inst/buffer_pl_clk_0.PL_CLK_0_BUFG/O
    X0Y1 (CLOCK_ROOT)    net (fo=17960, routed)       1.797     2.004    mem_bd_i/axi_smc_full/inst/s00_nodes/s00_w_node/inst/inst_mi_handler/gen_normal_area.inst_fifo_node_payld/gen_xpm_memory_fifo.inst_fifo/gen_mem_rep[0].inst_xpm_memory/xpm_memory_base_inst/gen_wr_a.gen_word_narrow.mem_reg_0_31_84_97/WCLK
    SLICE_X9Y52          RAMD32                                       r  mem_bd_i/axi_smc_full/inst/s00_nodes/s00_w_node/inst/inst_mi_handler/gen_normal_area.inst_fifo_node_payld/gen_xpm_memory_fifo.inst_fifo/gen_mem_rep[0].inst_xpm_memory/xpm_memory_base_inst/gen_wr_a.gen_word_narrow.mem_reg_0_31_84_97/RAMG_D1/CLK
                         clock pessimism             -0.161     1.843    
    SLICE_X9Y52          RAMD32 (Hold_G6LUT_SLICEM_CLK_I)
                                                      0.063     1.906    mem_bd_i/axi_smc_full/inst/s00_nodes/s00_w_node/inst/inst_mi_handler/gen_normal_area.inst_fifo_node_payld/gen_xpm_memory_fifo.inst_fifo/gen_mem_rep[0].inst_xpm_memory/xpm_memory_base_inst/gen_wr_a.gen_word_narrow.mem_reg_0_31_84_97/RAMG_D1
  -------------------------------------------------------------------
                         required time                         -1.906    
                         arrival time                           1.916    
  -------------------------------------------------------------------
                         slack                                  0.010    

Slack (MET) :             0.010ns  (arrival time - required time)
  Source:                 mem_bd_i/axi_dma_0/U0/I_PRMRY_DATAMOVER/GEN_S2MM_FULL.I_S2MM_FULL_WRAPPER/GEN_INCLUDE_REALIGNER.I_S2MM_REALIGNER/GEN_INCLUDE_SCATTER.I_S2MM_SCATTER/I_TSTRB_FIFO/USE_SYNC_FIFO.I_SYNC_FIFO/NON_BLK_MEM.I_SYNC_FIFOGEN_FIFO/xpm_fifo_instance.xpm_fifo_sync_inst/xpm_fifo_base_inst/gen_sdpram.xpm_memory_base_inst/gen_rd_b.gen_rd_b_synth_template.gen_nc_narrow_pipe.doutb_reg_reg[5]/C
                            (rising edge-triggered cell FDRE clocked by clk_pl_0  {rise@0.000ns fall@10.000ns period=20.000ns})
  Destination:            mem_bd_i/axi_dma_0/U0/I_PRMRY_DATAMOVER/GEN_S2MM_FULL.I_S2MM_FULL_WRAPPER/GEN_INCLUDE_REALIGNER.I_S2MM_REALIGNER/GEN_INCLUDE_SCATTER.I_S2MM_SCATTER/I_TSTRB_FIFO/USE_SYNC_FIFO.I_SYNC_FIFO/NON_BLK_MEM.I_SYNC_FIFOGEN_FIFO/xpm_fifo_instance.xpm_fifo_sync_inst/xpm_fifo_base_inst/gen_sdpram.xpm_memory_base_inst/gen_rd_b.gen_doutb_pipe.gen_stage.doutb_pipe_reg[0][5]/D
                            (rising edge-triggered cell FDRE clocked by clk_pl_0  {rise@0.000ns fall@10.000ns period=20.000ns})
  Path Group:             clk_pl_0
  Path Type:              Hold (Min at Fast Process Corner)
  Requirement:            0.000ns  (clk_pl_0 rise@0.000ns - clk_pl_0 rise@0.000ns)
  Data Path Delay:        0.076ns  (logic 0.038ns (50.000%)  route 0.038ns (50.000%))
  Logic Levels:           0  
  Clock Path Skew:        0.019ns (DCD - SCD - CPR)
    Destination Clock Delay (DCD):    1.211ns
    Source Clock Delay      (SCD):    1.055ns
    Clock Pessimism Removal (CPR):    0.138ns
  Clock Net Delay (Source):      0.944ns (routing 0.324ns, distribution 0.620ns)
  Clock Net Delay (Destination): 1.073ns (routing 0.365ns, distribution 0.708ns)

    Location             Delay type                Incr(ns)  Path(ns)    Netlist Resource(s)
  -------------------------------------------------------------------    -------------------
                         (clock clk_pl_0 rise edge)
                                                      0.000     0.000 r  
    PS8_X0Y0             PS8                          0.000     0.000 r  mem_bd_i/zynq_ps/inst/PS8_i/PLCLK[0]
                         net (fo=1, routed)           0.094     0.094    mem_bd_i/zynq_ps/inst/pl_clk_unbuffered[0]
    BUFG_PS_X0Y58        BUFG_PS (Prop_BUFG_PS_I_O)
                                                      0.017     0.111 r  mem_bd_i/zynq_ps/inst/buffer_pl_clk_0.PL_CLK_0_BUFG/O
    X0Y1 (CLOCK_ROOT)    net (fo=17960, routed)       0.944     1.055    mem_bd_i/axi_dma_0/U0/I_PRMRY_DATAMOVER/GEN_S2MM_FULL.I_S2MM_FULL_WRAPPER/GEN_INCLUDE_REALIGNER.I_S2MM_REALIGNER/GEN_INCLUDE_SCATTER.I_S2MM_SCATTER/I_TSTRB_FIFO/USE_SYNC_FIFO.I_SYNC_FIFO/NON_BLK_MEM.I_SYNC_FIFOGEN_FIFO/xpm_fifo_instance.xpm_fifo_sync_inst/xpm_fifo_base_inst/gen_sdpram.xpm_memory_base_inst/clka
    SLICE_X31Y41         FDRE                                         r  mem_bd_i/axi_dma_0/U0/I_PRMRY_DATAMOVER/GEN_S2MM_FULL.I_S2MM_FULL_WRAPPER/GEN_INCLUDE_REALIGNER.I_S2MM_REALIGNER/GEN_INCLUDE_SCATTER.I_S2MM_SCATTER/I_TSTRB_FIFO/USE_SYNC_FIFO.I_SYNC_FIFO/NON_BLK_MEM.I_SYNC_FIFOGEN_FIFO/xpm_fifo_instance.xpm_fifo_sync_inst/xpm_fifo_base_inst/gen_sdpram.xpm_memory_base_inst/gen_rd_b.gen_rd_b_synth_template.gen_nc_narrow_pipe.doutb_reg_reg[5]/C
  -------------------------------------------------------------------    -------------------
    SLICE_X31Y41         FDRE (Prop_CFF_SLICEM_C_Q)
                                                      0.038     1.093 r  mem_bd_i/axi_dma_0/U0/I_PRMRY_DATAMOVER/GEN_S2MM_FULL.I_S2MM_FULL_WRAPPER/GEN_INCLUDE_REALIGNER.I_S2MM_REALIGNER/GEN_INCLUDE_SCATTER.I_S2MM_SCATTER/I_TSTRB_FIFO/USE_SYNC_FIFO.I_SYNC_FIFO/NON_BLK_MEM.I_SYNC_FIFOGEN_FIFO/xpm_fifo_instance.xpm_fifo_sync_inst/xpm_fifo_base_inst/gen_sdpram.xpm_memory_base_inst/gen_rd_b.gen_rd_b_synth_template.gen_nc_narrow_pipe.doutb_reg_reg[5]/Q
                         net (fo=1, routed)           0.038     1.131    mem_bd_i/axi_dma_0/U0/I_PRMRY_DATAMOVER/GEN_S2MM_FULL.I_S2MM_FULL_WRAPPER/GEN_INCLUDE_REALIGNER.I_S2MM_REALIGNER/GEN_INCLUDE_SCATTER.I_S2MM_SCATTER/I_TSTRB_FIFO/USE_SYNC_FIFO.I_SYNC_FIFO/NON_BLK_MEM.I_SYNC_FIFOGEN_FIFO/xpm_fifo_instance.xpm_fifo_sync_inst/xpm_fifo_base_inst/gen_sdpram.xpm_memory_base_inst/gen_rd_b.gen_rd_b_synth_template.gen_nc_narrow_pipe.doutb_reg_reg[5]
    SLICE_X31Y40         FDRE                                         r  mem_bd_i/axi_dma_0/U0/I_PRMRY_DATAMOVER/GEN_S2MM_FULL.I_S2MM_FULL_WRAPPER/GEN_INCLUDE_REALIGNER.I_S2MM_REALIGNER/GEN_INCLUDE_SCATTER.I_S2MM_SCATTER/I_TSTRB_FIFO/USE_SYNC_FIFO.I_SYNC_FIFO/NON_BLK_MEM.I_SYNC_FIFOGEN_FIFO/xpm_fifo_instance.xpm_fifo_sync_inst/xpm_fifo_base_inst/gen_sdpram.xpm_memory_base_inst/gen_rd_b.gen_doutb_pipe.gen_stage.doutb_pipe_reg[0][5]/D
  -------------------------------------------------------------------    -------------------

                         (clock clk_pl_0 rise edge)
                                                      0.000     0.000 r  
    PS8_X0Y0             PS8                          0.000     0.000 r  mem_bd_i/zynq_ps/inst/PS8_i/PLCLK[0]
                         net (fo=1, routed)           0.120     0.120    mem_bd_i/zynq_ps/inst/pl_clk_unbuffered[0]
    BUFG_PS_X0Y58        BUFG_PS (Prop_BUFG_PS_I_O)
                                                      0.018     0.138 r  mem_bd_i/zynq_ps/inst/buffer_pl_clk_0.PL_CLK_0_BUFG/O
    X0Y1 (CLOCK_ROOT)    net (fo=17960, routed)       1.073     1.211    mem_bd_i/axi_dma_0/U0/I_PRMRY_DATAMOVER/GEN_S2MM_FULL.I_S2MM_FULL_WRAPPER/GEN_INCLUDE_REALIGNER.I_S2MM_REALIGNER/GEN_INCLUDE_SCATTER.I_S2MM_SCATTER/I_TSTRB_FIFO/USE_SYNC_FIFO.I_SYNC_FIFO/NON_BLK_MEM.I_SYNC_FIFOGEN_FIFO/xpm_fifo_instance.xpm_fifo_sync_inst/xpm_fifo_base_inst/gen_sdpram.xpm_memory_base_inst/clka
    SLICE_X31Y40         FDRE                                         r  mem_bd_i/axi_dma_0/U0/I_PRMRY_DATAMOVER/GEN_S2MM_FULL.I_S2MM_FULL_WRAPPER/GEN_INCLUDE_REALIGNER.I_S2MM_REALIGNER/GEN_INCLUDE_SCATTER.I_S2MM_SCATTER/I_TSTRB_FIFO/USE_SYNC_FIFO.I_SYNC_FIFO/NON_BLK_MEM.I_SYNC_FIFOGEN_FIFO/xpm_fifo_instance.xpm_fifo_sync_inst/xpm_fifo_base_inst/gen_sdpram.xpm_memory_base_inst/gen_rd_b.gen_doutb_pipe.gen_stage.doutb_pipe_reg[0][5]/C
                         clock pessimism             -0.138     1.074    
    SLICE_X31Y40         FDRE (Hold_HFF2_SLICEM_C_D)
                                                      0.047     1.121    mem_bd_i/axi_dma_0/U0/I_PRMRY_DATAMOVER/GEN_S2MM_FULL.I_S2MM_FULL_WRAPPER/GEN_INCLUDE_REALIGNER.I_S2MM_REALIGNER/GEN_INCLUDE_SCATTER.I_S2MM_SCATTER/I_TSTRB_FIFO/USE_SYNC_FIFO.I_SYNC_FIFO/NON_BLK_MEM.I_SYNC_FIFOGEN_FIFO/xpm_fifo_instance.xpm_fifo_sync_inst/xpm_fifo_base_inst/gen_sdpram.xpm_memory_base_inst/gen_rd_b.gen_doutb_pipe.gen_stage.doutb_pipe_reg[0][5]
  -------------------------------------------------------------------
                         required time                         -1.121    
                         arrival time                           1.131    
  -------------------------------------------------------------------
                         slack                                  0.010    

Slack (MET) :             0.010ns  (arrival time - required time)
  Source:                 mem_bd_i/axi_smc/inst/s01_nodes/s01_w_node/inst/inst_mi_handler/gen_normal_area.inst_fifo_node_payld/gen_xpm_memory_fifo.inst_fifo/gen_mem_rep[0].inst_xpm_memory/xpm_memory_base_inst/gen_rd_b.gen_rd_b_synth_template.gen_rf_narrow_reg.doutb_reg_reg[140]/C
                            (rising edge-triggered cell FDRE clocked by clk_pl_0  {rise@0.000ns fall@10.000ns period=20.000ns})
  Destination:            mem_bd_i/axi_smc/inst/switchboards/w_switchboard/inst/gen_mi[0].inst_opipe_payld/gen_pipe[1].pipe_reg[1][140]/D
                            (rising edge-triggered cell FDRE clocked by clk_pl_0  {rise@0.000ns fall@10.000ns period=20.000ns})
  Path Group:             clk_pl_0
  Path Type:              Hold (Min at Slow Process Corner)
  Requirement:            0.000ns  (clk_pl_0 rise@0.000ns - clk_pl_0 rise@0.000ns)
  Data Path Delay:        0.184ns  (logic 0.071ns (38.587%)  route 0.113ns (61.413%))
  Logic Levels:           0  
  Clock Path Skew:        0.121ns (DCD - SCD - CPR)
    Destination Clock Delay (DCD):    2.014ns
    Source Clock Delay      (SCD):    1.733ns
    Clock Pessimism Removal (CPR):    0.161ns
  Clock Net Delay (Source):      1.566ns (routing 0.576ns, distribution 0.990ns)
  Clock Net Delay (Destination): 1.807ns (routing 0.638ns, distribution 1.169ns)

    Location             Delay type                Incr(ns)  Path(ns)    Netlist Resource(s)
  -------------------------------------------------------------------    -------------------
                         (clock clk_pl_0 rise edge)
                                                      0.000     0.000 r  
    PS8_X0Y0             PS8                          0.000     0.000 r  mem_bd_i/zynq_ps/inst/PS8_i/PLCLK[0]
                         net (fo=1, routed)           0.140     0.140    mem_bd_i/zynq_ps/inst/pl_clk_unbuffered[0]
    BUFG_PS_X0Y58        BUFG_PS (Prop_BUFG_PS_I_O)
                                                      0.027     0.167 r  mem_bd_i/zynq_ps/inst/buffer_pl_clk_0.PL_CLK_0_BUFG/O
    X0Y1 (CLOCK_ROOT)    net (fo=17960, routed)       1.566     1.733    mem_bd_i/axi_smc/inst/s01_nodes/s01_w_node/inst/inst_mi_handler/gen_normal_area.inst_fifo_node_payld/gen_xpm_memory_fifo.inst_fifo/gen_mem_rep[0].inst_xpm_memory/xpm_memory_base_inst/clka
    SLICE_X28Y23         FDRE                                         r  mem_bd_i/axi_smc/inst/s01_nodes/s01_w_node/inst/inst_mi_handler/gen_normal_area.inst_fifo_node_payld/gen_xpm_memory_fifo.inst_fifo/gen_mem_rep[0].inst_xpm_memory/xpm_memory_base_inst/gen_rd_b.gen_rd_b_synth_template.gen_rf_narrow_reg.doutb_reg_reg[140]/C
  -------------------------------------------------------------------    -------------------
    SLICE_X28Y23         FDRE (Prop_AFF2_SLICEM_C_Q)
                                                      0.071     1.804 r  mem_bd_i/axi_smc/inst/s01_nodes/s01_w_node/inst/inst_mi_handler/gen_normal_area.inst_fifo_node_payld/gen_xpm_memory_fifo.inst_fifo/gen_mem_rep[0].inst_xpm_memory/xpm_memory_base_inst/gen_rd_b.gen_rd_b_synth_template.gen_rf_narrow_reg.doutb_reg_reg[140]/Q
                         net (fo=1, routed)           0.113     1.917    mem_bd_i/axi_smc/inst/switchboards/w_switchboard/inst/gen_mi[0].inst_opipe_payld/s_sc_payld[128]
    SLICE_X27Y23         FDRE                                         r  mem_bd_i/axi_smc/inst/switchboards/w_switchboard/inst/gen_mi[0].inst_opipe_payld/gen_pipe[1].pipe_reg[1][140]/D
  -------------------------------------------------------------------    -------------------

                         (clock clk_pl_0 rise edge)
                                                      0.000     0.000 r  
    PS8_X0Y0             PS8                          0.000     0.000 r  mem_bd_i/zynq_ps/inst/PS8_i/PLCLK[0]
                         net (fo=1, routed)           0.178     0.178    mem_bd_i/zynq_ps/inst/pl_clk_unbuffered[0]
    BUFG_PS_X0Y58        BUFG_PS (Prop_BUFG_PS_I_O)
                                                      0.029     0.207 r  mem_bd_i/zynq_ps/inst/buffer_pl_clk_0.PL_CLK_0_BUFG/O
    X0Y1 (CLOCK_ROOT)    net (fo=17960, routed)       1.807     2.014    mem_bd_i/axi_smc/inst/switchboards/w_switchboard/inst/gen_mi[0].inst_opipe_payld/aclk
    SLICE_X27Y23         FDRE                                         r  mem_bd_i/axi_smc/inst/switchboards/w_switchboard/inst/gen_mi[0].inst_opipe_payld/gen_pipe[1].pipe_reg[1][140]/C
                         clock pessimism             -0.161     1.854    
    SLICE_X27Y23         FDRE (Hold_EFF_SLICEL_C_D)
                                                      0.053     1.907    mem_bd_i/axi_smc/inst/switchboards/w_switchboard/inst/gen_mi[0].inst_opipe_payld/gen_pipe[1].pipe_reg[1][140]
  -------------------------------------------------------------------
                         required time                         -1.907    
                         arrival time                           1.917    
  -------------------------------------------------------------------
                         slack                                  0.010    

Slack (MET) :             0.011ns  (arrival time - required time)
  Source:                 mem_bd_i/axi_dma_0/U0/I_AXI_DMA_REG_MODULE/GEN_S2MM_REGISTERS.I_S2MM_DMA_REGISTER/GEN_REG_FOR_SMPL.buffer_length_i_reg[5]/C
                            (rising edge-triggered cell FDRE clocked by clk_pl_0  {rise@0.000ns fall@10.000ns period=20.000ns})
  Destination:            mem_bd_i/axi_dma_0/U0/INCLUDE_S2MM_SOF_EOF_GENERATOR.I_S2MM_DMA_MNGR/GEN_S2MM_DMA_CONTROL.GEN_SIMPLE_DMA_MODE.I_S2MM_SMPL_SM/GEN_CMD_BTT_LESS_23.cmnd_data_reg[5]/D
                            (rising edge-triggered cell FDRE clocked by clk_pl_0  {rise@0.000ns fall@10.000ns period=20.000ns})
  Path Group:             clk_pl_0
  Path Type:              Hold (Min at Slow Process Corner)
  Requirement:            0.000ns  (clk_pl_0 rise@0.000ns - clk_pl_0 rise@0.000ns)
  Data Path Delay:        0.181ns  (logic 0.070ns (38.631%)  route 0.111ns (61.369%))
  Logic Levels:           0  
  Clock Path Skew:        0.116ns (DCD - SCD - CPR)
    Destination Clock Delay (DCD):    2.020ns
    Source Clock Delay      (SCD):    1.744ns
    Clock Pessimism Removal (CPR):    0.160ns
  Clock Net Delay (Source):      1.577ns (routing 0.576ns, distribution 1.001ns)
  Clock Net Delay (Destination): 1.813ns (routing 0.638ns, distribution 1.175ns)

    Location             Delay type                Incr(ns)  Path(ns)    Netlist Resource(s)
  -------------------------------------------------------------------    -------------------
                         (clock clk_pl_0 rise edge)
                                                      0.000     0.000 r  
    PS8_X0Y0             PS8                          0.000     0.000 r  mem_bd_i/zynq_ps/inst/PS8_i/PLCLK[0]
                         net (fo=1, routed)           0.140     0.140    mem_bd_i/zynq_ps/inst/pl_clk_unbuffered[0]
    BUFG_PS_X0Y58        BUFG_PS (Prop_BUFG_PS_I_O)
                                                      0.027     0.167 r  mem_bd_i/zynq_ps/inst/buffer_pl_clk_0.PL_CLK_0_BUFG/O
    X0Y1 (CLOCK_ROOT)    net (fo=17960, routed)       1.577     1.744    mem_bd_i/axi_dma_0/U0/I_AXI_DMA_REG_MODULE/GEN_S2MM_REGISTERS.I_S2MM_DMA_REGISTER/s_axi_lite_aclk
    SLICE_X21Y50         FDRE                                         r  mem_bd_i/axi_dma_0/U0/I_AXI_DMA_REG_MODULE/GEN_S2MM_REGISTERS.I_S2MM_DMA_REGISTER/GEN_REG_FOR_SMPL.buffer_length_i_reg[5]/C
  -------------------------------------------------------------------    -------------------
    SLICE_X21Y50         FDRE (Prop_DFF_SLICEL_C_Q)
                                                      0.070     1.814 r  mem_bd_i/axi_dma_0/U0/I_AXI_DMA_REG_MODULE/GEN_S2MM_REGISTERS.I_S2MM_DMA_REGISTER/GEN_REG_FOR_SMPL.buffer_length_i_reg[5]/Q
                         net (fo=2, routed)           0.111     1.925    mem_bd_i/axi_dma_0/U0/INCLUDE_S2MM_SOF_EOF_GENERATOR.I_S2MM_DMA_MNGR/GEN_S2MM_DMA_CONTROL.GEN_SIMPLE_DMA_MODE.I_S2MM_SMPL_SM/GEN_CMD_BTT_LESS_23.cmnd_data_reg[13]_0[5]
    SLICE_X22Y50         FDRE                                         r  mem_bd_i/axi_dma_0/U0/INCLUDE_S2MM_SOF_EOF_GENERATOR.I_S2MM_DMA_MNGR/GEN_S2MM_DMA_CONTROL.GEN_SIMPLE_DMA_MODE.I_S2MM_SMPL_SM/GEN_CMD_BTT_LESS_23.cmnd_data_reg[5]/D
  -------------------------------------------------------------------    -------------------

                         (clock clk_pl_0 rise edge)
                                                      0.000     0.000 r  
    PS8_X0Y0             PS8                          0.000     0.000 r  mem_bd_i/zynq_ps/inst/PS8_i/PLCLK[0]
                         net (fo=1, routed)           0.178     0.178    mem_bd_i/zynq_ps/inst/pl_clk_unbuffered[0]
    BUFG_PS_X0Y58        BUFG_PS (Prop_BUFG_PS_I_O)
                                                      0.029     0.207 r  mem_bd_i/zynq_ps/inst/buffer_pl_clk_0.PL_CLK_0_BUFG/O
    X0Y1 (CLOCK_ROOT)    net (fo=17960, routed)       1.813     2.020    mem_bd_i/axi_dma_0/U0/INCLUDE_S2MM_SOF_EOF_GENERATOR.I_S2MM_DMA_MNGR/GEN_S2MM_DMA_CONTROL.GEN_SIMPLE_DMA_MODE.I_S2MM_SMPL_SM/s_axi_lite_aclk
    SLICE_X22Y50         FDRE                                         r  mem_bd_i/axi_dma_0/U0/INCLUDE_S2MM_SOF_EOF_GENERATOR.I_S2MM_DMA_MNGR/GEN_S2MM_DMA_CONTROL.GEN_SIMPLE_DMA_MODE.I_S2MM_SMPL_SM/GEN_CMD_BTT_LESS_23.cmnd_data_reg[5]/C
                         clock pessimism             -0.160     1.860    
    SLICE_X22Y50         FDRE (Hold_GFF2_SLICEL_C_D)
                                                      0.055     1.915    mem_bd_i/axi_dma_0/U0/INCLUDE_S2MM_SOF_EOF_GENERATOR.I_S2MM_DMA_MNGR/GEN_S2MM_DMA_CONTROL.GEN_SIMPLE_DMA_MODE.I_S2MM_SMPL_SM/GEN_CMD_BTT_LESS_23.cmnd_data_reg[5]
  -------------------------------------------------------------------
                         required time                         -1.915    
                         arrival time                           1.925    
  -------------------------------------------------------------------
                         slack                                  0.011    

Slack (MET) :             0.011ns  (arrival time - required time)
  Source:                 mem_bd_i/axi_smc/inst/s00_entry_pipeline/s00_mmu/inst/r_sreg/m_vector_i_reg[1217]/C
                            (rising edge-triggered cell FDRE clocked by clk_pl_0  {rise@0.000ns fall@10.000ns period=20.000ns})
  Destination:            mem_bd_i/axi_dma_0/U0/I_PRMRY_DATAMOVER/GEN_MM2S_FULL.I_MM2S_FULL_WRAPPER/GEN_INCLUDE_MM2S_SF.I_RD_SF/I_DATA_FIFO/BLK_MEM.I_SYNC_FIFOGEN_FIFO/xpm_fifo_instance.xpm_fifo_sync_inst/xpm_fifo_base_inst/gen_sdpram.xpm_memory_base_inst/gen_wr_a.gen_word_narrow.mem_reg_2/DINADIN[14]
                            (rising edge-triggered cell RAMB36E2 clocked by clk_pl_0  {rise@0.000ns fall@10.000ns period=20.000ns})
  Path Group:             clk_pl_0
  Path Type:              Hold (Min at Slow Process Corner)
  Requirement:            0.000ns  (clk_pl_0 rise@0.000ns - clk_pl_0 rise@0.000ns)
  Data Path Delay:        0.193ns  (logic 0.070ns (36.269%)  route 0.123ns (63.731%))
  Logic Levels:           0  
  Clock Path Skew:        0.211ns (DCD - SCD - CPR)
    Destination Clock Delay (DCD):    2.071ns
    Source Clock Delay      (SCD):    1.696ns
    Clock Pessimism Removal (CPR):    0.164ns
  Clock Net Delay (Source):      1.529ns (routing 0.576ns, distribution 0.953ns)
  Clock Net Delay (Destination): 1.864ns (routing 0.638ns, distribution 1.226ns)

    Location             Delay type                Incr(ns)  Path(ns)    Netlist Resource(s)
  -------------------------------------------------------------------    -------------------
                         (clock clk_pl_0 rise edge)
                                                      0.000     0.000 r  
    PS8_X0Y0             PS8                          0.000     0.000 r  mem_bd_i/zynq_ps/inst/PS8_i/PLCLK[0]
                         net (fo=1, routed)           0.140     0.140    mem_bd_i/zynq_ps/inst/pl_clk_unbuffered[0]
    BUFG_PS_X0Y58        BUFG_PS (Prop_BUFG_PS_I_O)
                                                      0.027     0.167 r  mem_bd_i/zynq_ps/inst/buffer_pl_clk_0.PL_CLK_0_BUFG/O
    X0Y1 (CLOCK_ROOT)    net (fo=17960, routed)       1.529     1.696    mem_bd_i/axi_smc/inst/s00_entry_pipeline/s00_mmu/inst/r_sreg/aclk
    SLICE_X12Y31         FDRE                                         r  mem_bd_i/axi_smc/inst/s00_entry_pipeline/s00_mmu/inst/r_sreg/m_vector_i_reg[1217]/C
  -------------------------------------------------------------------    -------------------
    SLICE_X12Y31         FDRE (Prop_DFF_SLICEL_C_Q)
                                                      0.070     1.766 r  mem_bd_i/axi_smc/inst/s00_entry_pipeline/s00_mmu/inst/r_sreg/m_vector_i_reg[1217]/Q
                         net (fo=1, routed)           0.123     1.889    mem_bd_i/axi_dma_0/U0/I_PRMRY_DATAMOVER/GEN_MM2S_FULL.I_MM2S_FULL_WRAPPER/GEN_INCLUDE_MM2S_SF.I_RD_SF/I_DATA_FIFO/BLK_MEM.I_SYNC_FIFOGEN_FIFO/xpm_fifo_instance.xpm_fifo_sync_inst/xpm_fifo_base_inst/gen_sdpram.xpm_memory_base_inst/dina[158]
    RAMB36_X1Y6          RAMB36E2                                     r  mem_bd_i/axi_dma_0/U0/I_PRMRY_DATAMOVER/GEN_MM2S_FULL.I_MM2S_FULL_WRAPPER/GEN_INCLUDE_MM2S_SF.I_RD_SF/I_DATA_FIFO/BLK_MEM.I_SYNC_FIFOGEN_FIFO/xpm_fifo_instance.xpm_fifo_sync_inst/xpm_fifo_base_inst/gen_sdpram.xpm_memory_base_inst/gen_wr_a.gen_word_narrow.mem_reg_2/DINADIN[14]
  -------------------------------------------------------------------    -------------------

                         (clock clk_pl_0 rise edge)
                                                      0.000     0.000 r  
    PS8_X0Y0             PS8                          0.000     0.000 r  mem_bd_i/zynq_ps/inst/PS8_i/PLCLK[0]
                         net (fo=1, routed)           0.178     0.178    mem_bd_i/zynq_ps/inst/pl_clk_unbuffered[0]
    BUFG_PS_X0Y58        BUFG_PS (Prop_BUFG_PS_I_O)
                                                      0.029     0.207 r  mem_bd_i/zynq_ps/inst/buffer_pl_clk_0.PL_CLK_0_BUFG/O
    X0Y1 (CLOCK_ROOT)    net (fo=17960, routed)       1.864     2.071    mem_bd_i/axi_dma_0/U0/I_PRMRY_DATAMOVER/GEN_MM2S_FULL.I_MM2S_FULL_WRAPPER/GEN_INCLUDE_MM2S_SF.I_RD_SF/I_DATA_FIFO/BLK_MEM.I_SYNC_FIFOGEN_FIFO/xpm_fifo_instance.xpm_fifo_sync_inst/xpm_fifo_base_inst/gen_sdpram.xpm_memory_base_inst/clka
    RAMB36_X1Y6          RAMB36E2                                     r  mem_bd_i/axi_dma_0/U0/I_PRMRY_DATAMOVER/GEN_MM2S_FULL.I_MM2S_FULL_WRAPPER/GEN_INCLUDE_MM2S_SF.I_RD_SF/I_DATA_FIFO/BLK_MEM.I_SYNC_FIFOGEN_FIFO/xpm_fifo_instance.xpm_fifo_sync_inst/xpm_fifo_base_inst/gen_sdpram.xpm_memory_base_inst/gen_wr_a.gen_word_narrow.mem_reg_2/CLKBWRCLK
                         clock pessimism             -0.164     1.907    
    RAMB36_X1Y6          RAMB36E2 (Hold_RAMB36E2_RAMB36_CLKBWRCLK_DINADIN[14])
                                                     -0.029     1.878    mem_bd_i/axi_dma_0/U0/I_PRMRY_DATAMOVER/GEN_MM2S_FULL.I_MM2S_FULL_WRAPPER/GEN_INCLUDE_MM2S_SF.I_RD_SF/I_DATA_FIFO/BLK_MEM.I_SYNC_FIFOGEN_FIFO/xpm_fifo_instance.xpm_fifo_sync_inst/xpm_fifo_base_inst/gen_sdpram.xpm_memory_base_inst/gen_wr_a.gen_word_narrow.mem_reg_2
  -------------------------------------------------------------------
                         required time                         -1.878    
                         arrival time                           1.889    
  -------------------------------------------------------------------
                         slack                                  0.011    

Slack (MET) :             0.011ns  (arrival time - required time)
  Source:                 mem_bd_i/axi_smc/inst/s01_entry_pipeline/s01_mmu/inst/w_sreg/m_vector_i_reg[1126]/C
                            (rising edge-triggered cell FDRE clocked by clk_pl_0  {rise@0.000ns fall@10.000ns period=20.000ns})
  Destination:            mem_bd_i/axi_smc/inst/s01_nodes/s01_w_node/inst/inst_mi_handler/gen_normal_area.inst_fifo_node_payld/gen_xpm_memory_fifo.inst_fifo/gen_mem_rep[0].inst_xpm_memory/xpm_memory_base_inst/gen_wr_a.gen_word_narrow.mem_reg_0_31_126_139/RAMC/I
                            (rising edge-triggered cell RAMD32 clocked by clk_pl_0  {rise@0.000ns fall@10.000ns period=20.000ns})
  Path Group:             clk_pl_0
  Path Type:              Hold (Min at Slow Process Corner)
  Requirement:            0.000ns  (clk_pl_0 rise@0.000ns - clk_pl_0 rise@0.000ns)
  Data Path Delay:        0.226ns  (logic 0.073ns (32.301%)  route 0.153ns (67.699%))
  Logic Levels:           0  
  Clock Path Skew:        0.133ns (DCD - SCD - CPR)
    Destination Clock Delay (DCD):    2.028ns
    Source Clock Delay      (SCD):    1.734ns
    Clock Pessimism Removal (CPR):    0.161ns
  Clock Net Delay (Source):      1.567ns (routing 0.576ns, distribution 0.991ns)
  Clock Net Delay (Destination): 1.821ns (routing 0.638ns, distribution 1.183ns)

    Location             Delay type                Incr(ns)  Path(ns)    Netlist Resource(s)
  -------------------------------------------------------------------    -------------------
                         (clock clk_pl_0 rise edge)
                                                      0.000     0.000 r  
    PS8_X0Y0             PS8                          0.000     0.000 r  mem_bd_i/zynq_ps/inst/PS8_i/PLCLK[0]
                         net (fo=1, routed)           0.140     0.140    mem_bd_i/zynq_ps/inst/pl_clk_unbuffered[0]
    BUFG_PS_X0Y58        BUFG_PS (Prop_BUFG_PS_I_O)
                                                      0.027     0.167 r  mem_bd_i/zynq_ps/inst/buffer_pl_clk_0.PL_CLK_0_BUFG/O
    X0Y1 (CLOCK_ROOT)    net (fo=17960, routed)       1.567     1.734    mem_bd_i/axi_smc/inst/s01_entry_pipeline/s01_mmu/inst/w_sreg/aclk
    SLICE_X26Y22         FDRE                                         r  mem_bd_i/axi_smc/inst/s01_entry_pipeline/s01_mmu/inst/w_sreg/m_vector_i_reg[1126]/C
  -------------------------------------------------------------------    -------------------
    SLICE_X26Y22         FDRE (Prop_DFF2_SLICEL_C_Q)
                                                      0.073     1.807 r  mem_bd_i/axi_smc/inst/s01_entry_pipeline/s01_mmu/inst/w_sreg/m_vector_i_reg[1126]/Q
                         net (fo=1, routed)           0.153     1.960    mem_bd_i/axi_smc/inst/s01_nodes/s01_w_node/inst/inst_mi_handler/gen_normal_area.inst_fifo_node_payld/gen_xpm_memory_fifo.inst_fifo/gen_mem_rep[0].inst_xpm_memory/xpm_memory_base_inst/gen_wr_a.gen_word_narrow.mem_reg_0_31_126_139/DIC0
    SLICE_X24Y22         RAMD32                                       r  mem_bd_i/axi_smc/inst/s01_nodes/s01_w_node/inst/inst_mi_handler/gen_normal_area.inst_fifo_node_payld/gen_xpm_memory_fifo.inst_fifo/gen_mem_rep[0].inst_xpm_memory/xpm_memory_base_inst/gen_wr_a.gen_word_narrow.mem_reg_0_31_126_139/RAMC/I
  -------------------------------------------------------------------    -------------------

                         (clock clk_pl_0 rise edge)
                                                      0.000     0.000 r  
    PS8_X0Y0             PS8                          0.000     0.000 r  mem_bd_i/zynq_ps/inst/PS8_i/PLCLK[0]
                         net (fo=1, routed)           0.178     0.178    mem_bd_i/zynq_ps/inst/pl_clk_unbuffered[0]
    BUFG_PS_X0Y58        BUFG_PS (Prop_BUFG_PS_I_O)
                                                      0.029     0.207 r  mem_bd_i/zynq_ps/inst/buffer_pl_clk_0.PL_CLK_0_BUFG/O
    X0Y1 (CLOCK_ROOT)    net (fo=17960, routed)       1.821     2.028    mem_bd_i/axi_smc/inst/s01_nodes/s01_w_node/inst/inst_mi_handler/gen_normal_area.inst_fifo_node_payld/gen_xpm_memory_fifo.inst_fifo/gen_mem_rep[0].inst_xpm_memory/xpm_memory_base_inst/gen_wr_a.gen_word_narrow.mem_reg_0_31_126_139/WCLK
    SLICE_X24Y22         RAMD32                                       r  mem_bd_i/axi_smc/inst/s01_nodes/s01_w_node/inst/inst_mi_handler/gen_normal_area.inst_fifo_node_payld/gen_xpm_memory_fifo.inst_fifo/gen_mem_rep[0].inst_xpm_memory/xpm_memory_base_inst/gen_wr_a.gen_word_narrow.mem_reg_0_31_126_139/RAMC/CLK
                         clock pessimism             -0.161     1.867    
    SLICE_X24Y22         RAMD32 (Hold_C5LUT_SLICEM_CLK_I)
                                                      0.082     1.949    mem_bd_i/axi_smc/inst/s01_nodes/s01_w_node/inst/inst_mi_handler/gen_normal_area.inst_fifo_node_payld/gen_xpm_memory_fifo.inst_fifo/gen_mem_rep[0].inst_xpm_memory/xpm_memory_base_inst/gen_wr_a.gen_word_narrow.mem_reg_0_31_126_139/RAMC
  -------------------------------------------------------------------
                         required time                         -1.949    
                         arrival time                           1.960    
  -------------------------------------------------------------------
                         slack                                  0.011    





Pulse Width Checks
--------------------------------------------------------------------------------------
Clock Name:         clk_pl_0
Waveform(ns):       { 0.000 10.000 }
Period(ns):         20.000
Sources:            { mem_bd_i/zynq_ps/inst/PS8_i/PLCLK[0] }

Check Type        Corner  Lib Pin             Reference Pin  Required(ns)  Actual(ns)  Slack(ns)  Location     Pin
Min Period        n/a     PS8/MAXIGP0ACLK     n/a            3.000         20.000      17.000     PS8_X0Y0     mem_bd_i/zynq_ps/inst/PS8_i/MAXIGP0ACLK
Min Period        n/a     PS8/MAXIGP2ACLK     n/a            3.000         20.000      17.000     PS8_X0Y0     mem_bd_i/zynq_ps/inst/PS8_i/MAXIGP2ACLK
Min Period        n/a     PS8/SAXIGP2RCLK     n/a            3.000         20.000      17.000     PS8_X0Y0     mem_bd_i/zynq_ps/inst/PS8_i/SAXIGP2RCLK
Min Period        n/a     PS8/SAXIGP2WCLK     n/a            3.000         20.000      17.000     PS8_X0Y0     mem_bd_i/zynq_ps/inst/PS8_i/SAXIGP2WCLK
Min Period        n/a     RAMB36E2/CLKARDCLK  n/a            1.550         20.000      18.450     RAMB36_X1Y4  mem_bd_i/axi_dma_0/U0/I_PRMRY_DATAMOVER/GEN_MM2S_FULL.I_MM2S_FULL_WRAPPER/GEN_INCLUDE_MM2S_SF.I_RD_SF/I_DATA_FIFO/BLK_MEM.I_SYNC_FIFOGEN_FIFO/xpm_fifo_instance.xpm_fifo_sync_inst/xpm_fifo_base_inst/gen_sdpram.xpm_memory_base_inst/gen_wr_a.gen_word_narrow.mem_reg_0/CLKARDCLK
Min Period        n/a     RAMB36E2/CLKBWRCLK  n/a            1.550         20.000      18.450     RAMB36_X1Y4  mem_bd_i/axi_dma_0/U0/I_PRMRY_DATAMOVER/GEN_MM2S_FULL.I_MM2S_FULL_WRAPPER/GEN_INCLUDE_MM2S_SF.I_RD_SF/I_DATA_FIFO/BLK_MEM.I_SYNC_FIFOGEN_FIFO/xpm_fifo_instance.xpm_fifo_sync_inst/xpm_fifo_base_inst/gen_sdpram.xpm_memory_base_inst/gen_wr_a.gen_word_narrow.mem_reg_0/CLKBWRCLK
Min Period        n/a     RAMB36E2/CLKARDCLK  n/a            1.550         20.000      18.450     RAMB36_X1Y5  mem_bd_i/axi_dma_0/U0/I_PRMRY_DATAMOVER/GEN_MM2S_FULL.I_MM2S_FULL_WRAPPER/GEN_INCLUDE_MM2S_SF.I_RD_SF/I_DATA_FIFO/BLK_MEM.I_SYNC_FIFOGEN_FIFO/xpm_fifo_instance.xpm_fifo_sync_inst/xpm_fifo_base_inst/gen_sdpram.xpm_memory_base_inst/gen_wr_a.gen_word_narrow.mem_reg_1/CLKARDCLK
Min Period        n/a     RAMB36E2/CLKBWRCLK  n/a            1.550         20.000      18.450     RAMB36_X1Y5  mem_bd_i/axi_dma_0/U0/I_PRMRY_DATAMOVER/GEN_MM2S_FULL.I_MM2S_FULL_WRAPPER/GEN_INCLUDE_MM2S_SF.I_RD_SF/I_DATA_FIFO/BLK_MEM.I_SYNC_FIFOGEN_FIFO/xpm_fifo_instance.xpm_fifo_sync_inst/xpm_fifo_base_inst/gen_sdpram.xpm_memory_base_inst/gen_wr_a.gen_word_narrow.mem_reg_1/CLKBWRCLK
Min Period        n/a     RAMB36E2/CLKARDCLK  n/a            1.550         20.000      18.450     RAMB36_X1Y6  mem_bd_i/axi_dma_0/U0/I_PRMRY_DATAMOVER/GEN_MM2S_FULL.I_MM2S_FULL_WRAPPER/GEN_INCLUDE_MM2S_SF.I_RD_SF/I_DATA_FIFO/BLK_MEM.I_SYNC_FIFOGEN_FIFO/xpm_fifo_instance.xpm_fifo_sync_inst/xpm_fifo_base_inst/gen_sdpram.xpm_memory_base_inst/gen_wr_a.gen_word_narrow.mem_reg_2/CLKARDCLK
Min Period        n/a     RAMB36E2/CLKBWRCLK  n/a            1.550         20.000      18.450     RAMB36_X1Y6  mem_bd_i/axi_dma_0/U0/I_PRMRY_DATAMOVER/GEN_MM2S_FULL.I_MM2S_FULL_WRAPPER/GEN_INCLUDE_MM2S_SF.I_RD_SF/I_DATA_FIFO/BLK_MEM.I_SYNC_FIFOGEN_FIFO/xpm_fifo_instance.xpm_fifo_sync_inst/xpm_fifo_base_inst/gen_sdpram.xpm_memory_base_inst/gen_wr_a.gen_word_narrow.mem_reg_2/CLKBWRCLK
Low Pulse Width   Slow    PS8/MAXIGP0ACLK     n/a            1.500         10.000      8.500      PS8_X0Y0     mem_bd_i/zynq_ps/inst/PS8_i/MAXIGP0ACLK
Low Pulse Width   Fast    PS8/MAXIGP0ACLK     n/a            1.500         10.000      8.500      PS8_X0Y0     mem_bd_i/zynq_ps/inst/PS8_i/MAXIGP0ACLK
Low Pulse Width   Slow    PS8/MAXIGP2ACLK     n/a            1.500         10.000      8.500      PS8_X0Y0     mem_bd_i/zynq_ps/inst/PS8_i/MAXIGP2ACLK
Low Pulse Width   Fast    PS8/MAXIGP2ACLK     n/a            1.500         10.000      8.500      PS8_X0Y0     mem_bd_i/zynq_ps/inst/PS8_i/MAXIGP2ACLK
Low Pulse Width   Slow    PS8/SAXIGP2RCLK     n/a            1.500         10.000      8.500      PS8_X0Y0     mem_bd_i/zynq_ps/inst/PS8_i/SAXIGP2RCLK
Low Pulse Width   Fast    PS8/SAXIGP2RCLK     n/a            1.500         10.000      8.500      PS8_X0Y0     mem_bd_i/zynq_ps/inst/PS8_i/SAXIGP2RCLK
Low Pulse Width   Slow    PS8/SAXIGP2WCLK     n/a            1.500         10.000      8.500      PS8_X0Y0     mem_bd_i/zynq_ps/inst/PS8_i/SAXIGP2WCLK
Low Pulse Width   Fast    PS8/SAXIGP2WCLK     n/a            1.500         10.000      8.500      PS8_X0Y0     mem_bd_i/zynq_ps/inst/PS8_i/SAXIGP2WCLK
Low Pulse Width   Slow    SRL16E/CLK          n/a            0.573         10.000      9.427      SLICE_X9Y45  mem_bd_i/axi_dma_0/U0/I_PRMRY_DATAMOVER/GEN_MM2S_FULL.I_MM2S_FULL_WRAPPER/I_ADDR_CNTL/GEN_ADDR_FIFO.I_ADDR_QUAL_FIFO/USE_SRL_FIFO.I_SYNC_FIFO/I_SRL_FIFO_RBU_F/DYNSHREG_F_I/INFERRED_GEN.data_reg[3][11]_srl4/CLK
Low Pulse Width   Fast    SRL16E/CLK          n/a            0.573         10.000      9.427      SLICE_X9Y45  mem_bd_i/axi_dma_0/U0/I_PRMRY_DATAMOVER/GEN_MM2S_FULL.I_MM2S_FULL_WRAPPER/I_ADDR_CNTL/GEN_ADDR_FIFO.I_ADDR_QUAL_FIFO/USE_SRL_FIFO.I_SYNC_FIFO/I_SRL_FIFO_RBU_F/DYNSHREG_F_I/INFERRED_GEN.data_reg[3][11]_srl4/CLK
High Pulse Width  Slow    PS8/MAXIGP0ACLK     n/a            1.500         10.000      8.500      PS8_X0Y0     mem_bd_i/zynq_ps/inst/PS8_i/MAXIGP0ACLK
High Pulse Width  Fast    PS8/MAXIGP0ACLK     n/a            1.500         10.000      8.500      PS8_X0Y0     mem_bd_i/zynq_ps/inst/PS8_i/MAXIGP0ACLK
High Pulse Width  Slow    PS8/MAXIGP2ACLK     n/a            1.500         10.000      8.500      PS8_X0Y0     mem_bd_i/zynq_ps/inst/PS8_i/MAXIGP2ACLK
High Pulse Width  Fast    PS8/MAXIGP2ACLK     n/a            1.500         10.000      8.500      PS8_X0Y0     mem_bd_i/zynq_ps/inst/PS8_i/MAXIGP2ACLK
High Pulse Width  Slow    PS8/SAXIGP2RCLK     n/a            1.500         10.000      8.500      PS8_X0Y0     mem_bd_i/zynq_ps/inst/PS8_i/SAXIGP2RCLK
High Pulse Width  Fast    PS8/SAXIGP2RCLK     n/a            1.500         10.000      8.500      PS8_X0Y0     mem_bd_i/zynq_ps/inst/PS8_i/SAXIGP2RCLK
High Pulse Width  Slow    PS8/SAXIGP2WCLK     n/a            1.500         10.000      8.500      PS8_X0Y0     mem_bd_i/zynq_ps/inst/PS8_i/SAXIGP2WCLK
High Pulse Width  Fast    PS8/SAXIGP2WCLK     n/a            1.500         10.000      8.500      PS8_X0Y0     mem_bd_i/zynq_ps/inst/PS8_i/SAXIGP2WCLK
High Pulse Width  Slow    SRL16E/CLK          n/a            0.573         10.000      9.427      SLICE_X9Y45  mem_bd_i/axi_dma_0/U0/I_PRMRY_DATAMOVER/GEN_MM2S_FULL.I_MM2S_FULL_WRAPPER/I_ADDR_CNTL/GEN_ADDR_FIFO.I_ADDR_QUAL_FIFO/USE_SRL_FIFO.I_SYNC_FIFO/I_SRL_FIFO_RBU_F/DYNSHREG_F_I/INFERRED_GEN.data_reg[3][11]_srl4/CLK
High Pulse Width  Fast    SRL16E/CLK          n/a            0.573         10.000      9.427      SLICE_X9Y45  mem_bd_i/axi_dma_0/U0/I_PRMRY_DATAMOVER/GEN_MM2S_FULL.I_MM2S_FULL_WRAPPER/I_ADDR_CNTL/GEN_ADDR_FIFO.I_ADDR_QUAL_FIFO/USE_SRL_FIFO.I_SYNC_FIFO/I_SRL_FIFO_RBU_F/DYNSHREG_F_I/INFERRED_GEN.data_reg[3][11]_srl4/CLK



---------------------------------------------------------------------------------------------------
Path Group:  **async_default**
From Clock:  clk_pl_0
  To Clock:  clk_pl_0

Setup :            0  Failing Endpoints,  Worst Slack       17.532ns,  Total Violation        0.000ns
Hold  :            0  Failing Endpoints,  Worst Slack        0.132ns,  Total Violation        0.000ns
---------------------------------------------------------------------------------------------------


Max Delay Paths
--------------------------------------------------------------------------------------
Slack (MET) :             17.532ns  (required time - arrival time)
  Source:                 mem_bd_i/proc_sys_reset_0/U0/ACTIVE_LOW_PR_OUT_DFF[0].FDRE_PER_N/C
                            (rising edge-triggered cell FDRE clocked by clk_pl_0  {rise@0.000ns fall@10.000ns period=20.000ns})
  Destination:            mem_bd_i/mem_top_0/inst/u_mem_ctrl/oc_din_reg[23]/CLR
                            (recovery check against rising-edge clock clk_pl_0  {rise@0.000ns fall@10.000ns period=20.000ns})
  Path Group:             **async_default**
  Path Type:              Recovery (Max at Slow Process Corner)
  Requirement:            20.000ns  (clk_pl_0 rise@20.000ns - clk_pl_0 rise@0.000ns)
  Data Path Delay:        1.998ns  (logic 0.096ns (4.806%)  route 1.902ns (95.194%))
  Logic Levels:           0  
  Clock Path Skew:        -0.169ns (DCD - SCD + CPR)
    Destination Clock Delay (DCD):    1.727ns = ( 21.727 - 20.000 ) 
    Source Clock Delay      (SCD):    2.003ns
    Clock Pessimism Removal (CPR):    0.107ns
  Clock Uncertainty:      0.229ns  ((TSJ^2 + DJ^2)^1/2) / 2 + PE
    Total System Jitter     (TSJ):    0.071ns
    Discrete Jitter          (DJ):    0.453ns
    Phase Error              (PE):    0.000ns
  Clock Net Delay (Source):      1.796ns (routing 0.638ns, distribution 1.158ns)
  Clock Net Delay (Destination): 1.560ns (routing 0.576ns, distribution 0.984ns)

    Location             Delay type                Incr(ns)  Path(ns)    Netlist Resource(s)
  -------------------------------------------------------------------    -------------------
                         (clock clk_pl_0 rise edge)
                                                      0.000     0.000 r  
    PS8_X0Y0             PS8                          0.000     0.000 r  mem_bd_i/zynq_ps/inst/PS8_i/PLCLK[0]
                         net (fo=1, routed)           0.178     0.178    mem_bd_i/zynq_ps/inst/pl_clk_unbuffered[0]
    BUFG_PS_X0Y58        BUFG_PS (Prop_BUFG_PS_I_O)
                                                      0.029     0.207 r  mem_bd_i/zynq_ps/inst/buffer_pl_clk_0.PL_CLK_0_BUFG/O
    X0Y1 (CLOCK_ROOT)    net (fo=17960, routed)       1.796     2.003    mem_bd_i/proc_sys_reset_0/U0/slowest_sync_clk
    SLICE_X21Y63         FDRE                                         r  mem_bd_i/proc_sys_reset_0/U0/ACTIVE_LOW_PR_OUT_DFF[0].FDRE_PER_N/C
  -------------------------------------------------------------------    -------------------
    SLICE_X21Y63         FDRE (Prop_EFF_SLICEL_C_Q)
                                                      0.096     2.099 r  mem_bd_i/proc_sys_reset_0/U0/ACTIVE_LOW_PR_OUT_DFF[0].FDRE_PER_N/Q
                         net (fo=776, routed)         1.902     4.001    mem_bd_i/mem_top_0/inst/u_mem_ctrl/SR[0]
    SLICE_X18Y44         FDCE                                         f  mem_bd_i/mem_top_0/inst/u_mem_ctrl/oc_din_reg[23]/CLR  (IS_INVERTED)
  -------------------------------------------------------------------    -------------------

                         (clock clk_pl_0 rise edge)
                                                     20.000    20.000 r  
    PS8_X0Y0             PS8                          0.000    20.000 r  mem_bd_i/zynq_ps/inst/PS8_i/PLCLK[0]
                         net (fo=1, routed)           0.140    20.140    mem_bd_i/zynq_ps/inst/pl_clk_unbuffered[0]
    BUFG_PS_X0Y58        BUFG_PS (Prop_BUFG_PS_I_O)
                                                      0.027    20.167 r  mem_bd_i/zynq_ps/inst/buffer_pl_clk_0.PL_CLK_0_BUFG/O
    X0Y1 (CLOCK_ROOT)    net (fo=17960, routed)       1.560    21.727    mem_bd_i/mem_top_0/inst/u_mem_ctrl/s00_axi_aclk
    SLICE_X18Y44         FDCE                                         r  mem_bd_i/mem_top_0/inst/u_mem_ctrl/oc_din_reg[23]/C
                         clock pessimism              0.107    21.834    
                         clock uncertainty           -0.229    21.605    
    SLICE_X18Y44         FDCE (Recov_AFF_SLICEL_C_CLR)
                                                     -0.072    21.533    mem_bd_i/mem_top_0/inst/u_mem_ctrl/oc_din_reg[23]
  -------------------------------------------------------------------
                         required time                         21.533    
                         arrival time                          -4.001    
  -------------------------------------------------------------------
                         slack                                 17.532    

Slack (MET) :             17.632ns  (required time - arrival time)
  Source:                 mem_bd_i/proc_sys_reset_0/U0/ACTIVE_LOW_PR_OUT_DFF[0].FDRE_PER_N/C
                            (rising edge-triggered cell FDRE clocked by clk_pl_0  {rise@0.000ns fall@10.000ns period=20.000ns})
  Destination:            mem_bd_i/mem_top_0/inst/u_mem_ctrl/oc_din_reg[20]/CLR
                            (recovery check against rising-edge clock clk_pl_0  {rise@0.000ns fall@10.000ns period=20.000ns})
  Path Group:             **async_default**
  Path Type:              Recovery (Max at Slow Process Corner)
  Requirement:            20.000ns  (clk_pl_0 rise@20.000ns - clk_pl_0 rise@0.000ns)
  Data Path Delay:        1.909ns  (logic 0.096ns (5.030%)  route 1.813ns (94.970%))
  Logic Levels:           0  
  Clock Path Skew:        -0.158ns (DCD - SCD + CPR)
    Destination Clock Delay (DCD):    1.738ns = ( 21.738 - 20.000 ) 
    Source Clock Delay      (SCD):    2.003ns
    Clock Pessimism Removal (CPR):    0.107ns
  Clock Uncertainty:      0.229ns  ((TSJ^2 + DJ^2)^1/2) / 2 + PE
    Total System Jitter     (TSJ):    0.071ns
    Discrete Jitter          (DJ):    0.453ns
    Phase Error              (PE):    0.000ns
  Clock Net Delay (Source):      1.796ns (routing 0.638ns, distribution 1.158ns)
  Clock Net Delay (Destination): 1.571ns (routing 0.576ns, distribution 0.995ns)

    Location             Delay type                Incr(ns)  Path(ns)    Netlist Resource(s)
  -------------------------------------------------------------------    -------------------
                         (clock clk_pl_0 rise edge)
                                                      0.000     0.000 r  
    PS8_X0Y0             PS8                          0.000     0.000 r  mem_bd_i/zynq_ps/inst/PS8_i/PLCLK[0]
                         net (fo=1, routed)           0.178     0.178    mem_bd_i/zynq_ps/inst/pl_clk_unbuffered[0]
    BUFG_PS_X0Y58        BUFG_PS (Prop_BUFG_PS_I_O)
                                                      0.029     0.207 r  mem_bd_i/zynq_ps/inst/buffer_pl_clk_0.PL_CLK_0_BUFG/O
    X0Y1 (CLOCK_ROOT)    net (fo=17960, routed)       1.796     2.003    mem_bd_i/proc_sys_reset_0/U0/slowest_sync_clk
    SLICE_X21Y63         FDRE                                         r  mem_bd_i/proc_sys_reset_0/U0/ACTIVE_LOW_PR_OUT_DFF[0].FDRE_PER_N/C
  -------------------------------------------------------------------    -------------------
    SLICE_X21Y63         FDRE (Prop_EFF_SLICEL_C_Q)
                                                      0.096     2.099 r  mem_bd_i/proc_sys_reset_0/U0/ACTIVE_LOW_PR_OUT_DFF[0].FDRE_PER_N/Q
                         net (fo=776, routed)         1.813     3.912    mem_bd_i/mem_top_0/inst/u_mem_ctrl/SR[0]
    SLICE_X16Y44         FDCE                                         f  mem_bd_i/mem_top_0/inst/u_mem_ctrl/oc_din_reg[20]/CLR  (IS_INVERTED)
  -------------------------------------------------------------------    -------------------

                         (clock clk_pl_0 rise edge)
                                                     20.000    20.000 r  
    PS8_X0Y0             PS8                          0.000    20.000 r  mem_bd_i/zynq_ps/inst/PS8_i/PLCLK[0]
                         net (fo=1, routed)           0.140    20.140    mem_bd_i/zynq_ps/inst/pl_clk_unbuffered[0]
    BUFG_PS_X0Y58        BUFG_PS (Prop_BUFG_PS_I_O)
                                                      0.027    20.167 r  mem_bd_i/zynq_ps/inst/buffer_pl_clk_0.PL_CLK_0_BUFG/O
    X0Y1 (CLOCK_ROOT)    net (fo=17960, routed)       1.571    21.738    mem_bd_i/mem_top_0/inst/u_mem_ctrl/s00_axi_aclk
    SLICE_X16Y44         FDCE                                         r  mem_bd_i/mem_top_0/inst/u_mem_ctrl/oc_din_reg[20]/C
                         clock pessimism              0.107    21.845    
                         clock uncertainty           -0.229    21.616    
    SLICE_X16Y44         FDCE (Recov_EFF_SLICEM_C_CLR)
                                                     -0.072    21.544    mem_bd_i/mem_top_0/inst/u_mem_ctrl/oc_din_reg[20]
  -------------------------------------------------------------------
                         required time                         21.544    
                         arrival time                          -3.912    
  -------------------------------------------------------------------
                         slack                                 17.632    

Slack (MET) :             17.642ns  (required time - arrival time)
  Source:                 mem_bd_i/proc_sys_reset_0/U0/ACTIVE_LOW_PR_OUT_DFF[0].FDRE_PER_N/C
                            (rising edge-triggered cell FDRE clocked by clk_pl_0  {rise@0.000ns fall@10.000ns period=20.000ns})
  Destination:            mem_bd_i/mem_top_0/inst/u_mem_ctrl/oc_din_reg[14]/CLR
                            (recovery check against rising-edge clock clk_pl_0  {rise@0.000ns fall@10.000ns period=20.000ns})
  Path Group:             **async_default**
  Path Type:              Recovery (Max at Slow Process Corner)
  Requirement:            20.000ns  (clk_pl_0 rise@20.000ns - clk_pl_0 rise@0.000ns)
  Data Path Delay:        1.894ns  (logic 0.096ns (5.070%)  route 1.798ns (94.930%))
  Logic Levels:           0  
  Clock Path Skew:        -0.163ns (DCD - SCD + CPR)
    Destination Clock Delay (DCD):    1.733ns = ( 21.733 - 20.000 ) 
    Source Clock Delay      (SCD):    2.003ns
    Clock Pessimism Removal (CPR):    0.107ns
  Clock Uncertainty:      0.229ns  ((TSJ^2 + DJ^2)^1/2) / 2 + PE
    Total System Jitter     (TSJ):    0.071ns
    Discrete Jitter          (DJ):    0.453ns
    Phase Error              (PE):    0.000ns
  Clock Net Delay (Source):      1.796ns (routing 0.638ns, distribution 1.158ns)
  Clock Net Delay (Destination): 1.566ns (routing 0.576ns, distribution 0.990ns)

    Location             Delay type                Incr(ns)  Path(ns)    Netlist Resource(s)
  -------------------------------------------------------------------    -------------------
                         (clock clk_pl_0 rise edge)
                                                      0.000     0.000 r  
    PS8_X0Y0             PS8                          0.000     0.000 r  mem_bd_i/zynq_ps/inst/PS8_i/PLCLK[0]
                         net (fo=1, routed)           0.178     0.178    mem_bd_i/zynq_ps/inst/pl_clk_unbuffered[0]
    BUFG_PS_X0Y58        BUFG_PS (Prop_BUFG_PS_I_O)
                                                      0.029     0.207 r  mem_bd_i/zynq_ps/inst/buffer_pl_clk_0.PL_CLK_0_BUFG/O
    X0Y1 (CLOCK_ROOT)    net (fo=17960, routed)       1.796     2.003    mem_bd_i/proc_sys_reset_0/U0/slowest_sync_clk
    SLICE_X21Y63         FDRE                                         r  mem_bd_i/proc_sys_reset_0/U0/ACTIVE_LOW_PR_OUT_DFF[0].FDRE_PER_N/C
  -------------------------------------------------------------------    -------------------
    SLICE_X21Y63         FDRE (Prop_EFF_SLICEL_C_Q)
                                                      0.096     2.099 r  mem_bd_i/proc_sys_reset_0/U0/ACTIVE_LOW_PR_OUT_DFF[0].FDRE_PER_N/Q
                         net (fo=776, routed)         1.798     3.897    mem_bd_i/mem_top_0/inst/u_mem_ctrl/SR[0]
    SLICE_X17Y44         FDCE                                         f  mem_bd_i/mem_top_0/inst/u_mem_ctrl/oc_din_reg[14]/CLR  (IS_INVERTED)
  -------------------------------------------------------------------    -------------------

                         (clock clk_pl_0 rise edge)
                                                     20.000    20.000 r  
    PS8_X0Y0             PS8                          0.000    20.000 r  mem_bd_i/zynq_ps/inst/PS8_i/PLCLK[0]
                         net (fo=1, routed)           0.140    20.140    mem_bd_i/zynq_ps/inst/pl_clk_unbuffered[0]
    BUFG_PS_X0Y58        BUFG_PS (Prop_BUFG_PS_I_O)
                                                      0.027    20.167 r  mem_bd_i/zynq_ps/inst/buffer_pl_clk_0.PL_CLK_0_BUFG/O
    X0Y1 (CLOCK_ROOT)    net (fo=17960, routed)       1.566    21.733    mem_bd_i/mem_top_0/inst/u_mem_ctrl/s00_axi_aclk
    SLICE_X17Y44         FDCE                                         r  mem_bd_i/mem_top_0/inst/u_mem_ctrl/oc_din_reg[14]/C
                         clock pessimism              0.107    21.840    
                         clock uncertainty           -0.229    21.611    
    SLICE_X17Y44         FDCE (Recov_AFF_SLICEL_C_CLR)
                                                     -0.072    21.539    mem_bd_i/mem_top_0/inst/u_mem_ctrl/oc_din_reg[14]
  -------------------------------------------------------------------
                         required time                         21.539    
                         arrival time                          -3.897    
  -------------------------------------------------------------------
                         slack                                 17.642    

Slack (MET) :             17.642ns  (required time - arrival time)
  Source:                 mem_bd_i/proc_sys_reset_0/U0/ACTIVE_LOW_PR_OUT_DFF[0].FDRE_PER_N/C
                            (rising edge-triggered cell FDRE clocked by clk_pl_0  {rise@0.000ns fall@10.000ns period=20.000ns})
  Destination:            mem_bd_i/mem_top_0/inst/u_mem_ctrl/oc_din_reg[24]/CLR
                            (recovery check against rising-edge clock clk_pl_0  {rise@0.000ns fall@10.000ns period=20.000ns})
  Path Group:             **async_default**
  Path Type:              Recovery (Max at Slow Process Corner)
  Requirement:            20.000ns  (clk_pl_0 rise@20.000ns - clk_pl_0 rise@0.000ns)
  Data Path Delay:        1.894ns  (logic 0.096ns (5.070%)  route 1.798ns (94.930%))
  Logic Levels:           0  
  Clock Path Skew:        -0.163ns (DCD - SCD + CPR)
    Destination Clock Delay (DCD):    1.733ns = ( 21.733 - 20.000 ) 
    Source Clock Delay      (SCD):    2.003ns
    Clock Pessimism Removal (CPR):    0.107ns
  Clock Uncertainty:      0.229ns  ((TSJ^2 + DJ^2)^1/2) / 2 + PE
    Total System Jitter     (TSJ):    0.071ns
    Discrete Jitter          (DJ):    0.453ns
    Phase Error              (PE):    0.000ns
  Clock Net Delay (Source):      1.796ns (routing 0.638ns, distribution 1.158ns)
  Clock Net Delay (Destination): 1.566ns (routing 0.576ns, distribution 0.990ns)

    Location             Delay type                Incr(ns)  Path(ns)    Netlist Resource(s)
  -------------------------------------------------------------------    -------------------
                         (clock clk_pl_0 rise edge)
                                                      0.000     0.000 r  
    PS8_X0Y0             PS8                          0.000     0.000 r  mem_bd_i/zynq_ps/inst/PS8_i/PLCLK[0]
                         net (fo=1, routed)           0.178     0.178    mem_bd_i/zynq_ps/inst/pl_clk_unbuffered[0]
    BUFG_PS_X0Y58        BUFG_PS (Prop_BUFG_PS_I_O)
                                                      0.029     0.207 r  mem_bd_i/zynq_ps/inst/buffer_pl_clk_0.PL_CLK_0_BUFG/O
    X0Y1 (CLOCK_ROOT)    net (fo=17960, routed)       1.796     2.003    mem_bd_i/proc_sys_reset_0/U0/slowest_sync_clk
    SLICE_X21Y63         FDRE                                         r  mem_bd_i/proc_sys_reset_0/U0/ACTIVE_LOW_PR_OUT_DFF[0].FDRE_PER_N/C
  -------------------------------------------------------------------    -------------------
    SLICE_X21Y63         FDRE (Prop_EFF_SLICEL_C_Q)
                                                      0.096     2.099 r  mem_bd_i/proc_sys_reset_0/U0/ACTIVE_LOW_PR_OUT_DFF[0].FDRE_PER_N/Q
                         net (fo=776, routed)         1.798     3.897    mem_bd_i/mem_top_0/inst/u_mem_ctrl/SR[0]
    SLICE_X17Y44         FDCE                                         f  mem_bd_i/mem_top_0/inst/u_mem_ctrl/oc_din_reg[24]/CLR  (IS_INVERTED)
  -------------------------------------------------------------------    -------------------

                         (clock clk_pl_0 rise edge)
                                                     20.000    20.000 r  
    PS8_X0Y0             PS8                          0.000    20.000 r  mem_bd_i/zynq_ps/inst/PS8_i/PLCLK[0]
                         net (fo=1, routed)           0.140    20.140    mem_bd_i/zynq_ps/inst/pl_clk_unbuffered[0]
    BUFG_PS_X0Y58        BUFG_PS (Prop_BUFG_PS_I_O)
                                                      0.027    20.167 r  mem_bd_i/zynq_ps/inst/buffer_pl_clk_0.PL_CLK_0_BUFG/O
    X0Y1 (CLOCK_ROOT)    net (fo=17960, routed)       1.566    21.733    mem_bd_i/mem_top_0/inst/u_mem_ctrl/s00_axi_aclk
    SLICE_X17Y44         FDCE                                         r  mem_bd_i/mem_top_0/inst/u_mem_ctrl/oc_din_reg[24]/C
                         clock pessimism              0.107    21.840    
                         clock uncertainty           -0.229    21.611    
    SLICE_X17Y44         FDCE (Recov_AFF2_SLICEL_C_CLR)
                                                     -0.072    21.539    mem_bd_i/mem_top_0/inst/u_mem_ctrl/oc_din_reg[24]
  -------------------------------------------------------------------
                         required time                         21.539    
                         arrival time                          -3.897    
  -------------------------------------------------------------------
                         slack                                 17.642    

Slack (MET) :             17.642ns  (required time - arrival time)
  Source:                 mem_bd_i/proc_sys_reset_0/U0/ACTIVE_LOW_PR_OUT_DFF[0].FDRE_PER_N/C
                            (rising edge-triggered cell FDRE clocked by clk_pl_0  {rise@0.000ns fall@10.000ns period=20.000ns})
  Destination:            mem_bd_i/mem_top_0/inst/u_mem_ctrl/oc_din_reg[25]/CLR
                            (recovery check against rising-edge clock clk_pl_0  {rise@0.000ns fall@10.000ns period=20.000ns})
  Path Group:             **async_default**
  Path Type:              Recovery (Max at Slow Process Corner)
  Requirement:            20.000ns  (clk_pl_0 rise@20.000ns - clk_pl_0 rise@0.000ns)
  Data Path Delay:        1.894ns  (logic 0.096ns (5.070%)  route 1.798ns (94.930%))
  Logic Levels:           0  
  Clock Path Skew:        -0.163ns (DCD - SCD + CPR)
    Destination Clock Delay (DCD):    1.733ns = ( 21.733 - 20.000 ) 
    Source Clock Delay      (SCD):    2.003ns
    Clock Pessimism Removal (CPR):    0.107ns
  Clock Uncertainty:      0.229ns  ((TSJ^2 + DJ^2)^1/2) / 2 + PE
    Total System Jitter     (TSJ):    0.071ns
    Discrete Jitter          (DJ):    0.453ns
    Phase Error              (PE):    0.000ns
  Clock Net Delay (Source):      1.796ns (routing 0.638ns, distribution 1.158ns)
  Clock Net Delay (Destination): 1.566ns (routing 0.576ns, distribution 0.990ns)

    Location             Delay type                Incr(ns)  Path(ns)    Netlist Resource(s)
  -------------------------------------------------------------------    -------------------
                         (clock clk_pl_0 rise edge)
                                                      0.000     0.000 r  
    PS8_X0Y0             PS8                          0.000     0.000 r  mem_bd_i/zynq_ps/inst/PS8_i/PLCLK[0]
                         net (fo=1, routed)           0.178     0.178    mem_bd_i/zynq_ps/inst/pl_clk_unbuffered[0]
    BUFG_PS_X0Y58        BUFG_PS (Prop_BUFG_PS_I_O)
                                                      0.029     0.207 r  mem_bd_i/zynq_ps/inst/buffer_pl_clk_0.PL_CLK_0_BUFG/O
    X0Y1 (CLOCK_ROOT)    net (fo=17960, routed)       1.796     2.003    mem_bd_i/proc_sys_reset_0/U0/slowest_sync_clk
    SLICE_X21Y63         FDRE                                         r  mem_bd_i/proc_sys_reset_0/U0/ACTIVE_LOW_PR_OUT_DFF[0].FDRE_PER_N/C
  -------------------------------------------------------------------    -------------------
    SLICE_X21Y63         FDRE (Prop_EFF_SLICEL_C_Q)
                                                      0.096     2.099 r  mem_bd_i/proc_sys_reset_0/U0/ACTIVE_LOW_PR_OUT_DFF[0].FDRE_PER_N/Q
                         net (fo=776, routed)         1.798     3.897    mem_bd_i/mem_top_0/inst/u_mem_ctrl/SR[0]
    SLICE_X17Y44         FDCE                                         f  mem_bd_i/mem_top_0/inst/u_mem_ctrl/oc_din_reg[25]/CLR  (IS_INVERTED)
  -------------------------------------------------------------------    -------------------

                         (clock clk_pl_0 rise edge)
                                                     20.000    20.000 r  
    PS8_X0Y0             PS8                          0.000    20.000 r  mem_bd_i/zynq_ps/inst/PS8_i/PLCLK[0]
                         net (fo=1, routed)           0.140    20.140    mem_bd_i/zynq_ps/inst/pl_clk_unbuffered[0]
    BUFG_PS_X0Y58        BUFG_PS (Prop_BUFG_PS_I_O)
                                                      0.027    20.167 r  mem_bd_i/zynq_ps/inst/buffer_pl_clk_0.PL_CLK_0_BUFG/O
    X0Y1 (CLOCK_ROOT)    net (fo=17960, routed)       1.566    21.733    mem_bd_i/mem_top_0/inst/u_mem_ctrl/s00_axi_aclk
    SLICE_X17Y44         FDCE                                         r  mem_bd_i/mem_top_0/inst/u_mem_ctrl/oc_din_reg[25]/C
                         clock pessimism              0.107    21.840    
                         clock uncertainty           -0.229    21.611    
    SLICE_X17Y44         FDCE (Recov_BFF_SLICEL_C_CLR)
                                                     -0.072    21.539    mem_bd_i/mem_top_0/inst/u_mem_ctrl/oc_din_reg[25]
  -------------------------------------------------------------------
                         required time                         21.539    
                         arrival time                          -3.897    
  -------------------------------------------------------------------
                         slack                                 17.642    

Slack (MET) :             17.811ns  (required time - arrival time)
  Source:                 mem_bd_i/proc_sys_reset_0/U0/ACTIVE_LOW_PR_OUT_DFF[0].FDRE_PER_N/C
                            (rising edge-triggered cell FDRE clocked by clk_pl_0  {rise@0.000ns fall@10.000ns period=20.000ns})
  Destination:            mem_bd_i/mem_top_0/inst/u_mem_ctrl/oc_din_reg[10]/CLR
                            (recovery check against rising-edge clock clk_pl_0  {rise@0.000ns fall@10.000ns period=20.000ns})
  Path Group:             **async_default**
  Path Type:              Recovery (Max at Slow Process Corner)
  Requirement:            20.000ns  (clk_pl_0 rise@20.000ns - clk_pl_0 rise@0.000ns)
  Data Path Delay:        1.703ns  (logic 0.096ns (5.638%)  route 1.607ns (94.362%))
  Logic Levels:           0  
  Clock Path Skew:        -0.185ns (DCD - SCD + CPR)
    Destination Clock Delay (DCD):    1.711ns = ( 21.711 - 20.000 ) 
    Source Clock Delay      (SCD):    2.003ns
    Clock Pessimism Removal (CPR):    0.107ns
  Clock Uncertainty:      0.229ns  ((TSJ^2 + DJ^2)^1/2) / 2 + PE
    Total System Jitter     (TSJ):    0.071ns
    Discrete Jitter          (DJ):    0.453ns
    Phase Error              (PE):    0.000ns
  Clock Net Delay (Source):      1.796ns (routing 0.638ns, distribution 1.158ns)
  Clock Net Delay (Destination): 1.544ns (routing 0.576ns, distribution 0.968ns)

    Location             Delay type                Incr(ns)  Path(ns)    Netlist Resource(s)
  -------------------------------------------------------------------    -------------------
                         (clock clk_pl_0 rise edge)
                                                      0.000     0.000 r  
    PS8_X0Y0             PS8                          0.000     0.000 r  mem_bd_i/zynq_ps/inst/PS8_i/PLCLK[0]
                         net (fo=1, routed)           0.178     0.178    mem_bd_i/zynq_ps/inst/pl_clk_unbuffered[0]
    BUFG_PS_X0Y58        BUFG_PS (Prop_BUFG_PS_I_O)
                                                      0.029     0.207 r  mem_bd_i/zynq_ps/inst/buffer_pl_clk_0.PL_CLK_0_BUFG/O
    X0Y1 (CLOCK_ROOT)    net (fo=17960, routed)       1.796     2.003    mem_bd_i/proc_sys_reset_0/U0/slowest_sync_clk
    SLICE_X21Y63         FDRE                                         r  mem_bd_i/proc_sys_reset_0/U0/ACTIVE_LOW_PR_OUT_DFF[0].FDRE_PER_N/C
  -------------------------------------------------------------------    -------------------
    SLICE_X21Y63         FDRE (Prop_EFF_SLICEL_C_Q)
                                                      0.096     2.099 r  mem_bd_i/proc_sys_reset_0/U0/ACTIVE_LOW_PR_OUT_DFF[0].FDRE_PER_N/Q
                         net (fo=776, routed)         1.607     3.706    mem_bd_i/mem_top_0/inst/u_mem_ctrl/SR[0]
    SLICE_X14Y44         FDCE                                         f  mem_bd_i/mem_top_0/inst/u_mem_ctrl/oc_din_reg[10]/CLR  (IS_INVERTED)
  -------------------------------------------------------------------    -------------------

                         (clock clk_pl_0 rise edge)
                                                     20.000    20.000 r  
    PS8_X0Y0             PS8                          0.000    20.000 r  mem_bd_i/zynq_ps/inst/PS8_i/PLCLK[0]
                         net (fo=1, routed)           0.140    20.140    mem_bd_i/zynq_ps/inst/pl_clk_unbuffered[0]
    BUFG_PS_X0Y58        BUFG_PS (Prop_BUFG_PS_I_O)
                                                      0.027    20.167 r  mem_bd_i/zynq_ps/inst/buffer_pl_clk_0.PL_CLK_0_BUFG/O
    X0Y1 (CLOCK_ROOT)    net (fo=17960, routed)       1.544    21.711    mem_bd_i/mem_top_0/inst/u_mem_ctrl/s00_axi_aclk
    SLICE_X14Y44         FDCE                                         r  mem_bd_i/mem_top_0/inst/u_mem_ctrl/oc_din_reg[10]/C
                         clock pessimism              0.107    21.818    
                         clock uncertainty           -0.229    21.589    
    SLICE_X14Y44         FDCE (Recov_AFF_SLICEM_C_CLR)
                                                     -0.072    21.517    mem_bd_i/mem_top_0/inst/u_mem_ctrl/oc_din_reg[10]
  -------------------------------------------------------------------
                         required time                         21.517    
                         arrival time                          -3.706    
  -------------------------------------------------------------------
                         slack                                 17.811    

Slack (MET) :             17.811ns  (required time - arrival time)
  Source:                 mem_bd_i/proc_sys_reset_0/U0/ACTIVE_LOW_PR_OUT_DFF[0].FDRE_PER_N/C
                            (rising edge-triggered cell FDRE clocked by clk_pl_0  {rise@0.000ns fall@10.000ns period=20.000ns})
  Destination:            mem_bd_i/mem_top_0/inst/u_mem_ctrl/oc_din_reg[11]/CLR
                            (recovery check against rising-edge clock clk_pl_0  {rise@0.000ns fall@10.000ns period=20.000ns})
  Path Group:             **async_default**
  Path Type:              Recovery (Max at Slow Process Corner)
  Requirement:            20.000ns  (clk_pl_0 rise@20.000ns - clk_pl_0 rise@0.000ns)
  Data Path Delay:        1.703ns  (logic 0.096ns (5.638%)  route 1.607ns (94.362%))
  Logic Levels:           0  
  Clock Path Skew:        -0.185ns (DCD - SCD + CPR)
    Destination Clock Delay (DCD):    1.711ns = ( 21.711 - 20.000 ) 
    Source Clock Delay      (SCD):    2.003ns
    Clock Pessimism Removal (CPR):    0.107ns
  Clock Uncertainty:      0.229ns  ((TSJ^2 + DJ^2)^1/2) / 2 + PE
    Total System Jitter     (TSJ):    0.071ns
    Discrete Jitter          (DJ):    0.453ns
    Phase Error              (PE):    0.000ns
  Clock Net Delay (Source):      1.796ns (routing 0.638ns, distribution 1.158ns)
  Clock Net Delay (Destination): 1.544ns (routing 0.576ns, distribution 0.968ns)

    Location             Delay type                Incr(ns)  Path(ns)    Netlist Resource(s)
  -------------------------------------------------------------------    -------------------
                         (clock clk_pl_0 rise edge)
                                                      0.000     0.000 r  
    PS8_X0Y0             PS8                          0.000     0.000 r  mem_bd_i/zynq_ps/inst/PS8_i/PLCLK[0]
                         net (fo=1, routed)           0.178     0.178    mem_bd_i/zynq_ps/inst/pl_clk_unbuffered[0]
    BUFG_PS_X0Y58        BUFG_PS (Prop_BUFG_PS_I_O)
                                                      0.029     0.207 r  mem_bd_i/zynq_ps/inst/buffer_pl_clk_0.PL_CLK_0_BUFG/O
    X0Y1 (CLOCK_ROOT)    net (fo=17960, routed)       1.796     2.003    mem_bd_i/proc_sys_reset_0/U0/slowest_sync_clk
    SLICE_X21Y63         FDRE                                         r  mem_bd_i/proc_sys_reset_0/U0/ACTIVE_LOW_PR_OUT_DFF[0].FDRE_PER_N/C
  -------------------------------------------------------------------    -------------------
    SLICE_X21Y63         FDRE (Prop_EFF_SLICEL_C_Q)
                                                      0.096     2.099 r  mem_bd_i/proc_sys_reset_0/U0/ACTIVE_LOW_PR_OUT_DFF[0].FDRE_PER_N/Q
                         net (fo=776, routed)         1.607     3.706    mem_bd_i/mem_top_0/inst/u_mem_ctrl/SR[0]
    SLICE_X14Y44         FDCE                                         f  mem_bd_i/mem_top_0/inst/u_mem_ctrl/oc_din_reg[11]/CLR  (IS_INVERTED)
  -------------------------------------------------------------------    -------------------

                         (clock clk_pl_0 rise edge)
                                                     20.000    20.000 r  
    PS8_X0Y0             PS8                          0.000    20.000 r  mem_bd_i/zynq_ps/inst/PS8_i/PLCLK[0]
                         net (fo=1, routed)           0.140    20.140    mem_bd_i/zynq_ps/inst/pl_clk_unbuffered[0]
    BUFG_PS_X0Y58        BUFG_PS (Prop_BUFG_PS_I_O)
                                                      0.027    20.167 r  mem_bd_i/zynq_ps/inst/buffer_pl_clk_0.PL_CLK_0_BUFG/O
    X0Y1 (CLOCK_ROOT)    net (fo=17960, routed)       1.544    21.711    mem_bd_i/mem_top_0/inst/u_mem_ctrl/s00_axi_aclk
    SLICE_X14Y44         FDCE                                         r  mem_bd_i/mem_top_0/inst/u_mem_ctrl/oc_din_reg[11]/C
                         clock pessimism              0.107    21.818    
                         clock uncertainty           -0.229    21.589    
    SLICE_X14Y44         FDCE (Recov_AFF2_SLICEM_C_CLR)
                                                     -0.072    21.517    mem_bd_i/mem_top_0/inst/u_mem_ctrl/oc_din_reg[11]
  -------------------------------------------------------------------
                         required time                         21.517    
                         arrival time                          -3.706    
  -------------------------------------------------------------------
                         slack                                 17.811    

Slack (MET) :             17.811ns  (required time - arrival time)
  Source:                 mem_bd_i/proc_sys_reset_0/U0/ACTIVE_LOW_PR_OUT_DFF[0].FDRE_PER_N/C
                            (rising edge-triggered cell FDRE clocked by clk_pl_0  {rise@0.000ns fall@10.000ns period=20.000ns})
  Destination:            mem_bd_i/mem_top_0/inst/u_mem_ctrl/oc_din_reg[12]/CLR
                            (recovery check against rising-edge clock clk_pl_0  {rise@0.000ns fall@10.000ns period=20.000ns})
  Path Group:             **async_default**
  Path Type:              Recovery (Max at Slow Process Corner)
  Requirement:            20.000ns  (clk_pl_0 rise@20.000ns - clk_pl_0 rise@0.000ns)
  Data Path Delay:        1.703ns  (logic 0.096ns (5.638%)  route 1.607ns (94.362%))
  Logic Levels:           0  
  Clock Path Skew:        -0.185ns (DCD - SCD + CPR)
    Destination Clock Delay (DCD):    1.711ns = ( 21.711 - 20.000 ) 
    Source Clock Delay      (SCD):    2.003ns
    Clock Pessimism Removal (CPR):    0.107ns
  Clock Uncertainty:      0.229ns  ((TSJ^2 + DJ^2)^1/2) / 2 + PE
    Total System Jitter     (TSJ):    0.071ns
    Discrete Jitter          (DJ):    0.453ns
    Phase Error              (PE):    0.000ns
  Clock Net Delay (Source):      1.796ns (routing 0.638ns, distribution 1.158ns)
  Clock Net Delay (Destination): 1.544ns (routing 0.576ns, distribution 0.968ns)

    Location             Delay type                Incr(ns)  Path(ns)    Netlist Resource(s)
  -------------------------------------------------------------------    -------------------
                         (clock clk_pl_0 rise edge)
                                                      0.000     0.000 r  
    PS8_X0Y0             PS8                          0.000     0.000 r  mem_bd_i/zynq_ps/inst/PS8_i/PLCLK[0]
                         net (fo=1, routed)           0.178     0.178    mem_bd_i/zynq_ps/inst/pl_clk_unbuffered[0]
    BUFG_PS_X0Y58        BUFG_PS (Prop_BUFG_PS_I_O)
                                                      0.029     0.207 r  mem_bd_i/zynq_ps/inst/buffer_pl_clk_0.PL_CLK_0_BUFG/O
    X0Y1 (CLOCK_ROOT)    net (fo=17960, routed)       1.796     2.003    mem_bd_i/proc_sys_reset_0/U0/slowest_sync_clk
    SLICE_X21Y63         FDRE                                         r  mem_bd_i/proc_sys_reset_0/U0/ACTIVE_LOW_PR_OUT_DFF[0].FDRE_PER_N/C
  -------------------------------------------------------------------    -------------------
    SLICE_X21Y63         FDRE (Prop_EFF_SLICEL_C_Q)
                                                      0.096     2.099 r  mem_bd_i/proc_sys_reset_0/U0/ACTIVE_LOW_PR_OUT_DFF[0].FDRE_PER_N/Q
                         net (fo=776, routed)         1.607     3.706    mem_bd_i/mem_top_0/inst/u_mem_ctrl/SR[0]
    SLICE_X14Y44         FDCE                                         f  mem_bd_i/mem_top_0/inst/u_mem_ctrl/oc_din_reg[12]/CLR  (IS_INVERTED)
  -------------------------------------------------------------------    -------------------

                         (clock clk_pl_0 rise edge)
                                                     20.000    20.000 r  
    PS8_X0Y0             PS8                          0.000    20.000 r  mem_bd_i/zynq_ps/inst/PS8_i/PLCLK[0]
                         net (fo=1, routed)           0.140    20.140    mem_bd_i/zynq_ps/inst/pl_clk_unbuffered[0]
    BUFG_PS_X0Y58        BUFG_PS (Prop_BUFG_PS_I_O)
                                                      0.027    20.167 r  mem_bd_i/zynq_ps/inst/buffer_pl_clk_0.PL_CLK_0_BUFG/O
    X0Y1 (CLOCK_ROOT)    net (fo=17960, routed)       1.544    21.711    mem_bd_i/mem_top_0/inst/u_mem_ctrl/s00_axi_aclk
    SLICE_X14Y44         FDCE                                         r  mem_bd_i/mem_top_0/inst/u_mem_ctrl/oc_din_reg[12]/C
                         clock pessimism              0.107    21.818    
                         clock uncertainty           -0.229    21.589    
    SLICE_X14Y44         FDCE (Recov_BFF_SLICEM_C_CLR)
                                                     -0.072    21.517    mem_bd_i/mem_top_0/inst/u_mem_ctrl/oc_din_reg[12]
  -------------------------------------------------------------------
                         required time                         21.517    
                         arrival time                          -3.706    
  -------------------------------------------------------------------
                         slack                                 17.811    

Slack (MET) :             17.811ns  (required time - arrival time)
  Source:                 mem_bd_i/proc_sys_reset_0/U0/ACTIVE_LOW_PR_OUT_DFF[0].FDRE_PER_N/C
                            (rising edge-triggered cell FDRE clocked by clk_pl_0  {rise@0.000ns fall@10.000ns period=20.000ns})
  Destination:            mem_bd_i/mem_top_0/inst/u_mem_ctrl/oc_din_reg[13]/CLR
                            (recovery check against rising-edge clock clk_pl_0  {rise@0.000ns fall@10.000ns period=20.000ns})
  Path Group:             **async_default**
  Path Type:              Recovery (Max at Slow Process Corner)
  Requirement:            20.000ns  (clk_pl_0 rise@20.000ns - clk_pl_0 rise@0.000ns)
  Data Path Delay:        1.703ns  (logic 0.096ns (5.638%)  route 1.607ns (94.362%))
  Logic Levels:           0  
  Clock Path Skew:        -0.185ns (DCD - SCD + CPR)
    Destination Clock Delay (DCD):    1.711ns = ( 21.711 - 20.000 ) 
    Source Clock Delay      (SCD):    2.003ns
    Clock Pessimism Removal (CPR):    0.107ns
  Clock Uncertainty:      0.229ns  ((TSJ^2 + DJ^2)^1/2) / 2 + PE
    Total System Jitter     (TSJ):    0.071ns
    Discrete Jitter          (DJ):    0.453ns
    Phase Error              (PE):    0.000ns
  Clock Net Delay (Source):      1.796ns (routing 0.638ns, distribution 1.158ns)
  Clock Net Delay (Destination): 1.544ns (routing 0.576ns, distribution 0.968ns)

    Location             Delay type                Incr(ns)  Path(ns)    Netlist Resource(s)
  -------------------------------------------------------------------    -------------------
                         (clock clk_pl_0 rise edge)
                                                      0.000     0.000 r  
    PS8_X0Y0             PS8                          0.000     0.000 r  mem_bd_i/zynq_ps/inst/PS8_i/PLCLK[0]
                         net (fo=1, routed)           0.178     0.178    mem_bd_i/zynq_ps/inst/pl_clk_unbuffered[0]
    BUFG_PS_X0Y58        BUFG_PS (Prop_BUFG_PS_I_O)
                                                      0.029     0.207 r  mem_bd_i/zynq_ps/inst/buffer_pl_clk_0.PL_CLK_0_BUFG/O
    X0Y1 (CLOCK_ROOT)    net (fo=17960, routed)       1.796     2.003    mem_bd_i/proc_sys_reset_0/U0/slowest_sync_clk
    SLICE_X21Y63         FDRE                                         r  mem_bd_i/proc_sys_reset_0/U0/ACTIVE_LOW_PR_OUT_DFF[0].FDRE_PER_N/C
  -------------------------------------------------------------------    -------------------
    SLICE_X21Y63         FDRE (Prop_EFF_SLICEL_C_Q)
                                                      0.096     2.099 r  mem_bd_i/proc_sys_reset_0/U0/ACTIVE_LOW_PR_OUT_DFF[0].FDRE_PER_N/Q
                         net (fo=776, routed)         1.607     3.706    mem_bd_i/mem_top_0/inst/u_mem_ctrl/SR[0]
    SLICE_X14Y44         FDCE                                         f  mem_bd_i/mem_top_0/inst/u_mem_ctrl/oc_din_reg[13]/CLR  (IS_INVERTED)
  -------------------------------------------------------------------    -------------------

                         (clock clk_pl_0 rise edge)
                                                     20.000    20.000 r  
    PS8_X0Y0             PS8                          0.000    20.000 r  mem_bd_i/zynq_ps/inst/PS8_i/PLCLK[0]
                         net (fo=1, routed)           0.140    20.140    mem_bd_i/zynq_ps/inst/pl_clk_unbuffered[0]
    BUFG_PS_X0Y58        BUFG_PS (Prop_BUFG_PS_I_O)
                                                      0.027    20.167 r  mem_bd_i/zynq_ps/inst/buffer_pl_clk_0.PL_CLK_0_BUFG/O
    X0Y1 (CLOCK_ROOT)    net (fo=17960, routed)       1.544    21.711    mem_bd_i/mem_top_0/inst/u_mem_ctrl/s00_axi_aclk
    SLICE_X14Y44         FDCE                                         r  mem_bd_i/mem_top_0/inst/u_mem_ctrl/oc_din_reg[13]/C
                         clock pessimism              0.107    21.818    
                         clock uncertainty           -0.229    21.589    
    SLICE_X14Y44         FDCE (Recov_BFF2_SLICEM_C_CLR)
                                                     -0.072    21.517    mem_bd_i/mem_top_0/inst/u_mem_ctrl/oc_din_reg[13]
  -------------------------------------------------------------------
                         required time                         21.517    
                         arrival time                          -3.706    
  -------------------------------------------------------------------
                         slack                                 17.811    

Slack (MET) :             17.811ns  (required time - arrival time)
  Source:                 mem_bd_i/proc_sys_reset_0/U0/ACTIVE_LOW_PR_OUT_DFF[0].FDRE_PER_N/C
                            (rising edge-triggered cell FDRE clocked by clk_pl_0  {rise@0.000ns fall@10.000ns period=20.000ns})
  Destination:            mem_bd_i/mem_top_0/inst/u_mem_ctrl/oc_din_reg[16]/CLR
                            (recovery check against rising-edge clock clk_pl_0  {rise@0.000ns fall@10.000ns period=20.000ns})
  Path Group:             **async_default**
  Path Type:              Recovery (Max at Slow Process Corner)
  Requirement:            20.000ns  (clk_pl_0 rise@20.000ns - clk_pl_0 rise@0.000ns)
  Data Path Delay:        1.703ns  (logic 0.096ns (5.638%)  route 1.607ns (94.362%))
  Logic Levels:           0  
  Clock Path Skew:        -0.185ns (DCD - SCD + CPR)
    Destination Clock Delay (DCD):    1.711ns = ( 21.711 - 20.000 ) 
    Source Clock Delay      (SCD):    2.003ns
    Clock Pessimism Removal (CPR):    0.107ns
  Clock Uncertainty:      0.229ns  ((TSJ^2 + DJ^2)^1/2) / 2 + PE
    Total System Jitter     (TSJ):    0.071ns
    Discrete Jitter          (DJ):    0.453ns
    Phase Error              (PE):    0.000ns
  Clock Net Delay (Source):      1.796ns (routing 0.638ns, distribution 1.158ns)
  Clock Net Delay (Destination): 1.544ns (routing 0.576ns, distribution 0.968ns)

    Location             Delay type                Incr(ns)  Path(ns)    Netlist Resource(s)
  -------------------------------------------------------------------    -------------------
                         (clock clk_pl_0 rise edge)
                                                      0.000     0.000 r  
    PS8_X0Y0             PS8                          0.000     0.000 r  mem_bd_i/zynq_ps/inst/PS8_i/PLCLK[0]
                         net (fo=1, routed)           0.178     0.178    mem_bd_i/zynq_ps/inst/pl_clk_unbuffered[0]
    BUFG_PS_X0Y58        BUFG_PS (Prop_BUFG_PS_I_O)
                                                      0.029     0.207 r  mem_bd_i/zynq_ps/inst/buffer_pl_clk_0.PL_CLK_0_BUFG/O
    X0Y1 (CLOCK_ROOT)    net (fo=17960, routed)       1.796     2.003    mem_bd_i/proc_sys_reset_0/U0/slowest_sync_clk
    SLICE_X21Y63         FDRE                                         r  mem_bd_i/proc_sys_reset_0/U0/ACTIVE_LOW_PR_OUT_DFF[0].FDRE_PER_N/C
  -------------------------------------------------------------------    -------------------
    SLICE_X21Y63         FDRE (Prop_EFF_SLICEL_C_Q)
                                                      0.096     2.099 r  mem_bd_i/proc_sys_reset_0/U0/ACTIVE_LOW_PR_OUT_DFF[0].FDRE_PER_N/Q
                         net (fo=776, routed)         1.607     3.706    mem_bd_i/mem_top_0/inst/u_mem_ctrl/SR[0]
    SLICE_X14Y44         FDCE                                         f  mem_bd_i/mem_top_0/inst/u_mem_ctrl/oc_din_reg[16]/CLR  (IS_INVERTED)
  -------------------------------------------------------------------    -------------------

                         (clock clk_pl_0 rise edge)
                                                     20.000    20.000 r  
    PS8_X0Y0             PS8                          0.000    20.000 r  mem_bd_i/zynq_ps/inst/PS8_i/PLCLK[0]
                         net (fo=1, routed)           0.140    20.140    mem_bd_i/zynq_ps/inst/pl_clk_unbuffered[0]
    BUFG_PS_X0Y58        BUFG_PS (Prop_BUFG_PS_I_O)
                                                      0.027    20.167 r  mem_bd_i/zynq_ps/inst/buffer_pl_clk_0.PL_CLK_0_BUFG/O
    X0Y1 (CLOCK_ROOT)    net (fo=17960, routed)       1.544    21.711    mem_bd_i/mem_top_0/inst/u_mem_ctrl/s00_axi_aclk
    SLICE_X14Y44         FDCE                                         r  mem_bd_i/mem_top_0/inst/u_mem_ctrl/oc_din_reg[16]/C
                         clock pessimism              0.107    21.818    
                         clock uncertainty           -0.229    21.589    
    SLICE_X14Y44         FDCE (Recov_CFF_SLICEM_C_CLR)
                                                     -0.072    21.517    mem_bd_i/mem_top_0/inst/u_mem_ctrl/oc_din_reg[16]
  -------------------------------------------------------------------
                         required time                         21.517    
                         arrival time                          -3.706    
  -------------------------------------------------------------------
                         slack                                 17.811    





Min Delay Paths
--------------------------------------------------------------------------------------
Slack (MET) :             0.132ns  (arrival time - required time)
  Source:                 mem_bd_i/proc_sys_reset_0/U0/ACTIVE_LOW_PR_OUT_DFF[0].FDRE_PER_N/C
                            (rising edge-triggered cell FDRE clocked by clk_pl_0  {rise@0.000ns fall@10.000ns period=20.000ns})
  Destination:            mem_bd_i/mem_top_0/inst/u_mem_ctrl/oc_addr_reg[4]/CLR
                            (removal check against rising-edge clock clk_pl_0  {rise@0.000ns fall@10.000ns period=20.000ns})
  Path Group:             **async_default**
  Path Type:              Removal (Min at Fast Process Corner)
  Requirement:            0.000ns  (clk_pl_0 rise@0.000ns - clk_pl_0 rise@0.000ns)
  Data Path Delay:        0.163ns  (logic 0.039ns (23.880%)  route 0.124ns (76.120%))
  Logic Levels:           0  
  Clock Path Skew:        0.051ns (DCD - SCD - CPR)
    Destination Clock Delay (DCD):    1.162ns
    Source Clock Delay      (SCD):    1.012ns
    Clock Pessimism Removal (CPR):    0.099ns
  Clock Net Delay (Source):      0.901ns (routing 0.324ns, distribution 0.577ns)
  Clock Net Delay (Destination): 1.024ns (routing 0.365ns, distribution 0.659ns)

    Location             Delay type                Incr(ns)  Path(ns)    Netlist Resource(s)
  -------------------------------------------------------------------    -------------------
                         (clock clk_pl_0 rise edge)
                                                      0.000     0.000 r  
    PS8_X0Y0             PS8                          0.000     0.000 r  mem_bd_i/zynq_ps/inst/PS8_i/PLCLK[0]
                         net (fo=1, routed)           0.094     0.094    mem_bd_i/zynq_ps/inst/pl_clk_unbuffered[0]
    BUFG_PS_X0Y58        BUFG_PS (Prop_BUFG_PS_I_O)
                                                      0.017     0.111 r  mem_bd_i/zynq_ps/inst/buffer_pl_clk_0.PL_CLK_0_BUFG/O
    X0Y1 (CLOCK_ROOT)    net (fo=17960, routed)       0.901     1.012    mem_bd_i/proc_sys_reset_0/U0/slowest_sync_clk
    SLICE_X21Y63         FDRE                                         r  mem_bd_i/proc_sys_reset_0/U0/ACTIVE_LOW_PR_OUT_DFF[0].FDRE_PER_N/C
  -------------------------------------------------------------------    -------------------
    SLICE_X21Y63         FDRE (Prop_EFF_SLICEL_C_Q)
                                                      0.039     1.051 r  mem_bd_i/proc_sys_reset_0/U0/ACTIVE_LOW_PR_OUT_DFF[0].FDRE_PER_N/Q
                         net (fo=776, routed)         0.124     1.175    mem_bd_i/mem_top_0/inst/u_mem_ctrl/SR[0]
    SLICE_X22Y63         FDCE                                         f  mem_bd_i/mem_top_0/inst/u_mem_ctrl/oc_addr_reg[4]/CLR  (IS_INVERTED)
  -------------------------------------------------------------------    -------------------

                         (clock clk_pl_0 rise edge)
                                                      0.000     0.000 r  
    PS8_X0Y0             PS8                          0.000     0.000 r  mem_bd_i/zynq_ps/inst/PS8_i/PLCLK[0]
                         net (fo=1, routed)           0.120     0.120    mem_bd_i/zynq_ps/inst/pl_clk_unbuffered[0]
    BUFG_PS_X0Y58        BUFG_PS (Prop_BUFG_PS_I_O)
                                                      0.018     0.138 r  mem_bd_i/zynq_ps/inst/buffer_pl_clk_0.PL_CLK_0_BUFG/O
    X0Y1 (CLOCK_ROOT)    net (fo=17960, routed)       1.024     1.162    mem_bd_i/mem_top_0/inst/u_mem_ctrl/s00_axi_aclk
    SLICE_X22Y63         FDCE                                         r  mem_bd_i/mem_top_0/inst/u_mem_ctrl/oc_addr_reg[4]/C
                         clock pessimism             -0.099     1.063    
    SLICE_X22Y63         FDCE (Remov_EFF_SLICEL_C_CLR)
                                                     -0.020     1.043    mem_bd_i/mem_top_0/inst/u_mem_ctrl/oc_addr_reg[4]
  -------------------------------------------------------------------
                         required time                         -1.043    
                         arrival time                           1.175    
  -------------------------------------------------------------------
                         slack                                  0.132    

Slack (MET) :             0.132ns  (arrival time - required time)
  Source:                 mem_bd_i/proc_sys_reset_0/U0/ACTIVE_LOW_PR_OUT_DFF[0].FDRE_PER_N/C
                            (rising edge-triggered cell FDRE clocked by clk_pl_0  {rise@0.000ns fall@10.000ns period=20.000ns})
  Destination:            mem_bd_i/mem_top_0/inst/u_mem_ctrl/oc_addr_reg[5]/CLR
                            (removal check against rising-edge clock clk_pl_0  {rise@0.000ns fall@10.000ns period=20.000ns})
  Path Group:             **async_default**
  Path Type:              Removal (Min at Fast Process Corner)
  Requirement:            0.000ns  (clk_pl_0 rise@0.000ns - clk_pl_0 rise@0.000ns)
  Data Path Delay:        0.163ns  (logic 0.039ns (23.880%)  route 0.124ns (76.120%))
  Logic Levels:           0  
  Clock Path Skew:        0.051ns (DCD - SCD - CPR)
    Destination Clock Delay (DCD):    1.162ns
    Source Clock Delay      (SCD):    1.012ns
    Clock Pessimism Removal (CPR):    0.099ns
  Clock Net Delay (Source):      0.901ns (routing 0.324ns, distribution 0.577ns)
  Clock Net Delay (Destination): 1.024ns (routing 0.365ns, distribution 0.659ns)

    Location             Delay type                Incr(ns)  Path(ns)    Netlist Resource(s)
  -------------------------------------------------------------------    -------------------
                         (clock clk_pl_0 rise edge)
                                                      0.000     0.000 r  
    PS8_X0Y0             PS8                          0.000     0.000 r  mem_bd_i/zynq_ps/inst/PS8_i/PLCLK[0]
                         net (fo=1, routed)           0.094     0.094    mem_bd_i/zynq_ps/inst/pl_clk_unbuffered[0]
    BUFG_PS_X0Y58        BUFG_PS (Prop_BUFG_PS_I_O)
                                                      0.017     0.111 r  mem_bd_i/zynq_ps/inst/buffer_pl_clk_0.PL_CLK_0_BUFG/O
    X0Y1 (CLOCK_ROOT)    net (fo=17960, routed)       0.901     1.012    mem_bd_i/proc_sys_reset_0/U0/slowest_sync_clk
    SLICE_X21Y63         FDRE                                         r  mem_bd_i/proc_sys_reset_0/U0/ACTIVE_LOW_PR_OUT_DFF[0].FDRE_PER_N/C
  -------------------------------------------------------------------    -------------------
    SLICE_X21Y63         FDRE (Prop_EFF_SLICEL_C_Q)
                                                      0.039     1.051 r  mem_bd_i/proc_sys_reset_0/U0/ACTIVE_LOW_PR_OUT_DFF[0].FDRE_PER_N/Q
                         net (fo=776, routed)         0.124     1.175    mem_bd_i/mem_top_0/inst/u_mem_ctrl/SR[0]
    SLICE_X22Y63         FDCE                                         f  mem_bd_i/mem_top_0/inst/u_mem_ctrl/oc_addr_reg[5]/CLR  (IS_INVERTED)
  -------------------------------------------------------------------    -------------------

                         (clock clk_pl_0 rise edge)
                                                      0.000     0.000 r  
    PS8_X0Y0             PS8                          0.000     0.000 r  mem_bd_i/zynq_ps/inst/PS8_i/PLCLK[0]
                         net (fo=1, routed)           0.120     0.120    mem_bd_i/zynq_ps/inst/pl_clk_unbuffered[0]
    BUFG_PS_X0Y58        BUFG_PS (Prop_BUFG_PS_I_O)
                                                      0.018     0.138 r  mem_bd_i/zynq_ps/inst/buffer_pl_clk_0.PL_CLK_0_BUFG/O
    X0Y1 (CLOCK_ROOT)    net (fo=17960, routed)       1.024     1.162    mem_bd_i/mem_top_0/inst/u_mem_ctrl/s00_axi_aclk
    SLICE_X22Y63         FDCE                                         r  mem_bd_i/mem_top_0/inst/u_mem_ctrl/oc_addr_reg[5]/C
                         clock pessimism             -0.099     1.063    
    SLICE_X22Y63         FDCE (Remov_FFF_SLICEL_C_CLR)
                                                     -0.020     1.043    mem_bd_i/mem_top_0/inst/u_mem_ctrl/oc_addr_reg[5]
  -------------------------------------------------------------------
                         required time                         -1.043    
                         arrival time                           1.175    
  -------------------------------------------------------------------
                         slack                                  0.132    

Slack (MET) :             0.132ns  (arrival time - required time)
  Source:                 mem_bd_i/proc_sys_reset_0/U0/ACTIVE_LOW_PR_OUT_DFF[0].FDRE_PER_N/C
                            (rising edge-triggered cell FDRE clocked by clk_pl_0  {rise@0.000ns fall@10.000ns period=20.000ns})
  Destination:            mem_bd_i/mem_top_0/inst/u_mem_ctrl/oc_addr_reg[6]/CLR
                            (removal check against rising-edge clock clk_pl_0  {rise@0.000ns fall@10.000ns period=20.000ns})
  Path Group:             **async_default**
  Path Type:              Removal (Min at Fast Process Corner)
  Requirement:            0.000ns  (clk_pl_0 rise@0.000ns - clk_pl_0 rise@0.000ns)
  Data Path Delay:        0.163ns  (logic 0.039ns (23.880%)  route 0.124ns (76.120%))
  Logic Levels:           0  
  Clock Path Skew:        0.051ns (DCD - SCD - CPR)
    Destination Clock Delay (DCD):    1.162ns
    Source Clock Delay      (SCD):    1.012ns
    Clock Pessimism Removal (CPR):    0.099ns
  Clock Net Delay (Source):      0.901ns (routing 0.324ns, distribution 0.577ns)
  Clock Net Delay (Destination): 1.024ns (routing 0.365ns, distribution 0.659ns)

    Location             Delay type                Incr(ns)  Path(ns)    Netlist Resource(s)
  -------------------------------------------------------------------    -------------------
                         (clock clk_pl_0 rise edge)
                                                      0.000     0.000 r  
    PS8_X0Y0             PS8                          0.000     0.000 r  mem_bd_i/zynq_ps/inst/PS8_i/PLCLK[0]
                         net (fo=1, routed)           0.094     0.094    mem_bd_i/zynq_ps/inst/pl_clk_unbuffered[0]
    BUFG_PS_X0Y58        BUFG_PS (Prop_BUFG_PS_I_O)
                                                      0.017     0.111 r  mem_bd_i/zynq_ps/inst/buffer_pl_clk_0.PL_CLK_0_BUFG/O
    X0Y1 (CLOCK_ROOT)    net (fo=17960, routed)       0.901     1.012    mem_bd_i/proc_sys_reset_0/U0/slowest_sync_clk
    SLICE_X21Y63         FDRE                                         r  mem_bd_i/proc_sys_reset_0/U0/ACTIVE_LOW_PR_OUT_DFF[0].FDRE_PER_N/C
  -------------------------------------------------------------------    -------------------
    SLICE_X21Y63         FDRE (Prop_EFF_SLICEL_C_Q)
                                                      0.039     1.051 r  mem_bd_i/proc_sys_reset_0/U0/ACTIVE_LOW_PR_OUT_DFF[0].FDRE_PER_N/Q
                         net (fo=776, routed)         0.124     1.175    mem_bd_i/mem_top_0/inst/u_mem_ctrl/SR[0]
    SLICE_X22Y63         FDCE                                         f  mem_bd_i/mem_top_0/inst/u_mem_ctrl/oc_addr_reg[6]/CLR  (IS_INVERTED)
  -------------------------------------------------------------------    -------------------

                         (clock clk_pl_0 rise edge)
                                                      0.000     0.000 r  
    PS8_X0Y0             PS8                          0.000     0.000 r  mem_bd_i/zynq_ps/inst/PS8_i/PLCLK[0]
                         net (fo=1, routed)           0.120     0.120    mem_bd_i/zynq_ps/inst/pl_clk_unbuffered[0]
    BUFG_PS_X0Y58        BUFG_PS (Prop_BUFG_PS_I_O)
                                                      0.018     0.138 r  mem_bd_i/zynq_ps/inst/buffer_pl_clk_0.PL_CLK_0_BUFG/O
    X0Y1 (CLOCK_ROOT)    net (fo=17960, routed)       1.024     1.162    mem_bd_i/mem_top_0/inst/u_mem_ctrl/s00_axi_aclk
    SLICE_X22Y63         FDCE                                         r  mem_bd_i/mem_top_0/inst/u_mem_ctrl/oc_addr_reg[6]/C
                         clock pessimism             -0.099     1.063    
    SLICE_X22Y63         FDCE (Remov_GFF_SLICEL_C_CLR)
                                                     -0.020     1.043    mem_bd_i/mem_top_0/inst/u_mem_ctrl/oc_addr_reg[6]
  -------------------------------------------------------------------
                         required time                         -1.043    
                         arrival time                           1.175    
  -------------------------------------------------------------------
                         slack                                  0.132    

Slack (MET) :             0.132ns  (arrival time - required time)
  Source:                 mem_bd_i/proc_sys_reset_0/U0/ACTIVE_LOW_PR_OUT_DFF[0].FDRE_PER_N/C
                            (rising edge-triggered cell FDRE clocked by clk_pl_0  {rise@0.000ns fall@10.000ns period=20.000ns})
  Destination:            mem_bd_i/mem_top_0/inst/u_mem_ctrl/oc_addr_reg[7]/CLR
                            (removal check against rising-edge clock clk_pl_0  {rise@0.000ns fall@10.000ns period=20.000ns})
  Path Group:             **async_default**
  Path Type:              Removal (Min at Fast Process Corner)
  Requirement:            0.000ns  (clk_pl_0 rise@0.000ns - clk_pl_0 rise@0.000ns)
  Data Path Delay:        0.163ns  (logic 0.039ns (23.880%)  route 0.124ns (76.120%))
  Logic Levels:           0  
  Clock Path Skew:        0.051ns (DCD - SCD - CPR)
    Destination Clock Delay (DCD):    1.162ns
    Source Clock Delay      (SCD):    1.012ns
    Clock Pessimism Removal (CPR):    0.099ns
  Clock Net Delay (Source):      0.901ns (routing 0.324ns, distribution 0.577ns)
  Clock Net Delay (Destination): 1.024ns (routing 0.365ns, distribution 0.659ns)

    Location             Delay type                Incr(ns)  Path(ns)    Netlist Resource(s)
  -------------------------------------------------------------------    -------------------
                         (clock clk_pl_0 rise edge)
                                                      0.000     0.000 r  
    PS8_X0Y0             PS8                          0.000     0.000 r  mem_bd_i/zynq_ps/inst/PS8_i/PLCLK[0]
                         net (fo=1, routed)           0.094     0.094    mem_bd_i/zynq_ps/inst/pl_clk_unbuffered[0]
    BUFG_PS_X0Y58        BUFG_PS (Prop_BUFG_PS_I_O)
                                                      0.017     0.111 r  mem_bd_i/zynq_ps/inst/buffer_pl_clk_0.PL_CLK_0_BUFG/O
    X0Y1 (CLOCK_ROOT)    net (fo=17960, routed)       0.901     1.012    mem_bd_i/proc_sys_reset_0/U0/slowest_sync_clk
    SLICE_X21Y63         FDRE                                         r  mem_bd_i/proc_sys_reset_0/U0/ACTIVE_LOW_PR_OUT_DFF[0].FDRE_PER_N/C
  -------------------------------------------------------------------    -------------------
    SLICE_X21Y63         FDRE (Prop_EFF_SLICEL_C_Q)
                                                      0.039     1.051 r  mem_bd_i/proc_sys_reset_0/U0/ACTIVE_LOW_PR_OUT_DFF[0].FDRE_PER_N/Q
                         net (fo=776, routed)         0.124     1.175    mem_bd_i/mem_top_0/inst/u_mem_ctrl/SR[0]
    SLICE_X22Y63         FDCE                                         f  mem_bd_i/mem_top_0/inst/u_mem_ctrl/oc_addr_reg[7]/CLR  (IS_INVERTED)
  -------------------------------------------------------------------    -------------------

                         (clock clk_pl_0 rise edge)
                                                      0.000     0.000 r  
    PS8_X0Y0             PS8                          0.000     0.000 r  mem_bd_i/zynq_ps/inst/PS8_i/PLCLK[0]
                         net (fo=1, routed)           0.120     0.120    mem_bd_i/zynq_ps/inst/pl_clk_unbuffered[0]
    BUFG_PS_X0Y58        BUFG_PS (Prop_BUFG_PS_I_O)
                                                      0.018     0.138 r  mem_bd_i/zynq_ps/inst/buffer_pl_clk_0.PL_CLK_0_BUFG/O
    X0Y1 (CLOCK_ROOT)    net (fo=17960, routed)       1.024     1.162    mem_bd_i/mem_top_0/inst/u_mem_ctrl/s00_axi_aclk
    SLICE_X22Y63         FDCE                                         r  mem_bd_i/mem_top_0/inst/u_mem_ctrl/oc_addr_reg[7]/C
                         clock pessimism             -0.099     1.063    
    SLICE_X22Y63         FDCE (Remov_HFF_SLICEL_C_CLR)
                                                     -0.020     1.043    mem_bd_i/mem_top_0/inst/u_mem_ctrl/oc_addr_reg[7]
  -------------------------------------------------------------------
                         required time                         -1.043    
                         arrival time                           1.175    
  -------------------------------------------------------------------
                         slack                                  0.132    

Slack (MET) :             0.136ns  (arrival time - required time)
  Source:                 mem_bd_i/proc_sys_reset_0/U0/ACTIVE_LOW_PR_OUT_DFF[0].FDRE_PER_N/C
                            (rising edge-triggered cell FDRE clocked by clk_pl_0  {rise@0.000ns fall@10.000ns period=20.000ns})
  Destination:            mem_bd_i/mem_top_0/inst/u_mem_ctrl/latched_oc_addr_reg[1]/CLR
                            (removal check against rising-edge clock clk_pl_0  {rise@0.000ns fall@10.000ns period=20.000ns})
  Path Group:             **async_default**
  Path Type:              Removal (Min at Fast Process Corner)
  Requirement:            0.000ns  (clk_pl_0 rise@0.000ns - clk_pl_0 rise@0.000ns)
  Data Path Delay:        0.163ns  (logic 0.039ns (23.880%)  route 0.124ns (76.120%))
  Logic Levels:           0  
  Clock Path Skew:        0.047ns (DCD - SCD - CPR)
    Destination Clock Delay (DCD):    1.158ns
    Source Clock Delay      (SCD):    1.012ns
    Clock Pessimism Removal (CPR):    0.099ns
  Clock Net Delay (Source):      0.901ns (routing 0.324ns, distribution 0.577ns)
  Clock Net Delay (Destination): 1.020ns (routing 0.365ns, distribution 0.655ns)

    Location             Delay type                Incr(ns)  Path(ns)    Netlist Resource(s)
  -------------------------------------------------------------------    -------------------
                         (clock clk_pl_0 rise edge)
                                                      0.000     0.000 r  
    PS8_X0Y0             PS8                          0.000     0.000 r  mem_bd_i/zynq_ps/inst/PS8_i/PLCLK[0]
                         net (fo=1, routed)           0.094     0.094    mem_bd_i/zynq_ps/inst/pl_clk_unbuffered[0]
    BUFG_PS_X0Y58        BUFG_PS (Prop_BUFG_PS_I_O)
                                                      0.017     0.111 r  mem_bd_i/zynq_ps/inst/buffer_pl_clk_0.PL_CLK_0_BUFG/O
    X0Y1 (CLOCK_ROOT)    net (fo=17960, routed)       0.901     1.012    mem_bd_i/proc_sys_reset_0/U0/slowest_sync_clk
    SLICE_X21Y63         FDRE                                         r  mem_bd_i/proc_sys_reset_0/U0/ACTIVE_LOW_PR_OUT_DFF[0].FDRE_PER_N/C
  -------------------------------------------------------------------    -------------------
    SLICE_X21Y63         FDRE (Prop_EFF_SLICEL_C_Q)
                                                      0.039     1.051 r  mem_bd_i/proc_sys_reset_0/U0/ACTIVE_LOW_PR_OUT_DFF[0].FDRE_PER_N/Q
                         net (fo=776, routed)         0.124     1.175    mem_bd_i/mem_top_0/inst/u_mem_ctrl/SR[0]
    SLICE_X23Y63         FDCE                                         f  mem_bd_i/mem_top_0/inst/u_mem_ctrl/latched_oc_addr_reg[1]/CLR  (IS_INVERTED)
  -------------------------------------------------------------------    -------------------

                         (clock clk_pl_0 rise edge)
                                                      0.000     0.000 r  
    PS8_X0Y0             PS8                          0.000     0.000 r  mem_bd_i/zynq_ps/inst/PS8_i/PLCLK[0]
                         net (fo=1, routed)           0.120     0.120    mem_bd_i/zynq_ps/inst/pl_clk_unbuffered[0]
    BUFG_PS_X0Y58        BUFG_PS (Prop_BUFG_PS_I_O)
                                                      0.018     0.138 r  mem_bd_i/zynq_ps/inst/buffer_pl_clk_0.PL_CLK_0_BUFG/O
    X0Y1 (CLOCK_ROOT)    net (fo=17960, routed)       1.020     1.158    mem_bd_i/mem_top_0/inst/u_mem_ctrl/s00_axi_aclk
    SLICE_X23Y63         FDCE                                         r  mem_bd_i/mem_top_0/inst/u_mem_ctrl/latched_oc_addr_reg[1]/C
                         clock pessimism             -0.099     1.059    
    SLICE_X23Y63         FDCE (Remov_AFF_SLICEL_C_CLR)
                                                     -0.020     1.039    mem_bd_i/mem_top_0/inst/u_mem_ctrl/latched_oc_addr_reg[1]
  -------------------------------------------------------------------
                         required time                         -1.039    
                         arrival time                           1.175    
  -------------------------------------------------------------------
                         slack                                  0.136    

Slack (MET) :             0.136ns  (arrival time - required time)
  Source:                 mem_bd_i/proc_sys_reset_0/U0/ACTIVE_LOW_PR_OUT_DFF[0].FDRE_PER_N/C
                            (rising edge-triggered cell FDRE clocked by clk_pl_0  {rise@0.000ns fall@10.000ns period=20.000ns})
  Destination:            mem_bd_i/mem_top_0/inst/u_mem_ctrl/latched_oc_addr_reg[2]/CLR
                            (removal check against rising-edge clock clk_pl_0  {rise@0.000ns fall@10.000ns period=20.000ns})
  Path Group:             **async_default**
  Path Type:              Removal (Min at Fast Process Corner)
  Requirement:            0.000ns  (clk_pl_0 rise@0.000ns - clk_pl_0 rise@0.000ns)
  Data Path Delay:        0.163ns  (logic 0.039ns (23.880%)  route 0.124ns (76.120%))
  Logic Levels:           0  
  Clock Path Skew:        0.047ns (DCD - SCD - CPR)
    Destination Clock Delay (DCD):    1.158ns
    Source Clock Delay      (SCD):    1.012ns
    Clock Pessimism Removal (CPR):    0.099ns
  Clock Net Delay (Source):      0.901ns (routing 0.324ns, distribution 0.577ns)
  Clock Net Delay (Destination): 1.020ns (routing 0.365ns, distribution 0.655ns)

    Location             Delay type                Incr(ns)  Path(ns)    Netlist Resource(s)
  -------------------------------------------------------------------    -------------------
                         (clock clk_pl_0 rise edge)
                                                      0.000     0.000 r  
    PS8_X0Y0             PS8                          0.000     0.000 r  mem_bd_i/zynq_ps/inst/PS8_i/PLCLK[0]
                         net (fo=1, routed)           0.094     0.094    mem_bd_i/zynq_ps/inst/pl_clk_unbuffered[0]
    BUFG_PS_X0Y58        BUFG_PS (Prop_BUFG_PS_I_O)
                                                      0.017     0.111 r  mem_bd_i/zynq_ps/inst/buffer_pl_clk_0.PL_CLK_0_BUFG/O
    X0Y1 (CLOCK_ROOT)    net (fo=17960, routed)       0.901     1.012    mem_bd_i/proc_sys_reset_0/U0/slowest_sync_clk
    SLICE_X21Y63         FDRE                                         r  mem_bd_i/proc_sys_reset_0/U0/ACTIVE_LOW_PR_OUT_DFF[0].FDRE_PER_N/C
  -------------------------------------------------------------------    -------------------
    SLICE_X21Y63         FDRE (Prop_EFF_SLICEL_C_Q)
                                                      0.039     1.051 r  mem_bd_i/proc_sys_reset_0/U0/ACTIVE_LOW_PR_OUT_DFF[0].FDRE_PER_N/Q
                         net (fo=776, routed)         0.124     1.175    mem_bd_i/mem_top_0/inst/u_mem_ctrl/SR[0]
    SLICE_X23Y63         FDCE                                         f  mem_bd_i/mem_top_0/inst/u_mem_ctrl/latched_oc_addr_reg[2]/CLR  (IS_INVERTED)
  -------------------------------------------------------------------    -------------------

                         (clock clk_pl_0 rise edge)
                                                      0.000     0.000 r  
    PS8_X0Y0             PS8                          0.000     0.000 r  mem_bd_i/zynq_ps/inst/PS8_i/PLCLK[0]
                         net (fo=1, routed)           0.120     0.120    mem_bd_i/zynq_ps/inst/pl_clk_unbuffered[0]
    BUFG_PS_X0Y58        BUFG_PS (Prop_BUFG_PS_I_O)
                                                      0.018     0.138 r  mem_bd_i/zynq_ps/inst/buffer_pl_clk_0.PL_CLK_0_BUFG/O
    X0Y1 (CLOCK_ROOT)    net (fo=17960, routed)       1.020     1.158    mem_bd_i/mem_top_0/inst/u_mem_ctrl/s00_axi_aclk
    SLICE_X23Y63         FDCE                                         r  mem_bd_i/mem_top_0/inst/u_mem_ctrl/latched_oc_addr_reg[2]/C
                         clock pessimism             -0.099     1.059    
    SLICE_X23Y63         FDCE (Remov_AFF2_SLICEL_C_CLR)
                                                     -0.020     1.039    mem_bd_i/mem_top_0/inst/u_mem_ctrl/latched_oc_addr_reg[2]
  -------------------------------------------------------------------
                         required time                         -1.039    
                         arrival time                           1.175    
  -------------------------------------------------------------------
                         slack                                  0.136    

Slack (MET) :             0.136ns  (arrival time - required time)
  Source:                 mem_bd_i/proc_sys_reset_0/U0/ACTIVE_LOW_PR_OUT_DFF[0].FDRE_PER_N/C
                            (rising edge-triggered cell FDRE clocked by clk_pl_0  {rise@0.000ns fall@10.000ns period=20.000ns})
  Destination:            mem_bd_i/mem_top_0/inst/u_mem_ctrl/latched_oc_addr_reg[3]/CLR
                            (removal check against rising-edge clock clk_pl_0  {rise@0.000ns fall@10.000ns period=20.000ns})
  Path Group:             **async_default**
  Path Type:              Removal (Min at Fast Process Corner)
  Requirement:            0.000ns  (clk_pl_0 rise@0.000ns - clk_pl_0 rise@0.000ns)
  Data Path Delay:        0.163ns  (logic 0.039ns (23.880%)  route 0.124ns (76.120%))
  Logic Levels:           0  
  Clock Path Skew:        0.047ns (DCD - SCD - CPR)
    Destination Clock Delay (DCD):    1.158ns
    Source Clock Delay      (SCD):    1.012ns
    Clock Pessimism Removal (CPR):    0.099ns
  Clock Net Delay (Source):      0.901ns (routing 0.324ns, distribution 0.577ns)
  Clock Net Delay (Destination): 1.020ns (routing 0.365ns, distribution 0.655ns)

    Location             Delay type                Incr(ns)  Path(ns)    Netlist Resource(s)
  -------------------------------------------------------------------    -------------------
                         (clock clk_pl_0 rise edge)
                                                      0.000     0.000 r  
    PS8_X0Y0             PS8                          0.000     0.000 r  mem_bd_i/zynq_ps/inst/PS8_i/PLCLK[0]
                         net (fo=1, routed)           0.094     0.094    mem_bd_i/zynq_ps/inst/pl_clk_unbuffered[0]
    BUFG_PS_X0Y58        BUFG_PS (Prop_BUFG_PS_I_O)
                                                      0.017     0.111 r  mem_bd_i/zynq_ps/inst/buffer_pl_clk_0.PL_CLK_0_BUFG/O
    X0Y1 (CLOCK_ROOT)    net (fo=17960, routed)       0.901     1.012    mem_bd_i/proc_sys_reset_0/U0/slowest_sync_clk
    SLICE_X21Y63         FDRE                                         r  mem_bd_i/proc_sys_reset_0/U0/ACTIVE_LOW_PR_OUT_DFF[0].FDRE_PER_N/C
  -------------------------------------------------------------------    -------------------
    SLICE_X21Y63         FDRE (Prop_EFF_SLICEL_C_Q)
                                                      0.039     1.051 r  mem_bd_i/proc_sys_reset_0/U0/ACTIVE_LOW_PR_OUT_DFF[0].FDRE_PER_N/Q
                         net (fo=776, routed)         0.124     1.175    mem_bd_i/mem_top_0/inst/u_mem_ctrl/SR[0]
    SLICE_X23Y63         FDCE                                         f  mem_bd_i/mem_top_0/inst/u_mem_ctrl/latched_oc_addr_reg[3]/CLR  (IS_INVERTED)
  -------------------------------------------------------------------    -------------------

                         (clock clk_pl_0 rise edge)
                                                      0.000     0.000 r  
    PS8_X0Y0             PS8                          0.000     0.000 r  mem_bd_i/zynq_ps/inst/PS8_i/PLCLK[0]
                         net (fo=1, routed)           0.120     0.120    mem_bd_i/zynq_ps/inst/pl_clk_unbuffered[0]
    BUFG_PS_X0Y58        BUFG_PS (Prop_BUFG_PS_I_O)
                                                      0.018     0.138 r  mem_bd_i/zynq_ps/inst/buffer_pl_clk_0.PL_CLK_0_BUFG/O
    X0Y1 (CLOCK_ROOT)    net (fo=17960, routed)       1.020     1.158    mem_bd_i/mem_top_0/inst/u_mem_ctrl/s00_axi_aclk
    SLICE_X23Y63         FDCE                                         r  mem_bd_i/mem_top_0/inst/u_mem_ctrl/latched_oc_addr_reg[3]/C
                         clock pessimism             -0.099     1.059    
    SLICE_X23Y63         FDCE (Remov_BFF_SLICEL_C_CLR)
                                                     -0.020     1.039    mem_bd_i/mem_top_0/inst/u_mem_ctrl/latched_oc_addr_reg[3]
  -------------------------------------------------------------------
                         required time                         -1.039    
                         arrival time                           1.175    
  -------------------------------------------------------------------
                         slack                                  0.136    

Slack (MET) :             0.136ns  (arrival time - required time)
  Source:                 mem_bd_i/proc_sys_reset_0/U0/ACTIVE_LOW_PR_OUT_DFF[0].FDRE_PER_N/C
                            (rising edge-triggered cell FDRE clocked by clk_pl_0  {rise@0.000ns fall@10.000ns period=20.000ns})
  Destination:            mem_bd_i/mem_top_0/inst/u_mem_ctrl/latched_oc_addr_reg[4]/CLR
                            (removal check against rising-edge clock clk_pl_0  {rise@0.000ns fall@10.000ns period=20.000ns})
  Path Group:             **async_default**
  Path Type:              Removal (Min at Fast Process Corner)
  Requirement:            0.000ns  (clk_pl_0 rise@0.000ns - clk_pl_0 rise@0.000ns)
  Data Path Delay:        0.163ns  (logic 0.039ns (23.880%)  route 0.124ns (76.120%))
  Logic Levels:           0  
  Clock Path Skew:        0.047ns (DCD - SCD - CPR)
    Destination Clock Delay (DCD):    1.158ns
    Source Clock Delay      (SCD):    1.012ns
    Clock Pessimism Removal (CPR):    0.099ns
  Clock Net Delay (Source):      0.901ns (routing 0.324ns, distribution 0.577ns)
  Clock Net Delay (Destination): 1.020ns (routing 0.365ns, distribution 0.655ns)

    Location             Delay type                Incr(ns)  Path(ns)    Netlist Resource(s)
  -------------------------------------------------------------------    -------------------
                         (clock clk_pl_0 rise edge)
                                                      0.000     0.000 r  
    PS8_X0Y0             PS8                          0.000     0.000 r  mem_bd_i/zynq_ps/inst/PS8_i/PLCLK[0]
                         net (fo=1, routed)           0.094     0.094    mem_bd_i/zynq_ps/inst/pl_clk_unbuffered[0]
    BUFG_PS_X0Y58        BUFG_PS (Prop_BUFG_PS_I_O)
                                                      0.017     0.111 r  mem_bd_i/zynq_ps/inst/buffer_pl_clk_0.PL_CLK_0_BUFG/O
    X0Y1 (CLOCK_ROOT)    net (fo=17960, routed)       0.901     1.012    mem_bd_i/proc_sys_reset_0/U0/slowest_sync_clk
    SLICE_X21Y63         FDRE                                         r  mem_bd_i/proc_sys_reset_0/U0/ACTIVE_LOW_PR_OUT_DFF[0].FDRE_PER_N/C
  -------------------------------------------------------------------    -------------------
    SLICE_X21Y63         FDRE (Prop_EFF_SLICEL_C_Q)
                                                      0.039     1.051 r  mem_bd_i/proc_sys_reset_0/U0/ACTIVE_LOW_PR_OUT_DFF[0].FDRE_PER_N/Q
                         net (fo=776, routed)         0.124     1.175    mem_bd_i/mem_top_0/inst/u_mem_ctrl/SR[0]
    SLICE_X23Y63         FDCE                                         f  mem_bd_i/mem_top_0/inst/u_mem_ctrl/latched_oc_addr_reg[4]/CLR  (IS_INVERTED)
  -------------------------------------------------------------------    -------------------

                         (clock clk_pl_0 rise edge)
                                                      0.000     0.000 r  
    PS8_X0Y0             PS8                          0.000     0.000 r  mem_bd_i/zynq_ps/inst/PS8_i/PLCLK[0]
                         net (fo=1, routed)           0.120     0.120    mem_bd_i/zynq_ps/inst/pl_clk_unbuffered[0]
    BUFG_PS_X0Y58        BUFG_PS (Prop_BUFG_PS_I_O)
                                                      0.018     0.138 r  mem_bd_i/zynq_ps/inst/buffer_pl_clk_0.PL_CLK_0_BUFG/O
    X0Y1 (CLOCK_ROOT)    net (fo=17960, routed)       1.020     1.158    mem_bd_i/mem_top_0/inst/u_mem_ctrl/s00_axi_aclk
    SLICE_X23Y63         FDCE                                         r  mem_bd_i/mem_top_0/inst/u_mem_ctrl/latched_oc_addr_reg[4]/C
                         clock pessimism             -0.099     1.059    
    SLICE_X23Y63         FDCE (Remov_BFF2_SLICEL_C_CLR)
                                                     -0.020     1.039    mem_bd_i/mem_top_0/inst/u_mem_ctrl/latched_oc_addr_reg[4]
  -------------------------------------------------------------------
                         required time                         -1.039    
                         arrival time                           1.175    
  -------------------------------------------------------------------
                         slack                                  0.136    

Slack (MET) :             0.136ns  (arrival time - required time)
  Source:                 mem_bd_i/proc_sys_reset_0/U0/ACTIVE_LOW_PR_OUT_DFF[0].FDRE_PER_N/C
                            (rising edge-triggered cell FDRE clocked by clk_pl_0  {rise@0.000ns fall@10.000ns period=20.000ns})
  Destination:            mem_bd_i/mem_top_0/inst/u_mem_ctrl/latched_oc_addr_reg[5]/CLR
                            (removal check against rising-edge clock clk_pl_0  {rise@0.000ns fall@10.000ns period=20.000ns})
  Path Group:             **async_default**
  Path Type:              Removal (Min at Fast Process Corner)
  Requirement:            0.000ns  (clk_pl_0 rise@0.000ns - clk_pl_0 rise@0.000ns)
  Data Path Delay:        0.163ns  (logic 0.039ns (23.880%)  route 0.124ns (76.120%))
  Logic Levels:           0  
  Clock Path Skew:        0.047ns (DCD - SCD - CPR)
    Destination Clock Delay (DCD):    1.158ns
    Source Clock Delay      (SCD):    1.012ns
    Clock Pessimism Removal (CPR):    0.099ns
  Clock Net Delay (Source):      0.901ns (routing 0.324ns, distribution 0.577ns)
  Clock Net Delay (Destination): 1.020ns (routing 0.365ns, distribution 0.655ns)

    Location             Delay type                Incr(ns)  Path(ns)    Netlist Resource(s)
  -------------------------------------------------------------------    -------------------
                         (clock clk_pl_0 rise edge)
                                                      0.000     0.000 r  
    PS8_X0Y0             PS8                          0.000     0.000 r  mem_bd_i/zynq_ps/inst/PS8_i/PLCLK[0]
                         net (fo=1, routed)           0.094     0.094    mem_bd_i/zynq_ps/inst/pl_clk_unbuffered[0]
    BUFG_PS_X0Y58        BUFG_PS (Prop_BUFG_PS_I_O)
                                                      0.017     0.111 r  mem_bd_i/zynq_ps/inst/buffer_pl_clk_0.PL_CLK_0_BUFG/O
    X0Y1 (CLOCK_ROOT)    net (fo=17960, routed)       0.901     1.012    mem_bd_i/proc_sys_reset_0/U0/slowest_sync_clk
    SLICE_X21Y63         FDRE                                         r  mem_bd_i/proc_sys_reset_0/U0/ACTIVE_LOW_PR_OUT_DFF[0].FDRE_PER_N/C
  -------------------------------------------------------------------    -------------------
    SLICE_X21Y63         FDRE (Prop_EFF_SLICEL_C_Q)
                                                      0.039     1.051 r  mem_bd_i/proc_sys_reset_0/U0/ACTIVE_LOW_PR_OUT_DFF[0].FDRE_PER_N/Q
                         net (fo=776, routed)         0.124     1.175    mem_bd_i/mem_top_0/inst/u_mem_ctrl/SR[0]
    SLICE_X23Y63         FDCE                                         f  mem_bd_i/mem_top_0/inst/u_mem_ctrl/latched_oc_addr_reg[5]/CLR  (IS_INVERTED)
  -------------------------------------------------------------------    -------------------

                         (clock clk_pl_0 rise edge)
                                                      0.000     0.000 r  
    PS8_X0Y0             PS8                          0.000     0.000 r  mem_bd_i/zynq_ps/inst/PS8_i/PLCLK[0]
                         net (fo=1, routed)           0.120     0.120    mem_bd_i/zynq_ps/inst/pl_clk_unbuffered[0]
    BUFG_PS_X0Y58        BUFG_PS (Prop_BUFG_PS_I_O)
                                                      0.018     0.138 r  mem_bd_i/zynq_ps/inst/buffer_pl_clk_0.PL_CLK_0_BUFG/O
    X0Y1 (CLOCK_ROOT)    net (fo=17960, routed)       1.020     1.158    mem_bd_i/mem_top_0/inst/u_mem_ctrl/s00_axi_aclk
    SLICE_X23Y63         FDCE                                         r  mem_bd_i/mem_top_0/inst/u_mem_ctrl/latched_oc_addr_reg[5]/C
                         clock pessimism             -0.099     1.059    
    SLICE_X23Y63         FDCE (Remov_CFF_SLICEL_C_CLR)
                                                     -0.020     1.039    mem_bd_i/mem_top_0/inst/u_mem_ctrl/latched_oc_addr_reg[5]
  -------------------------------------------------------------------
                         required time                         -1.039    
                         arrival time                           1.175    
  -------------------------------------------------------------------
                         slack                                  0.136    

Slack (MET) :             0.136ns  (arrival time - required time)
  Source:                 mem_bd_i/proc_sys_reset_0/U0/ACTIVE_LOW_PR_OUT_DFF[0].FDRE_PER_N/C
                            (rising edge-triggered cell FDRE clocked by clk_pl_0  {rise@0.000ns fall@10.000ns period=20.000ns})
  Destination:            mem_bd_i/mem_top_0/inst/u_mem_ctrl/latched_oc_addr_reg[6]/CLR
                            (removal check against rising-edge clock clk_pl_0  {rise@0.000ns fall@10.000ns period=20.000ns})
  Path Group:             **async_default**
  Path Type:              Removal (Min at Fast Process Corner)
  Requirement:            0.000ns  (clk_pl_0 rise@0.000ns - clk_pl_0 rise@0.000ns)
  Data Path Delay:        0.163ns  (logic 0.039ns (23.880%)  route 0.124ns (76.120%))
  Logic Levels:           0  
  Clock Path Skew:        0.047ns (DCD - SCD - CPR)
    Destination Clock Delay (DCD):    1.158ns
    Source Clock Delay      (SCD):    1.012ns
    Clock Pessimism Removal (CPR):    0.099ns
  Clock Net Delay (Source):      0.901ns (routing 0.324ns, distribution 0.577ns)
  Clock Net Delay (Destination): 1.020ns (routing 0.365ns, distribution 0.655ns)

    Location             Delay type                Incr(ns)  Path(ns)    Netlist Resource(s)
  -------------------------------------------------------------------    -------------------
                         (clock clk_pl_0 rise edge)
                                                      0.000     0.000 r  
    PS8_X0Y0             PS8                          0.000     0.000 r  mem_bd_i/zynq_ps/inst/PS8_i/PLCLK[0]
                         net (fo=1, routed)           0.094     0.094    mem_bd_i/zynq_ps/inst/pl_clk_unbuffered[0]
    BUFG_PS_X0Y58        BUFG_PS (Prop_BUFG_PS_I_O)
                                                      0.017     0.111 r  mem_bd_i/zynq_ps/inst/buffer_pl_clk_0.PL_CLK_0_BUFG/O
    X0Y1 (CLOCK_ROOT)    net (fo=17960, routed)       0.901     1.012    mem_bd_i/proc_sys_reset_0/U0/slowest_sync_clk
    SLICE_X21Y63         FDRE                                         r  mem_bd_i/proc_sys_reset_0/U0/ACTIVE_LOW_PR_OUT_DFF[0].FDRE_PER_N/C
  -------------------------------------------------------------------    -------------------
    SLICE_X21Y63         FDRE (Prop_EFF_SLICEL_C_Q)
                                                      0.039     1.051 r  mem_bd_i/proc_sys_reset_0/U0/ACTIVE_LOW_PR_OUT_DFF[0].FDRE_PER_N/Q
                         net (fo=776, routed)         0.124     1.175    mem_bd_i/mem_top_0/inst/u_mem_ctrl/SR[0]
    SLICE_X23Y63         FDCE                                         f  mem_bd_i/mem_top_0/inst/u_mem_ctrl/latched_oc_addr_reg[6]/CLR  (IS_INVERTED)
  -------------------------------------------------------------------    -------------------

                         (clock clk_pl_0 rise edge)
                                                      0.000     0.000 r  
    PS8_X0Y0             PS8                          0.000     0.000 r  mem_bd_i/zynq_ps/inst/PS8_i/PLCLK[0]
                         net (fo=1, routed)           0.120     0.120    mem_bd_i/zynq_ps/inst/pl_clk_unbuffered[0]
    BUFG_PS_X0Y58        BUFG_PS (Prop_BUFG_PS_I_O)
                                                      0.018     0.138 r  mem_bd_i/zynq_ps/inst/buffer_pl_clk_0.PL_CLK_0_BUFG/O
    X0Y1 (CLOCK_ROOT)    net (fo=17960, routed)       1.020     1.158    mem_bd_i/mem_top_0/inst/u_mem_ctrl/s00_axi_aclk
    SLICE_X23Y63         FDCE                                         r  mem_bd_i/mem_top_0/inst/u_mem_ctrl/latched_oc_addr_reg[6]/C
                         clock pessimism             -0.099     1.059    
    SLICE_X23Y63         FDCE (Remov_CFF2_SLICEL_C_CLR)
                                                     -0.020     1.039    mem_bd_i/mem_top_0/inst/u_mem_ctrl/latched_oc_addr_reg[6]
  -------------------------------------------------------------------
                         required time                         -1.039    
                         arrival time                           1.175    
  -------------------------------------------------------------------
                         slack                                  0.136    





--------------------------------------------------------------------------------------
Path Group:  (none)
From Clock:  
  To Clock:  clk_pl_0

Max Delay             1 Endpoint
Min Delay             1 Endpoint
--------------------------------------------------------------------------------------


Max Delay Paths
--------------------------------------------------------------------------------------
Slack:                    inf
  Source:                 mem_bd_i/zynq_ps/inst/PS8_i/EMIOGPIOO[95]
                            (internal pin)
  Destination:            mem_bd_i/proc_sys_reset_0/U0/EXT_LPF/ACTIVE_LOW_EXT.ACT_LO_EXT/GENERATE_LEVEL_P_S_CDC.SINGLE_BIT.CROSS_PLEVEL_IN2SCNDRY_IN_cdc_to/D
                            (rising edge-triggered cell FDRE clocked by clk_pl_0  {rise@0.000ns fall@10.000ns period=20.000ns})
  Path Group:             (none)
  Path Type:              Setup (Max at Slow Process Corner)
  Data Path Delay:        1.736ns  (logic 0.100ns (5.760%)  route 1.636ns (94.240%))
  Logic Levels:           1  (LUT1=1)
  Clock Uncertainty:      0.228ns  ((TSJ^2 + DJ^2)^1/2) / 2 + PE
    Total System Jitter     (TSJ):    0.050ns
    Discrete Jitter          (DJ):    0.453ns
    Phase Error              (PE):    0.000ns
  Clock Net Delay (Destination): 1.528ns (routing 0.576ns, distribution 0.952ns)
  Timing Exception:       False Path

    Location             Delay type                Incr(ns)  Path(ns)    Netlist Resource(s)
  -------------------------------------------------------------------    -------------------
    PS8_X0Y0             PS8                          0.000     0.000 f  mem_bd_i/zynq_ps/inst/PS8_i/EMIOGPIOO[95]
                         net (fo=1, routed)           1.274     1.274    mem_bd_i/proc_sys_reset_0/U0/EXT_LPF/ACTIVE_LOW_EXT.ACT_LO_EXT/ext_reset_in
    SLICE_X9Y83          LUT1 (Prop_G6LUT_SLICEM_I0_O)
                                                      0.100     1.374 r  mem_bd_i/proc_sys_reset_0/U0/EXT_LPF/ACTIVE_LOW_EXT.ACT_LO_EXT/GENERATE_LEVEL_P_S_CDC.SINGLE_BIT.CROSS_PLEVEL_IN2SCNDRY_IN_cdc_to_i_1/O
                         net (fo=1, routed)           0.362     1.736    mem_bd_i/proc_sys_reset_0/U0/EXT_LPF/ACTIVE_LOW_EXT.ACT_LO_EXT/exr_d1
    SLICE_X9Y77          FDRE                                         r  mem_bd_i/proc_sys_reset_0/U0/EXT_LPF/ACTIVE_LOW_EXT.ACT_LO_EXT/GENERATE_LEVEL_P_S_CDC.SINGLE_BIT.CROSS_PLEVEL_IN2SCNDRY_IN_cdc_to/D
  -------------------------------------------------------------------    -------------------

                         (clock clk_pl_0 rise edge)
                                                      0.000     0.000 r  
    PS8_X0Y0             PS8                          0.000     0.000 r  mem_bd_i/zynq_ps/inst/PS8_i/PLCLK[0]
                         net (fo=1, routed)           0.140     0.140    mem_bd_i/zynq_ps/inst/pl_clk_unbuffered[0]
    BUFG_PS_X0Y58        BUFG_PS (Prop_BUFG_PS_I_O)
                                                      0.027     0.167 r  mem_bd_i/zynq_ps/inst/buffer_pl_clk_0.PL_CLK_0_BUFG/O
    X0Y1 (CLOCK_ROOT)    net (fo=17960, routed)       1.528     1.695    mem_bd_i/proc_sys_reset_0/U0/EXT_LPF/ACTIVE_LOW_EXT.ACT_LO_EXT/slowest_sync_clk
    SLICE_X9Y77          FDRE                                         r  mem_bd_i/proc_sys_reset_0/U0/EXT_LPF/ACTIVE_LOW_EXT.ACT_LO_EXT/GENERATE_LEVEL_P_S_CDC.SINGLE_BIT.CROSS_PLEVEL_IN2SCNDRY_IN_cdc_to/C





Min Delay Paths
--------------------------------------------------------------------------------------
Slack:                    inf
  Source:                 mem_bd_i/zynq_ps/inst/PS8_i/EMIOGPIOO[95]
                            (internal pin)
  Destination:            mem_bd_i/proc_sys_reset_0/U0/EXT_LPF/ACTIVE_LOW_EXT.ACT_LO_EXT/GENERATE_LEVEL_P_S_CDC.SINGLE_BIT.CROSS_PLEVEL_IN2SCNDRY_IN_cdc_to/D
                            (rising edge-triggered cell FDRE clocked by clk_pl_0  {rise@0.000ns fall@10.000ns period=20.000ns})
  Path Group:             (none)
  Path Type:              Hold (Min at Fast Process Corner)
  Data Path Delay:        0.763ns  (logic 0.035ns (4.587%)  route 0.728ns (95.413%))
  Logic Levels:           1  (LUT1=1)
  Clock Uncertainty:      0.228ns  ((TSJ^2 + DJ^2)^1/2) / 2 + PE
    Total System Jitter     (TSJ):    0.050ns
    Discrete Jitter          (DJ):    0.453ns
    Phase Error              (PE):    0.000ns
  Clock Net Delay (Destination): 0.999ns (routing 0.365ns, distribution 0.634ns)
  Timing Exception:       False Path

    Location             Delay type                Incr(ns)  Path(ns)    Netlist Resource(s)
  -------------------------------------------------------------------    -------------------
    PS8_X0Y0             PS8                          0.000     0.000 f  mem_bd_i/zynq_ps/inst/PS8_i/EMIOGPIOO[95]
                         net (fo=1, routed)           0.595     0.595    mem_bd_i/proc_sys_reset_0/U0/EXT_LPF/ACTIVE_LOW_EXT.ACT_LO_EXT/ext_reset_in
    SLICE_X9Y83          LUT1 (Prop_G6LUT_SLICEM_I0_O)
                                                      0.035     0.630 r  mem_bd_i/proc_sys_reset_0/U0/EXT_LPF/ACTIVE_LOW_EXT.ACT_LO_EXT/GENERATE_LEVEL_P_S_CDC.SINGLE_BIT.CROSS_PLEVEL_IN2SCNDRY_IN_cdc_to_i_1/O
                         net (fo=1, routed)           0.133     0.763    mem_bd_i/proc_sys_reset_0/U0/EXT_LPF/ACTIVE_LOW_EXT.ACT_LO_EXT/exr_d1
    SLICE_X9Y77          FDRE                                         r  mem_bd_i/proc_sys_reset_0/U0/EXT_LPF/ACTIVE_LOW_EXT.ACT_LO_EXT/GENERATE_LEVEL_P_S_CDC.SINGLE_BIT.CROSS_PLEVEL_IN2SCNDRY_IN_cdc_to/D
  -------------------------------------------------------------------    -------------------

                         (clock clk_pl_0 rise edge)
                                                      0.000     0.000 r  
    PS8_X0Y0             PS8                          0.000     0.000 r  mem_bd_i/zynq_ps/inst/PS8_i/PLCLK[0]
                         net (fo=1, routed)           0.120     0.120    mem_bd_i/zynq_ps/inst/pl_clk_unbuffered[0]
    BUFG_PS_X0Y58        BUFG_PS (Prop_BUFG_PS_I_O)
                                                      0.018     0.138 r  mem_bd_i/zynq_ps/inst/buffer_pl_clk_0.PL_CLK_0_BUFG/O
    X0Y1 (CLOCK_ROOT)    net (fo=17960, routed)       0.999     1.137    mem_bd_i/proc_sys_reset_0/U0/EXT_LPF/ACTIVE_LOW_EXT.ACT_LO_EXT/slowest_sync_clk
    SLICE_X9Y77          FDRE                                         r  mem_bd_i/proc_sys_reset_0/U0/EXT_LPF/ACTIVE_LOW_EXT.ACT_LO_EXT/GENERATE_LEVEL_P_S_CDC.SINGLE_BIT.CROSS_PLEVEL_IN2SCNDRY_IN_cdc_to/C





--------------------------------------------------------------------------------------
Path Group:  (none)
From Clock:  clk_pl_0
  To Clock:  clk_pl_0

Max Delay            76 Endpoints
Min Delay            76 Endpoints
--------------------------------------------------------------------------------------


Max Delay Paths
--------------------------------------------------------------------------------------
Slack:                    inf
  Source:                 mem_bd_i/axi_smc/inst/clk_map/psr_aclk/U0/ACTIVE_LOW_BSR_OUT_DFF[0].FDRE_BSR_N/C
                            (rising edge-triggered cell FDRE clocked by clk_pl_0  {rise@0.000ns fall@10.000ns period=20.000ns})
  Destination:            mem_bd_i/axi_smc/inst/m00_nodes/m00_ar_node/inst/s_sc_xpm_cdc_async_rst_inst/arststages_ff_reg[0]/CLR
                            (recovery check against rising-edge clock clk_pl_0  {rise@0.000ns fall@10.000ns period=20.000ns})
  Path Group:             (none)
  Path Type:              Recovery (Max at Slow Process Corner)
  Data Path Delay:        2.056ns  (logic 0.096ns (4.669%)  route 1.960ns (95.331%))
  Logic Levels:           0  
  Clock Path Skew:        -0.218ns (DCD - SCD + CPR)
    Destination Clock Delay (DCD):    1.736ns
    Source Clock Delay      (SCD):    1.954ns
    Clock Pessimism Removal (CPR):    0.000ns
  Clock Uncertainty:      0.229ns  ((TSJ^2 + DJ^2)^1/2) / 2 + PE
    Total System Jitter     (TSJ):    0.071ns
    Discrete Jitter          (DJ):    0.453ns
    Phase Error              (PE):    0.000ns
  Clock Net Delay (Source):      1.747ns (routing 0.638ns, distribution 1.109ns)
  Clock Net Delay (Destination): 1.569ns (routing 0.576ns, distribution 0.993ns)
  Timing Exception:       False Path

    Location             Delay type                Incr(ns)  Path(ns)    Netlist Resource(s)
  -------------------------------------------------------------------    -------------------
                         (clock clk_pl_0 rise edge)
                                                      0.000     0.000 r  
    PS8_X0Y0             PS8                          0.000     0.000 r  mem_bd_i/zynq_ps/inst/PS8_i/PLCLK[0]
                         net (fo=1, routed)           0.178     0.178    mem_bd_i/zynq_ps/inst/pl_clk_unbuffered[0]
    BUFG_PS_X0Y58        BUFG_PS (Prop_BUFG_PS_I_O)
                                                      0.029     0.207 r  mem_bd_i/zynq_ps/inst/buffer_pl_clk_0.PL_CLK_0_BUFG/O
    X0Y1 (CLOCK_ROOT)    net (fo=17960, routed)       1.747     1.954    mem_bd_i/axi_smc/inst/clk_map/psr_aclk/U0/aclk
    SLICE_X9Y73          FDRE                                         r  mem_bd_i/axi_smc/inst/clk_map/psr_aclk/U0/ACTIVE_LOW_BSR_OUT_DFF[0].FDRE_BSR_N/C
  -------------------------------------------------------------------    -------------------
    SLICE_X9Y73          FDRE (Prop_HFF_SLICEM_C_Q)
                                                      0.096     2.050 r  mem_bd_i/axi_smc/inst/clk_map/psr_aclk/U0/ACTIVE_LOW_BSR_OUT_DFF[0].FDRE_BSR_N/Q
                         net (fo=45, routed)          1.960     4.010    mem_bd_i/axi_smc/inst/m00_nodes/m00_ar_node/inst/s_sc_xpm_cdc_async_rst_inst/src_arst
    SLICE_X1Y4           FDCE                                         f  mem_bd_i/axi_smc/inst/m00_nodes/m00_ar_node/inst/s_sc_xpm_cdc_async_rst_inst/arststages_ff_reg[0]/CLR  (IS_INVERTED)
  -------------------------------------------------------------------    -------------------

                         (clock clk_pl_0 rise edge)
                                                      0.000     0.000 r  
    PS8_X0Y0             PS8                          0.000     0.000 r  mem_bd_i/zynq_ps/inst/PS8_i/PLCLK[0]
                         net (fo=1, routed)           0.140     0.140    mem_bd_i/zynq_ps/inst/pl_clk_unbuffered[0]
    BUFG_PS_X0Y58        BUFG_PS (Prop_BUFG_PS_I_O)
                                                      0.027     0.167 r  mem_bd_i/zynq_ps/inst/buffer_pl_clk_0.PL_CLK_0_BUFG/O
    X0Y1 (CLOCK_ROOT)    net (fo=17960, routed)       1.569     1.736    mem_bd_i/axi_smc/inst/m00_nodes/m00_ar_node/inst/s_sc_xpm_cdc_async_rst_inst/dest_clk
    SLICE_X1Y4           FDCE                                         r  mem_bd_i/axi_smc/inst/m00_nodes/m00_ar_node/inst/s_sc_xpm_cdc_async_rst_inst/arststages_ff_reg[0]/C

Slack:                    inf
  Source:                 mem_bd_i/axi_smc/inst/clk_map/psr_aclk/U0/ACTIVE_LOW_BSR_OUT_DFF[0].FDRE_BSR_N/C
                            (rising edge-triggered cell FDRE clocked by clk_pl_0  {rise@0.000ns fall@10.000ns period=20.000ns})
  Destination:            mem_bd_i/axi_smc/inst/m00_nodes/m00_ar_node/inst/s_sc_xpm_cdc_async_rst_inst/arststages_ff_reg[1]/CLR
                            (recovery check against rising-edge clock clk_pl_0  {rise@0.000ns fall@10.000ns period=20.000ns})
  Path Group:             (none)
  Path Type:              Recovery (Max at Slow Process Corner)
  Data Path Delay:        2.056ns  (logic 0.096ns (4.669%)  route 1.960ns (95.331%))
  Logic Levels:           0  
  Clock Path Skew:        -0.218ns (DCD - SCD + CPR)
    Destination Clock Delay (DCD):    1.736ns
    Source Clock Delay      (SCD):    1.954ns
    Clock Pessimism Removal (CPR):    0.000ns
  Clock Uncertainty:      0.229ns  ((TSJ^2 + DJ^2)^1/2) / 2 + PE
    Total System Jitter     (TSJ):    0.071ns
    Discrete Jitter          (DJ):    0.453ns
    Phase Error              (PE):    0.000ns
  Clock Net Delay (Source):      1.747ns (routing 0.638ns, distribution 1.109ns)
  Clock Net Delay (Destination): 1.569ns (routing 0.576ns, distribution 0.993ns)
  Timing Exception:       False Path

    Location             Delay type                Incr(ns)  Path(ns)    Netlist Resource(s)
  -------------------------------------------------------------------    -------------------
                         (clock clk_pl_0 rise edge)
                                                      0.000     0.000 r  
    PS8_X0Y0             PS8                          0.000     0.000 r  mem_bd_i/zynq_ps/inst/PS8_i/PLCLK[0]
                         net (fo=1, routed)           0.178     0.178    mem_bd_i/zynq_ps/inst/pl_clk_unbuffered[0]
    BUFG_PS_X0Y58        BUFG_PS (Prop_BUFG_PS_I_O)
                                                      0.029     0.207 r  mem_bd_i/zynq_ps/inst/buffer_pl_clk_0.PL_CLK_0_BUFG/O
    X0Y1 (CLOCK_ROOT)    net (fo=17960, routed)       1.747     1.954    mem_bd_i/axi_smc/inst/clk_map/psr_aclk/U0/aclk
    SLICE_X9Y73          FDRE                                         r  mem_bd_i/axi_smc/inst/clk_map/psr_aclk/U0/ACTIVE_LOW_BSR_OUT_DFF[0].FDRE_BSR_N/C
  -------------------------------------------------------------------    -------------------
    SLICE_X9Y73          FDRE (Prop_HFF_SLICEM_C_Q)
                                                      0.096     2.050 r  mem_bd_i/axi_smc/inst/clk_map/psr_aclk/U0/ACTIVE_LOW_BSR_OUT_DFF[0].FDRE_BSR_N/Q
                         net (fo=45, routed)          1.960     4.010    mem_bd_i/axi_smc/inst/m00_nodes/m00_ar_node/inst/s_sc_xpm_cdc_async_rst_inst/src_arst
    SLICE_X1Y4           FDCE                                         f  mem_bd_i/axi_smc/inst/m00_nodes/m00_ar_node/inst/s_sc_xpm_cdc_async_rst_inst/arststages_ff_reg[1]/CLR  (IS_INVERTED)
  -------------------------------------------------------------------    -------------------

                         (clock clk_pl_0 rise edge)
                                                      0.000     0.000 r  
    PS8_X0Y0             PS8                          0.000     0.000 r  mem_bd_i/zynq_ps/inst/PS8_i/PLCLK[0]
                         net (fo=1, routed)           0.140     0.140    mem_bd_i/zynq_ps/inst/pl_clk_unbuffered[0]
    BUFG_PS_X0Y58        BUFG_PS (Prop_BUFG_PS_I_O)
                                                      0.027     0.167 r  mem_bd_i/zynq_ps/inst/buffer_pl_clk_0.PL_CLK_0_BUFG/O
    X0Y1 (CLOCK_ROOT)    net (fo=17960, routed)       1.569     1.736    mem_bd_i/axi_smc/inst/m00_nodes/m00_ar_node/inst/s_sc_xpm_cdc_async_rst_inst/dest_clk
    SLICE_X1Y4           FDCE                                         r  mem_bd_i/axi_smc/inst/m00_nodes/m00_ar_node/inst/s_sc_xpm_cdc_async_rst_inst/arststages_ff_reg[1]/C

Slack:                    inf
  Source:                 mem_bd_i/axi_smc/inst/clk_map/psr_aclk/U0/ACTIVE_LOW_BSR_OUT_DFF[0].FDRE_BSR_N/C
                            (rising edge-triggered cell FDRE clocked by clk_pl_0  {rise@0.000ns fall@10.000ns period=20.000ns})
  Destination:            mem_bd_i/axi_smc/inst/m00_nodes/m00_ar_node/inst/s_sc_xpm_cdc_async_rst_inst/arststages_ff_reg[2]/CLR
                            (recovery check against rising-edge clock clk_pl_0  {rise@0.000ns fall@10.000ns period=20.000ns})
  Path Group:             (none)
  Path Type:              Recovery (Max at Slow Process Corner)
  Data Path Delay:        2.056ns  (logic 0.096ns (4.669%)  route 1.960ns (95.331%))
  Logic Levels:           0  
  Clock Path Skew:        -0.218ns (DCD - SCD + CPR)
    Destination Clock Delay (DCD):    1.736ns
    Source Clock Delay      (SCD):    1.954ns
    Clock Pessimism Removal (CPR):    0.000ns
  Clock Uncertainty:      0.229ns  ((TSJ^2 + DJ^2)^1/2) / 2 + PE
    Total System Jitter     (TSJ):    0.071ns
    Discrete Jitter          (DJ):    0.453ns
    Phase Error              (PE):    0.000ns
  Clock Net Delay (Source):      1.747ns (routing 0.638ns, distribution 1.109ns)
  Clock Net Delay (Destination): 1.569ns (routing 0.576ns, distribution 0.993ns)
  Timing Exception:       False Path

    Location             Delay type                Incr(ns)  Path(ns)    Netlist Resource(s)
  -------------------------------------------------------------------    -------------------
                         (clock clk_pl_0 rise edge)
                                                      0.000     0.000 r  
    PS8_X0Y0             PS8                          0.000     0.000 r  mem_bd_i/zynq_ps/inst/PS8_i/PLCLK[0]
                         net (fo=1, routed)           0.178     0.178    mem_bd_i/zynq_ps/inst/pl_clk_unbuffered[0]
    BUFG_PS_X0Y58        BUFG_PS (Prop_BUFG_PS_I_O)
                                                      0.029     0.207 r  mem_bd_i/zynq_ps/inst/buffer_pl_clk_0.PL_CLK_0_BUFG/O
    X0Y1 (CLOCK_ROOT)    net (fo=17960, routed)       1.747     1.954    mem_bd_i/axi_smc/inst/clk_map/psr_aclk/U0/aclk
    SLICE_X9Y73          FDRE                                         r  mem_bd_i/axi_smc/inst/clk_map/psr_aclk/U0/ACTIVE_LOW_BSR_OUT_DFF[0].FDRE_BSR_N/C
  -------------------------------------------------------------------    -------------------
    SLICE_X9Y73          FDRE (Prop_HFF_SLICEM_C_Q)
                                                      0.096     2.050 r  mem_bd_i/axi_smc/inst/clk_map/psr_aclk/U0/ACTIVE_LOW_BSR_OUT_DFF[0].FDRE_BSR_N/Q
                         net (fo=45, routed)          1.960     4.010    mem_bd_i/axi_smc/inst/m00_nodes/m00_ar_node/inst/s_sc_xpm_cdc_async_rst_inst/src_arst
    SLICE_X1Y4           FDCE                                         f  mem_bd_i/axi_smc/inst/m00_nodes/m00_ar_node/inst/s_sc_xpm_cdc_async_rst_inst/arststages_ff_reg[2]/CLR  (IS_INVERTED)
  -------------------------------------------------------------------    -------------------

                         (clock clk_pl_0 rise edge)
                                                      0.000     0.000 r  
    PS8_X0Y0             PS8                          0.000     0.000 r  mem_bd_i/zynq_ps/inst/PS8_i/PLCLK[0]
                         net (fo=1, routed)           0.140     0.140    mem_bd_i/zynq_ps/inst/pl_clk_unbuffered[0]
    BUFG_PS_X0Y58        BUFG_PS (Prop_BUFG_PS_I_O)
                                                      0.027     0.167 r  mem_bd_i/zynq_ps/inst/buffer_pl_clk_0.PL_CLK_0_BUFG/O
    X0Y1 (CLOCK_ROOT)    net (fo=17960, routed)       1.569     1.736    mem_bd_i/axi_smc/inst/m00_nodes/m00_ar_node/inst/s_sc_xpm_cdc_async_rst_inst/dest_clk
    SLICE_X1Y4           FDCE                                         r  mem_bd_i/axi_smc/inst/m00_nodes/m00_ar_node/inst/s_sc_xpm_cdc_async_rst_inst/arststages_ff_reg[2]/C

Slack:                    inf
  Source:                 mem_bd_i/axi_smc/inst/clk_map/psr_aclk/U0/ACTIVE_LOW_BSR_OUT_DFF[0].FDRE_BSR_N/C
                            (rising edge-triggered cell FDRE clocked by clk_pl_0  {rise@0.000ns fall@10.000ns period=20.000ns})
  Destination:            mem_bd_i/axi_smc/inst/s00_nodes/s00_ar_node/inst/s_sc_xpm_cdc_async_rst_inst/arststages_ff_reg[0]/CLR
                            (recovery check against rising-edge clock clk_pl_0  {rise@0.000ns fall@10.000ns period=20.000ns})
  Path Group:             (none)
  Path Type:              Recovery (Max at Slow Process Corner)
  Data Path Delay:        2.041ns  (logic 0.096ns (4.704%)  route 1.945ns (95.296%))
  Logic Levels:           0  
  Clock Path Skew:        -0.227ns (DCD - SCD + CPR)
    Destination Clock Delay (DCD):    1.727ns
    Source Clock Delay      (SCD):    1.954ns
    Clock Pessimism Removal (CPR):    0.000ns
  Clock Uncertainty:      0.229ns  ((TSJ^2 + DJ^2)^1/2) / 2 + PE
    Total System Jitter     (TSJ):    0.071ns
    Discrete Jitter          (DJ):    0.453ns
    Phase Error              (PE):    0.000ns
  Clock Net Delay (Source):      1.747ns (routing 0.638ns, distribution 1.109ns)
  Clock Net Delay (Destination): 1.560ns (routing 0.576ns, distribution 0.984ns)
  Timing Exception:       False Path

    Location             Delay type                Incr(ns)  Path(ns)    Netlist Resource(s)
  -------------------------------------------------------------------    -------------------
                         (clock clk_pl_0 rise edge)
                                                      0.000     0.000 r  
    PS8_X0Y0             PS8                          0.000     0.000 r  mem_bd_i/zynq_ps/inst/PS8_i/PLCLK[0]
                         net (fo=1, routed)           0.178     0.178    mem_bd_i/zynq_ps/inst/pl_clk_unbuffered[0]
    BUFG_PS_X0Y58        BUFG_PS (Prop_BUFG_PS_I_O)
                                                      0.029     0.207 r  mem_bd_i/zynq_ps/inst/buffer_pl_clk_0.PL_CLK_0_BUFG/O
    X0Y1 (CLOCK_ROOT)    net (fo=17960, routed)       1.747     1.954    mem_bd_i/axi_smc/inst/clk_map/psr_aclk/U0/aclk
    SLICE_X9Y73          FDRE                                         r  mem_bd_i/axi_smc/inst/clk_map/psr_aclk/U0/ACTIVE_LOW_BSR_OUT_DFF[0].FDRE_BSR_N/C
  -------------------------------------------------------------------    -------------------
    SLICE_X9Y73          FDRE (Prop_HFF_SLICEM_C_Q)
                                                      0.096     2.050 r  mem_bd_i/axi_smc/inst/clk_map/psr_aclk/U0/ACTIVE_LOW_BSR_OUT_DFF[0].FDRE_BSR_N/Q
                         net (fo=45, routed)          1.945     3.995    mem_bd_i/axi_smc/inst/s00_nodes/s00_ar_node/inst/s_sc_xpm_cdc_async_rst_inst/src_arst
    SLICE_X2Y4           FDCE                                         f  mem_bd_i/axi_smc/inst/s00_nodes/s00_ar_node/inst/s_sc_xpm_cdc_async_rst_inst/arststages_ff_reg[0]/CLR  (IS_INVERTED)
  -------------------------------------------------------------------    -------------------

                         (clock clk_pl_0 rise edge)
                                                      0.000     0.000 r  
    PS8_X0Y0             PS8                          0.000     0.000 r  mem_bd_i/zynq_ps/inst/PS8_i/PLCLK[0]
                         net (fo=1, routed)           0.140     0.140    mem_bd_i/zynq_ps/inst/pl_clk_unbuffered[0]
    BUFG_PS_X0Y58        BUFG_PS (Prop_BUFG_PS_I_O)
                                                      0.027     0.167 r  mem_bd_i/zynq_ps/inst/buffer_pl_clk_0.PL_CLK_0_BUFG/O
    X0Y1 (CLOCK_ROOT)    net (fo=17960, routed)       1.560     1.727    mem_bd_i/axi_smc/inst/s00_nodes/s00_ar_node/inst/s_sc_xpm_cdc_async_rst_inst/dest_clk
    SLICE_X2Y4           FDCE                                         r  mem_bd_i/axi_smc/inst/s00_nodes/s00_ar_node/inst/s_sc_xpm_cdc_async_rst_inst/arststages_ff_reg[0]/C

Slack:                    inf
  Source:                 mem_bd_i/axi_smc/inst/clk_map/psr_aclk/U0/ACTIVE_LOW_BSR_OUT_DFF[0].FDRE_BSR_N/C
                            (rising edge-triggered cell FDRE clocked by clk_pl_0  {rise@0.000ns fall@10.000ns period=20.000ns})
  Destination:            mem_bd_i/axi_smc/inst/s00_nodes/s00_ar_node/inst/s_sc_xpm_cdc_async_rst_inst/arststages_ff_reg[1]/CLR
                            (recovery check against rising-edge clock clk_pl_0  {rise@0.000ns fall@10.000ns period=20.000ns})
  Path Group:             (none)
  Path Type:              Recovery (Max at Slow Process Corner)
  Data Path Delay:        2.041ns  (logic 0.096ns (4.704%)  route 1.945ns (95.296%))
  Logic Levels:           0  
  Clock Path Skew:        -0.227ns (DCD - SCD + CPR)
    Destination Clock Delay (DCD):    1.727ns
    Source Clock Delay      (SCD):    1.954ns
    Clock Pessimism Removal (CPR):    0.000ns
  Clock Uncertainty:      0.229ns  ((TSJ^2 + DJ^2)^1/2) / 2 + PE
    Total System Jitter     (TSJ):    0.071ns
    Discrete Jitter          (DJ):    0.453ns
    Phase Error              (PE):    0.000ns
  Clock Net Delay (Source):      1.747ns (routing 0.638ns, distribution 1.109ns)
  Clock Net Delay (Destination): 1.560ns (routing 0.576ns, distribution 0.984ns)
  Timing Exception:       False Path

    Location             Delay type                Incr(ns)  Path(ns)    Netlist Resource(s)
  -------------------------------------------------------------------    -------------------
                         (clock clk_pl_0 rise edge)
                                                      0.000     0.000 r  
    PS8_X0Y0             PS8                          0.000     0.000 r  mem_bd_i/zynq_ps/inst/PS8_i/PLCLK[0]
                         net (fo=1, routed)           0.178     0.178    mem_bd_i/zynq_ps/inst/pl_clk_unbuffered[0]
    BUFG_PS_X0Y58        BUFG_PS (Prop_BUFG_PS_I_O)
                                                      0.029     0.207 r  mem_bd_i/zynq_ps/inst/buffer_pl_clk_0.PL_CLK_0_BUFG/O
    X0Y1 (CLOCK_ROOT)    net (fo=17960, routed)       1.747     1.954    mem_bd_i/axi_smc/inst/clk_map/psr_aclk/U0/aclk
    SLICE_X9Y73          FDRE                                         r  mem_bd_i/axi_smc/inst/clk_map/psr_aclk/U0/ACTIVE_LOW_BSR_OUT_DFF[0].FDRE_BSR_N/C
  -------------------------------------------------------------------    -------------------
    SLICE_X9Y73          FDRE (Prop_HFF_SLICEM_C_Q)
                                                      0.096     2.050 r  mem_bd_i/axi_smc/inst/clk_map/psr_aclk/U0/ACTIVE_LOW_BSR_OUT_DFF[0].FDRE_BSR_N/Q
                         net (fo=45, routed)          1.945     3.995    mem_bd_i/axi_smc/inst/s00_nodes/s00_ar_node/inst/s_sc_xpm_cdc_async_rst_inst/src_arst
    SLICE_X2Y4           FDCE                                         f  mem_bd_i/axi_smc/inst/s00_nodes/s00_ar_node/inst/s_sc_xpm_cdc_async_rst_inst/arststages_ff_reg[1]/CLR  (IS_INVERTED)
  -------------------------------------------------------------------    -------------------

                         (clock clk_pl_0 rise edge)
                                                      0.000     0.000 r  
    PS8_X0Y0             PS8                          0.000     0.000 r  mem_bd_i/zynq_ps/inst/PS8_i/PLCLK[0]
                         net (fo=1, routed)           0.140     0.140    mem_bd_i/zynq_ps/inst/pl_clk_unbuffered[0]
    BUFG_PS_X0Y58        BUFG_PS (Prop_BUFG_PS_I_O)
                                                      0.027     0.167 r  mem_bd_i/zynq_ps/inst/buffer_pl_clk_0.PL_CLK_0_BUFG/O
    X0Y1 (CLOCK_ROOT)    net (fo=17960, routed)       1.560     1.727    mem_bd_i/axi_smc/inst/s00_nodes/s00_ar_node/inst/s_sc_xpm_cdc_async_rst_inst/dest_clk
    SLICE_X2Y4           FDCE                                         r  mem_bd_i/axi_smc/inst/s00_nodes/s00_ar_node/inst/s_sc_xpm_cdc_async_rst_inst/arststages_ff_reg[1]/C

Slack:                    inf
  Source:                 mem_bd_i/axi_smc/inst/clk_map/psr_aclk/U0/ACTIVE_LOW_BSR_OUT_DFF[0].FDRE_BSR_N/C
                            (rising edge-triggered cell FDRE clocked by clk_pl_0  {rise@0.000ns fall@10.000ns period=20.000ns})
  Destination:            mem_bd_i/axi_smc/inst/s00_nodes/s00_ar_node/inst/s_sc_xpm_cdc_async_rst_inst/arststages_ff_reg[2]/CLR
                            (recovery check against rising-edge clock clk_pl_0  {rise@0.000ns fall@10.000ns period=20.000ns})
  Path Group:             (none)
  Path Type:              Recovery (Max at Slow Process Corner)
  Data Path Delay:        2.041ns  (logic 0.096ns (4.704%)  route 1.945ns (95.296%))
  Logic Levels:           0  
  Clock Path Skew:        -0.227ns (DCD - SCD + CPR)
    Destination Clock Delay (DCD):    1.727ns
    Source Clock Delay      (SCD):    1.954ns
    Clock Pessimism Removal (CPR):    0.000ns
  Clock Uncertainty:      0.229ns  ((TSJ^2 + DJ^2)^1/2) / 2 + PE
    Total System Jitter     (TSJ):    0.071ns
    Discrete Jitter          (DJ):    0.453ns
    Phase Error              (PE):    0.000ns
  Clock Net Delay (Source):      1.747ns (routing 0.638ns, distribution 1.109ns)
  Clock Net Delay (Destination): 1.560ns (routing 0.576ns, distribution 0.984ns)
  Timing Exception:       False Path

    Location             Delay type                Incr(ns)  Path(ns)    Netlist Resource(s)
  -------------------------------------------------------------------    -------------------
                         (clock clk_pl_0 rise edge)
                                                      0.000     0.000 r  
    PS8_X0Y0             PS8                          0.000     0.000 r  mem_bd_i/zynq_ps/inst/PS8_i/PLCLK[0]
                         net (fo=1, routed)           0.178     0.178    mem_bd_i/zynq_ps/inst/pl_clk_unbuffered[0]
    BUFG_PS_X0Y58        BUFG_PS (Prop_BUFG_PS_I_O)
                                                      0.029     0.207 r  mem_bd_i/zynq_ps/inst/buffer_pl_clk_0.PL_CLK_0_BUFG/O
    X0Y1 (CLOCK_ROOT)    net (fo=17960, routed)       1.747     1.954    mem_bd_i/axi_smc/inst/clk_map/psr_aclk/U0/aclk
    SLICE_X9Y73          FDRE                                         r  mem_bd_i/axi_smc/inst/clk_map/psr_aclk/U0/ACTIVE_LOW_BSR_OUT_DFF[0].FDRE_BSR_N/C
  -------------------------------------------------------------------    -------------------
    SLICE_X9Y73          FDRE (Prop_HFF_SLICEM_C_Q)
                                                      0.096     2.050 r  mem_bd_i/axi_smc/inst/clk_map/psr_aclk/U0/ACTIVE_LOW_BSR_OUT_DFF[0].FDRE_BSR_N/Q
                         net (fo=45, routed)          1.945     3.995    mem_bd_i/axi_smc/inst/s00_nodes/s00_ar_node/inst/s_sc_xpm_cdc_async_rst_inst/src_arst
    SLICE_X2Y4           FDCE                                         f  mem_bd_i/axi_smc/inst/s00_nodes/s00_ar_node/inst/s_sc_xpm_cdc_async_rst_inst/arststages_ff_reg[2]/CLR  (IS_INVERTED)
  -------------------------------------------------------------------    -------------------

                         (clock clk_pl_0 rise edge)
                                                      0.000     0.000 r  
    PS8_X0Y0             PS8                          0.000     0.000 r  mem_bd_i/zynq_ps/inst/PS8_i/PLCLK[0]
                         net (fo=1, routed)           0.140     0.140    mem_bd_i/zynq_ps/inst/pl_clk_unbuffered[0]
    BUFG_PS_X0Y58        BUFG_PS (Prop_BUFG_PS_I_O)
                                                      0.027     0.167 r  mem_bd_i/zynq_ps/inst/buffer_pl_clk_0.PL_CLK_0_BUFG/O
    X0Y1 (CLOCK_ROOT)    net (fo=17960, routed)       1.560     1.727    mem_bd_i/axi_smc/inst/s00_nodes/s00_ar_node/inst/s_sc_xpm_cdc_async_rst_inst/dest_clk
    SLICE_X2Y4           FDCE                                         r  mem_bd_i/axi_smc/inst/s00_nodes/s00_ar_node/inst/s_sc_xpm_cdc_async_rst_inst/arststages_ff_reg[2]/C

Slack:                    inf
  Source:                 mem_bd_i/axi_smc/inst/clk_map/psr_aclk/U0/ACTIVE_LOW_BSR_OUT_DFF[0].FDRE_BSR_N/C
                            (rising edge-triggered cell FDRE clocked by clk_pl_0  {rise@0.000ns fall@10.000ns period=20.000ns})
  Destination:            mem_bd_i/axi_smc/inst/m00_exit_pipeline/m00_exit/inst/xpm_cdc_async_rst_inst/arststages_ff_reg[0]/CLR
                            (recovery check against rising-edge clock clk_pl_0  {rise@0.000ns fall@10.000ns period=20.000ns})
  Path Group:             (none)
  Path Type:              Recovery (Max at Slow Process Corner)
  Data Path Delay:        1.925ns  (logic 0.096ns (4.988%)  route 1.829ns (95.012%))
  Logic Levels:           0  
  Clock Path Skew:        -0.228ns (DCD - SCD + CPR)
    Destination Clock Delay (DCD):    1.726ns
    Source Clock Delay      (SCD):    1.954ns
    Clock Pessimism Removal (CPR):    0.000ns
  Clock Uncertainty:      0.229ns  ((TSJ^2 + DJ^2)^1/2) / 2 + PE
    Total System Jitter     (TSJ):    0.071ns
    Discrete Jitter          (DJ):    0.453ns
    Phase Error              (PE):    0.000ns
  Clock Net Delay (Source):      1.747ns (routing 0.638ns, distribution 1.109ns)
  Clock Net Delay (Destination): 1.559ns (routing 0.576ns, distribution 0.983ns)
  Timing Exception:       False Path

    Location             Delay type                Incr(ns)  Path(ns)    Netlist Resource(s)
  -------------------------------------------------------------------    -------------------
                         (clock clk_pl_0 rise edge)
                                                      0.000     0.000 r  
    PS8_X0Y0             PS8                          0.000     0.000 r  mem_bd_i/zynq_ps/inst/PS8_i/PLCLK[0]
                         net (fo=1, routed)           0.178     0.178    mem_bd_i/zynq_ps/inst/pl_clk_unbuffered[0]
    BUFG_PS_X0Y58        BUFG_PS (Prop_BUFG_PS_I_O)
                                                      0.029     0.207 r  mem_bd_i/zynq_ps/inst/buffer_pl_clk_0.PL_CLK_0_BUFG/O
    X0Y1 (CLOCK_ROOT)    net (fo=17960, routed)       1.747     1.954    mem_bd_i/axi_smc/inst/clk_map/psr_aclk/U0/aclk
    SLICE_X9Y73          FDRE                                         r  mem_bd_i/axi_smc/inst/clk_map/psr_aclk/U0/ACTIVE_LOW_BSR_OUT_DFF[0].FDRE_BSR_N/C
  -------------------------------------------------------------------    -------------------
    SLICE_X9Y73          FDRE (Prop_HFF_SLICEM_C_Q)
                                                      0.096     2.050 r  mem_bd_i/axi_smc/inst/clk_map/psr_aclk/U0/ACTIVE_LOW_BSR_OUT_DFF[0].FDRE_BSR_N/Q
                         net (fo=45, routed)          1.829     3.879    mem_bd_i/axi_smc/inst/m00_exit_pipeline/m00_exit/inst/xpm_cdc_async_rst_inst/src_arst
    SLICE_X1Y3           FDCE                                         f  mem_bd_i/axi_smc/inst/m00_exit_pipeline/m00_exit/inst/xpm_cdc_async_rst_inst/arststages_ff_reg[0]/CLR  (IS_INVERTED)
  -------------------------------------------------------------------    -------------------

                         (clock clk_pl_0 rise edge)
                                                      0.000     0.000 r  
    PS8_X0Y0             PS8                          0.000     0.000 r  mem_bd_i/zynq_ps/inst/PS8_i/PLCLK[0]
                         net (fo=1, routed)           0.140     0.140    mem_bd_i/zynq_ps/inst/pl_clk_unbuffered[0]
    BUFG_PS_X0Y58        BUFG_PS (Prop_BUFG_PS_I_O)
                                                      0.027     0.167 r  mem_bd_i/zynq_ps/inst/buffer_pl_clk_0.PL_CLK_0_BUFG/O
    X0Y1 (CLOCK_ROOT)    net (fo=17960, routed)       1.559     1.726    mem_bd_i/axi_smc/inst/m00_exit_pipeline/m00_exit/inst/xpm_cdc_async_rst_inst/dest_clk
    SLICE_X1Y3           FDCE                                         r  mem_bd_i/axi_smc/inst/m00_exit_pipeline/m00_exit/inst/xpm_cdc_async_rst_inst/arststages_ff_reg[0]/C

Slack:                    inf
  Source:                 mem_bd_i/axi_smc/inst/clk_map/psr_aclk/U0/ACTIVE_LOW_BSR_OUT_DFF[0].FDRE_BSR_N/C
                            (rising edge-triggered cell FDRE clocked by clk_pl_0  {rise@0.000ns fall@10.000ns period=20.000ns})
  Destination:            mem_bd_i/axi_smc/inst/m00_exit_pipeline/m00_exit/inst/xpm_cdc_async_rst_inst/arststages_ff_reg[1]/CLR
                            (recovery check against rising-edge clock clk_pl_0  {rise@0.000ns fall@10.000ns period=20.000ns})
  Path Group:             (none)
  Path Type:              Recovery (Max at Slow Process Corner)
  Data Path Delay:        1.925ns  (logic 0.096ns (4.988%)  route 1.829ns (95.012%))
  Logic Levels:           0  
  Clock Path Skew:        -0.228ns (DCD - SCD + CPR)
    Destination Clock Delay (DCD):    1.726ns
    Source Clock Delay      (SCD):    1.954ns
    Clock Pessimism Removal (CPR):    0.000ns
  Clock Uncertainty:      0.229ns  ((TSJ^2 + DJ^2)^1/2) / 2 + PE
    Total System Jitter     (TSJ):    0.071ns
    Discrete Jitter          (DJ):    0.453ns
    Phase Error              (PE):    0.000ns
  Clock Net Delay (Source):      1.747ns (routing 0.638ns, distribution 1.109ns)
  Clock Net Delay (Destination): 1.559ns (routing 0.576ns, distribution 0.983ns)
  Timing Exception:       False Path

    Location             Delay type                Incr(ns)  Path(ns)    Netlist Resource(s)
  -------------------------------------------------------------------    -------------------
                         (clock clk_pl_0 rise edge)
                                                      0.000     0.000 r  
    PS8_X0Y0             PS8                          0.000     0.000 r  mem_bd_i/zynq_ps/inst/PS8_i/PLCLK[0]
                         net (fo=1, routed)           0.178     0.178    mem_bd_i/zynq_ps/inst/pl_clk_unbuffered[0]
    BUFG_PS_X0Y58        BUFG_PS (Prop_BUFG_PS_I_O)
                                                      0.029     0.207 r  mem_bd_i/zynq_ps/inst/buffer_pl_clk_0.PL_CLK_0_BUFG/O
    X0Y1 (CLOCK_ROOT)    net (fo=17960, routed)       1.747     1.954    mem_bd_i/axi_smc/inst/clk_map/psr_aclk/U0/aclk
    SLICE_X9Y73          FDRE                                         r  mem_bd_i/axi_smc/inst/clk_map/psr_aclk/U0/ACTIVE_LOW_BSR_OUT_DFF[0].FDRE_BSR_N/C
  -------------------------------------------------------------------    -------------------
    SLICE_X9Y73          FDRE (Prop_HFF_SLICEM_C_Q)
                                                      0.096     2.050 r  mem_bd_i/axi_smc/inst/clk_map/psr_aclk/U0/ACTIVE_LOW_BSR_OUT_DFF[0].FDRE_BSR_N/Q
                         net (fo=45, routed)          1.829     3.879    mem_bd_i/axi_smc/inst/m00_exit_pipeline/m00_exit/inst/xpm_cdc_async_rst_inst/src_arst
    SLICE_X1Y3           FDCE                                         f  mem_bd_i/axi_smc/inst/m00_exit_pipeline/m00_exit/inst/xpm_cdc_async_rst_inst/arststages_ff_reg[1]/CLR  (IS_INVERTED)
  -------------------------------------------------------------------    -------------------

                         (clock clk_pl_0 rise edge)
                                                      0.000     0.000 r  
    PS8_X0Y0             PS8                          0.000     0.000 r  mem_bd_i/zynq_ps/inst/PS8_i/PLCLK[0]
                         net (fo=1, routed)           0.140     0.140    mem_bd_i/zynq_ps/inst/pl_clk_unbuffered[0]
    BUFG_PS_X0Y58        BUFG_PS (Prop_BUFG_PS_I_O)
                                                      0.027     0.167 r  mem_bd_i/zynq_ps/inst/buffer_pl_clk_0.PL_CLK_0_BUFG/O
    X0Y1 (CLOCK_ROOT)    net (fo=17960, routed)       1.559     1.726    mem_bd_i/axi_smc/inst/m00_exit_pipeline/m00_exit/inst/xpm_cdc_async_rst_inst/dest_clk
    SLICE_X1Y3           FDCE                                         r  mem_bd_i/axi_smc/inst/m00_exit_pipeline/m00_exit/inst/xpm_cdc_async_rst_inst/arststages_ff_reg[1]/C

Slack:                    inf
  Source:                 mem_bd_i/axi_smc/inst/clk_map/psr_aclk/U0/ACTIVE_LOW_BSR_OUT_DFF[0].FDRE_BSR_N/C
                            (rising edge-triggered cell FDRE clocked by clk_pl_0  {rise@0.000ns fall@10.000ns period=20.000ns})
  Destination:            mem_bd_i/axi_smc/inst/m00_exit_pipeline/m00_exit/inst/xpm_cdc_async_rst_inst/arststages_ff_reg[2]/CLR
                            (recovery check against rising-edge clock clk_pl_0  {rise@0.000ns fall@10.000ns period=20.000ns})
  Path Group:             (none)
  Path Type:              Recovery (Max at Slow Process Corner)
  Data Path Delay:        1.925ns  (logic 0.096ns (4.988%)  route 1.829ns (95.012%))
  Logic Levels:           0  
  Clock Path Skew:        -0.228ns (DCD - SCD + CPR)
    Destination Clock Delay (DCD):    1.726ns
    Source Clock Delay      (SCD):    1.954ns
    Clock Pessimism Removal (CPR):    0.000ns
  Clock Uncertainty:      0.229ns  ((TSJ^2 + DJ^2)^1/2) / 2 + PE
    Total System Jitter     (TSJ):    0.071ns
    Discrete Jitter          (DJ):    0.453ns
    Phase Error              (PE):    0.000ns
  Clock Net Delay (Source):      1.747ns (routing 0.638ns, distribution 1.109ns)
  Clock Net Delay (Destination): 1.559ns (routing 0.576ns, distribution 0.983ns)
  Timing Exception:       False Path

    Location             Delay type                Incr(ns)  Path(ns)    Netlist Resource(s)
  -------------------------------------------------------------------    -------------------
                         (clock clk_pl_0 rise edge)
                                                      0.000     0.000 r  
    PS8_X0Y0             PS8                          0.000     0.000 r  mem_bd_i/zynq_ps/inst/PS8_i/PLCLK[0]
                         net (fo=1, routed)           0.178     0.178    mem_bd_i/zynq_ps/inst/pl_clk_unbuffered[0]
    BUFG_PS_X0Y58        BUFG_PS (Prop_BUFG_PS_I_O)
                                                      0.029     0.207 r  mem_bd_i/zynq_ps/inst/buffer_pl_clk_0.PL_CLK_0_BUFG/O
    X0Y1 (CLOCK_ROOT)    net (fo=17960, routed)       1.747     1.954    mem_bd_i/axi_smc/inst/clk_map/psr_aclk/U0/aclk
    SLICE_X9Y73          FDRE                                         r  mem_bd_i/axi_smc/inst/clk_map/psr_aclk/U0/ACTIVE_LOW_BSR_OUT_DFF[0].FDRE_BSR_N/C
  -------------------------------------------------------------------    -------------------
    SLICE_X9Y73          FDRE (Prop_HFF_SLICEM_C_Q)
                                                      0.096     2.050 r  mem_bd_i/axi_smc/inst/clk_map/psr_aclk/U0/ACTIVE_LOW_BSR_OUT_DFF[0].FDRE_BSR_N/Q
                         net (fo=45, routed)          1.829     3.879    mem_bd_i/axi_smc/inst/m00_exit_pipeline/m00_exit/inst/xpm_cdc_async_rst_inst/src_arst
    SLICE_X1Y3           FDCE                                         f  mem_bd_i/axi_smc/inst/m00_exit_pipeline/m00_exit/inst/xpm_cdc_async_rst_inst/arststages_ff_reg[2]/CLR  (IS_INVERTED)
  -------------------------------------------------------------------    -------------------

                         (clock clk_pl_0 rise edge)
                                                      0.000     0.000 r  
    PS8_X0Y0             PS8                          0.000     0.000 r  mem_bd_i/zynq_ps/inst/PS8_i/PLCLK[0]
                         net (fo=1, routed)           0.140     0.140    mem_bd_i/zynq_ps/inst/pl_clk_unbuffered[0]
    BUFG_PS_X0Y58        BUFG_PS (Prop_BUFG_PS_I_O)
                                                      0.027     0.167 r  mem_bd_i/zynq_ps/inst/buffer_pl_clk_0.PL_CLK_0_BUFG/O
    X0Y1 (CLOCK_ROOT)    net (fo=17960, routed)       1.559     1.726    mem_bd_i/axi_smc/inst/m00_exit_pipeline/m00_exit/inst/xpm_cdc_async_rst_inst/dest_clk
    SLICE_X1Y3           FDCE                                         r  mem_bd_i/axi_smc/inst/m00_exit_pipeline/m00_exit/inst/xpm_cdc_async_rst_inst/arststages_ff_reg[2]/C

Slack:                    inf
  Source:                 mem_bd_i/axi_smc/inst/clk_map/psr_aclk/U0/ACTIVE_LOW_BSR_OUT_DFF[0].FDRE_BSR_N/C
                            (rising edge-triggered cell FDRE clocked by clk_pl_0  {rise@0.000ns fall@10.000ns period=20.000ns})
  Destination:            mem_bd_i/axi_smc/inst/s01_nodes/s01_b_node/inst/s_sc_xpm_cdc_async_rst_inst/arststages_ff_reg[0]/CLR
                            (recovery check against rising-edge clock clk_pl_0  {rise@0.000ns fall@10.000ns period=20.000ns})
  Path Group:             (none)
  Path Type:              Recovery (Max at Slow Process Corner)
  Data Path Delay:        1.869ns  (logic 0.096ns (5.137%)  route 1.773ns (94.863%))
  Logic Levels:           0  
  Clock Path Skew:        -0.244ns (DCD - SCD + CPR)
    Destination Clock Delay (DCD):    1.710ns
    Source Clock Delay      (SCD):    1.954ns
    Clock Pessimism Removal (CPR):    0.000ns
  Clock Uncertainty:      0.229ns  ((TSJ^2 + DJ^2)^1/2) / 2 + PE
    Total System Jitter     (TSJ):    0.071ns
    Discrete Jitter          (DJ):    0.453ns
    Phase Error              (PE):    0.000ns
  Clock Net Delay (Source):      1.747ns (routing 0.638ns, distribution 1.109ns)
  Clock Net Delay (Destination): 1.543ns (routing 0.576ns, distribution 0.967ns)
  Timing Exception:       False Path

    Location             Delay type                Incr(ns)  Path(ns)    Netlist Resource(s)
  -------------------------------------------------------------------    -------------------
                         (clock clk_pl_0 rise edge)
                                                      0.000     0.000 r  
    PS8_X0Y0             PS8                          0.000     0.000 r  mem_bd_i/zynq_ps/inst/PS8_i/PLCLK[0]
                         net (fo=1, routed)           0.178     0.178    mem_bd_i/zynq_ps/inst/pl_clk_unbuffered[0]
    BUFG_PS_X0Y58        BUFG_PS (Prop_BUFG_PS_I_O)
                                                      0.029     0.207 r  mem_bd_i/zynq_ps/inst/buffer_pl_clk_0.PL_CLK_0_BUFG/O
    X0Y1 (CLOCK_ROOT)    net (fo=17960, routed)       1.747     1.954    mem_bd_i/axi_smc/inst/clk_map/psr_aclk/U0/aclk
    SLICE_X9Y73          FDRE                                         r  mem_bd_i/axi_smc/inst/clk_map/psr_aclk/U0/ACTIVE_LOW_BSR_OUT_DFF[0].FDRE_BSR_N/C
  -------------------------------------------------------------------    -------------------
    SLICE_X9Y73          FDRE (Prop_HFF_SLICEM_C_Q)
                                                      0.096     2.050 r  mem_bd_i/axi_smc/inst/clk_map/psr_aclk/U0/ACTIVE_LOW_BSR_OUT_DFF[0].FDRE_BSR_N/Q
                         net (fo=45, routed)          1.773     3.823    mem_bd_i/axi_smc/inst/s01_nodes/s01_b_node/inst/s_sc_xpm_cdc_async_rst_inst/src_arst
    SLICE_X11Y7          FDCE                                         f  mem_bd_i/axi_smc/inst/s01_nodes/s01_b_node/inst/s_sc_xpm_cdc_async_rst_inst/arststages_ff_reg[0]/CLR  (IS_INVERTED)
  -------------------------------------------------------------------    -------------------

                         (clock clk_pl_0 rise edge)
                                                      0.000     0.000 r  
    PS8_X0Y0             PS8                          0.000     0.000 r  mem_bd_i/zynq_ps/inst/PS8_i/PLCLK[0]
                         net (fo=1, routed)           0.140     0.140    mem_bd_i/zynq_ps/inst/pl_clk_unbuffered[0]
    BUFG_PS_X0Y58        BUFG_PS (Prop_BUFG_PS_I_O)
                                                      0.027     0.167 r  mem_bd_i/zynq_ps/inst/buffer_pl_clk_0.PL_CLK_0_BUFG/O
    X0Y1 (CLOCK_ROOT)    net (fo=17960, routed)       1.543     1.710    mem_bd_i/axi_smc/inst/s01_nodes/s01_b_node/inst/s_sc_xpm_cdc_async_rst_inst/dest_clk
    SLICE_X11Y7          FDCE                                         r  mem_bd_i/axi_smc/inst/s01_nodes/s01_b_node/inst/s_sc_xpm_cdc_async_rst_inst/arststages_ff_reg[0]/C





Min Delay Paths
--------------------------------------------------------------------------------------
Slack:                    inf
  Source:                 mem_bd_i/axi_smc_full/inst/clk_map/psr_aclk/U0/ACTIVE_LOW_BSR_OUT_DFF[0].FDRE_BSR_N/C
                            (rising edge-triggered cell FDRE clocked by clk_pl_0  {rise@0.000ns fall@10.000ns period=20.000ns})
  Destination:            mem_bd_i/axi_smc_full/inst/s00_entry_pipeline/s00_mmu/inst/xpm_cdc_async_rst_inst/arststages_ff_reg[0]/CLR
                            (removal check against rising-edge clock clk_pl_0  {rise@0.000ns fall@10.000ns period=20.000ns})
  Path Group:             (none)
  Path Type:              Removal (Min at Fast Process Corner)
  Data Path Delay:        0.221ns  (logic 0.039ns (17.632%)  route 0.182ns (82.368%))
  Logic Levels:           0  
  Clock Path Skew:        0.148ns (DCD - SCD - CPR)
    Destination Clock Delay (DCD):    1.135ns
    Source Clock Delay      (SCD):    0.987ns
    Clock Pessimism Removal (CPR):    -0.000ns
  Clock Uncertainty:      0.229ns  ((TSJ^2 + DJ^2)^1/2) / 2 + PE
    Total System Jitter     (TSJ):    0.071ns
    Discrete Jitter          (DJ):    0.453ns
    Phase Error              (PE):    0.000ns
  Clock Net Delay (Source):      0.876ns (routing 0.324ns, distribution 0.552ns)
  Clock Net Delay (Destination): 0.997ns (routing 0.365ns, distribution 0.632ns)
  Timing Exception:       False Path

    Location             Delay type                Incr(ns)  Path(ns)    Netlist Resource(s)
  -------------------------------------------------------------------    -------------------
                         (clock clk_pl_0 rise edge)
                                                      0.000     0.000 r  
    PS8_X0Y0             PS8                          0.000     0.000 r  mem_bd_i/zynq_ps/inst/PS8_i/PLCLK[0]
                         net (fo=1, routed)           0.094     0.094    mem_bd_i/zynq_ps/inst/pl_clk_unbuffered[0]
    BUFG_PS_X0Y58        BUFG_PS (Prop_BUFG_PS_I_O)
                                                      0.017     0.111 r  mem_bd_i/zynq_ps/inst/buffer_pl_clk_0.PL_CLK_0_BUFG/O
    X0Y1 (CLOCK_ROOT)    net (fo=17960, routed)       0.876     0.987    mem_bd_i/axi_smc_full/inst/clk_map/psr_aclk/U0/aclk
    SLICE_X3Y79          FDRE                                         r  mem_bd_i/axi_smc_full/inst/clk_map/psr_aclk/U0/ACTIVE_LOW_BSR_OUT_DFF[0].FDRE_BSR_N/C
  -------------------------------------------------------------------    -------------------
    SLICE_X3Y79          FDRE (Prop_HFF_SLICEL_C_Q)
                                                      0.039     1.026 r  mem_bd_i/axi_smc_full/inst/clk_map/psr_aclk/U0/ACTIVE_LOW_BSR_OUT_DFF[0].FDRE_BSR_N/Q
                         net (fo=27, routed)          0.182     1.208    mem_bd_i/axi_smc_full/inst/s00_entry_pipeline/s00_mmu/inst/xpm_cdc_async_rst_inst/src_arst
    SLICE_X3Y61          FDCE                                         f  mem_bd_i/axi_smc_full/inst/s00_entry_pipeline/s00_mmu/inst/xpm_cdc_async_rst_inst/arststages_ff_reg[0]/CLR  (IS_INVERTED)
  -------------------------------------------------------------------    -------------------

                         (clock clk_pl_0 rise edge)
                                                      0.000     0.000 r  
    PS8_X0Y0             PS8                          0.000     0.000 r  mem_bd_i/zynq_ps/inst/PS8_i/PLCLK[0]
                         net (fo=1, routed)           0.120     0.120    mem_bd_i/zynq_ps/inst/pl_clk_unbuffered[0]
    BUFG_PS_X0Y58        BUFG_PS (Prop_BUFG_PS_I_O)
                                                      0.018     0.138 r  mem_bd_i/zynq_ps/inst/buffer_pl_clk_0.PL_CLK_0_BUFG/O
    X0Y1 (CLOCK_ROOT)    net (fo=17960, routed)       0.997     1.135    mem_bd_i/axi_smc_full/inst/s00_entry_pipeline/s00_mmu/inst/xpm_cdc_async_rst_inst/dest_clk
    SLICE_X3Y61          FDCE                                         r  mem_bd_i/axi_smc_full/inst/s00_entry_pipeline/s00_mmu/inst/xpm_cdc_async_rst_inst/arststages_ff_reg[0]/C

Slack:                    inf
  Source:                 mem_bd_i/axi_smc_full/inst/clk_map/psr_aclk/U0/ACTIVE_LOW_BSR_OUT_DFF[0].FDRE_BSR_N/C
                            (rising edge-triggered cell FDRE clocked by clk_pl_0  {rise@0.000ns fall@10.000ns period=20.000ns})
  Destination:            mem_bd_i/axi_smc_full/inst/s00_entry_pipeline/s00_mmu/inst/xpm_cdc_async_rst_inst/arststages_ff_reg[1]/CLR
                            (removal check against rising-edge clock clk_pl_0  {rise@0.000ns fall@10.000ns period=20.000ns})
  Path Group:             (none)
  Path Type:              Removal (Min at Fast Process Corner)
  Data Path Delay:        0.221ns  (logic 0.039ns (17.632%)  route 0.182ns (82.368%))
  Logic Levels:           0  
  Clock Path Skew:        0.148ns (DCD - SCD - CPR)
    Destination Clock Delay (DCD):    1.135ns
    Source Clock Delay      (SCD):    0.987ns
    Clock Pessimism Removal (CPR):    -0.000ns
  Clock Uncertainty:      0.229ns  ((TSJ^2 + DJ^2)^1/2) / 2 + PE
    Total System Jitter     (TSJ):    0.071ns
    Discrete Jitter          (DJ):    0.453ns
    Phase Error              (PE):    0.000ns
  Clock Net Delay (Source):      0.876ns (routing 0.324ns, distribution 0.552ns)
  Clock Net Delay (Destination): 0.997ns (routing 0.365ns, distribution 0.632ns)
  Timing Exception:       False Path

    Location             Delay type                Incr(ns)  Path(ns)    Netlist Resource(s)
  -------------------------------------------------------------------    -------------------
                         (clock clk_pl_0 rise edge)
                                                      0.000     0.000 r  
    PS8_X0Y0             PS8                          0.000     0.000 r  mem_bd_i/zynq_ps/inst/PS8_i/PLCLK[0]
                         net (fo=1, routed)           0.094     0.094    mem_bd_i/zynq_ps/inst/pl_clk_unbuffered[0]
    BUFG_PS_X0Y58        BUFG_PS (Prop_BUFG_PS_I_O)
                                                      0.017     0.111 r  mem_bd_i/zynq_ps/inst/buffer_pl_clk_0.PL_CLK_0_BUFG/O
    X0Y1 (CLOCK_ROOT)    net (fo=17960, routed)       0.876     0.987    mem_bd_i/axi_smc_full/inst/clk_map/psr_aclk/U0/aclk
    SLICE_X3Y79          FDRE                                         r  mem_bd_i/axi_smc_full/inst/clk_map/psr_aclk/U0/ACTIVE_LOW_BSR_OUT_DFF[0].FDRE_BSR_N/C
  -------------------------------------------------------------------    -------------------
    SLICE_X3Y79          FDRE (Prop_HFF_SLICEL_C_Q)
                                                      0.039     1.026 r  mem_bd_i/axi_smc_full/inst/clk_map/psr_aclk/U0/ACTIVE_LOW_BSR_OUT_DFF[0].FDRE_BSR_N/Q
                         net (fo=27, routed)          0.182     1.208    mem_bd_i/axi_smc_full/inst/s00_entry_pipeline/s00_mmu/inst/xpm_cdc_async_rst_inst/src_arst
    SLICE_X3Y61          FDCE                                         f  mem_bd_i/axi_smc_full/inst/s00_entry_pipeline/s00_mmu/inst/xpm_cdc_async_rst_inst/arststages_ff_reg[1]/CLR  (IS_INVERTED)
  -------------------------------------------------------------------    -------------------

                         (clock clk_pl_0 rise edge)
                                                      0.000     0.000 r  
    PS8_X0Y0             PS8                          0.000     0.000 r  mem_bd_i/zynq_ps/inst/PS8_i/PLCLK[0]
                         net (fo=1, routed)           0.120     0.120    mem_bd_i/zynq_ps/inst/pl_clk_unbuffered[0]
    BUFG_PS_X0Y58        BUFG_PS (Prop_BUFG_PS_I_O)
                                                      0.018     0.138 r  mem_bd_i/zynq_ps/inst/buffer_pl_clk_0.PL_CLK_0_BUFG/O
    X0Y1 (CLOCK_ROOT)    net (fo=17960, routed)       0.997     1.135    mem_bd_i/axi_smc_full/inst/s00_entry_pipeline/s00_mmu/inst/xpm_cdc_async_rst_inst/dest_clk
    SLICE_X3Y61          FDCE                                         r  mem_bd_i/axi_smc_full/inst/s00_entry_pipeline/s00_mmu/inst/xpm_cdc_async_rst_inst/arststages_ff_reg[1]/C

Slack:                    inf
  Source:                 mem_bd_i/axi_smc_full/inst/clk_map/psr_aclk/U0/ACTIVE_LOW_BSR_OUT_DFF[0].FDRE_BSR_N/C
                            (rising edge-triggered cell FDRE clocked by clk_pl_0  {rise@0.000ns fall@10.000ns period=20.000ns})
  Destination:            mem_bd_i/axi_smc_full/inst/s00_entry_pipeline/s00_mmu/inst/xpm_cdc_async_rst_inst/arststages_ff_reg[2]/CLR
                            (removal check against rising-edge clock clk_pl_0  {rise@0.000ns fall@10.000ns period=20.000ns})
  Path Group:             (none)
  Path Type:              Removal (Min at Fast Process Corner)
  Data Path Delay:        0.221ns  (logic 0.039ns (17.632%)  route 0.182ns (82.368%))
  Logic Levels:           0  
  Clock Path Skew:        0.148ns (DCD - SCD - CPR)
    Destination Clock Delay (DCD):    1.135ns
    Source Clock Delay      (SCD):    0.987ns
    Clock Pessimism Removal (CPR):    -0.000ns
  Clock Uncertainty:      0.229ns  ((TSJ^2 + DJ^2)^1/2) / 2 + PE
    Total System Jitter     (TSJ):    0.071ns
    Discrete Jitter          (DJ):    0.453ns
    Phase Error              (PE):    0.000ns
  Clock Net Delay (Source):      0.876ns (routing 0.324ns, distribution 0.552ns)
  Clock Net Delay (Destination): 0.997ns (routing 0.365ns, distribution 0.632ns)
  Timing Exception:       False Path

    Location             Delay type                Incr(ns)  Path(ns)    Netlist Resource(s)
  -------------------------------------------------------------------    -------------------
                         (clock clk_pl_0 rise edge)
                                                      0.000     0.000 r  
    PS8_X0Y0             PS8                          0.000     0.000 r  mem_bd_i/zynq_ps/inst/PS8_i/PLCLK[0]
                         net (fo=1, routed)           0.094     0.094    mem_bd_i/zynq_ps/inst/pl_clk_unbuffered[0]
    BUFG_PS_X0Y58        BUFG_PS (Prop_BUFG_PS_I_O)
                                                      0.017     0.111 r  mem_bd_i/zynq_ps/inst/buffer_pl_clk_0.PL_CLK_0_BUFG/O
    X0Y1 (CLOCK_ROOT)    net (fo=17960, routed)       0.876     0.987    mem_bd_i/axi_smc_full/inst/clk_map/psr_aclk/U0/aclk
    SLICE_X3Y79          FDRE                                         r  mem_bd_i/axi_smc_full/inst/clk_map/psr_aclk/U0/ACTIVE_LOW_BSR_OUT_DFF[0].FDRE_BSR_N/C
  -------------------------------------------------------------------    -------------------
    SLICE_X3Y79          FDRE (Prop_HFF_SLICEL_C_Q)
                                                      0.039     1.026 r  mem_bd_i/axi_smc_full/inst/clk_map/psr_aclk/U0/ACTIVE_LOW_BSR_OUT_DFF[0].FDRE_BSR_N/Q
                         net (fo=27, routed)          0.182     1.208    mem_bd_i/axi_smc_full/inst/s00_entry_pipeline/s00_mmu/inst/xpm_cdc_async_rst_inst/src_arst
    SLICE_X3Y61          FDCE                                         f  mem_bd_i/axi_smc_full/inst/s00_entry_pipeline/s00_mmu/inst/xpm_cdc_async_rst_inst/arststages_ff_reg[2]/CLR  (IS_INVERTED)
  -------------------------------------------------------------------    -------------------

                         (clock clk_pl_0 rise edge)
                                                      0.000     0.000 r  
    PS8_X0Y0             PS8                          0.000     0.000 r  mem_bd_i/zynq_ps/inst/PS8_i/PLCLK[0]
                         net (fo=1, routed)           0.120     0.120    mem_bd_i/zynq_ps/inst/pl_clk_unbuffered[0]
    BUFG_PS_X0Y58        BUFG_PS (Prop_BUFG_PS_I_O)
                                                      0.018     0.138 r  mem_bd_i/zynq_ps/inst/buffer_pl_clk_0.PL_CLK_0_BUFG/O
    X0Y1 (CLOCK_ROOT)    net (fo=17960, routed)       0.997     1.135    mem_bd_i/axi_smc_full/inst/s00_entry_pipeline/s00_mmu/inst/xpm_cdc_async_rst_inst/dest_clk
    SLICE_X3Y61          FDCE                                         r  mem_bd_i/axi_smc_full/inst/s00_entry_pipeline/s00_mmu/inst/xpm_cdc_async_rst_inst/arststages_ff_reg[2]/C

Slack:                    inf
  Source:                 mem_bd_i/proc_sys_reset_0/U0/ACTIVE_LOW_BSR_OUT_DFF[0].FDRE_BSR_N/C
                            (rising edge-triggered cell FDRE clocked by clk_pl_0  {rise@0.000ns fall@10.000ns period=20.000ns})
  Destination:            mem_bd_i/axi_smc/inst/clk_map/psr_aclk/U0/EXT_LPF/ACTIVE_LOW_AUX.ACT_LO_AUX/GENERATE_LEVEL_P_S_CDC.SINGLE_BIT.CROSS_PLEVEL_IN2SCNDRY_IN_cdc_to/D
                            (rising edge-triggered cell FDRE clocked by clk_pl_0  {rise@0.000ns fall@10.000ns period=20.000ns})
  Path Group:             (none)
  Path Type:              Hold (Min at Fast Process Corner)
  Data Path Delay:        0.225ns  (logic 0.090ns (39.934%)  route 0.135ns (60.066%))
  Logic Levels:           1  (LUT1=1)
  Clock Path Skew:        0.145ns (DCD - SCD - CPR)
    Destination Clock Delay (DCD):    1.133ns
    Source Clock Delay      (SCD):    0.988ns
    Clock Pessimism Removal (CPR):    -0.000ns
  Clock Uncertainty:      0.229ns  ((TSJ^2 + DJ^2)^1/2) / 2 + PE
    Total System Jitter     (TSJ):    0.071ns
    Discrete Jitter          (DJ):    0.453ns
    Phase Error              (PE):    0.000ns
  Clock Net Delay (Source):      0.877ns (routing 0.324ns, distribution 0.553ns)
  Clock Net Delay (Destination): 0.995ns (routing 0.365ns, distribution 0.630ns)
  Timing Exception:       False Path

    Location             Delay type                Incr(ns)  Path(ns)    Netlist Resource(s)
  -------------------------------------------------------------------    -------------------
                         (clock clk_pl_0 rise edge)
                                                      0.000     0.000 r  
    PS8_X0Y0             PS8                          0.000     0.000 r  mem_bd_i/zynq_ps/inst/PS8_i/PLCLK[0]
                         net (fo=1, routed)           0.094     0.094    mem_bd_i/zynq_ps/inst/pl_clk_unbuffered[0]
    BUFG_PS_X0Y58        BUFG_PS (Prop_BUFG_PS_I_O)
                                                      0.017     0.111 r  mem_bd_i/zynq_ps/inst/buffer_pl_clk_0.PL_CLK_0_BUFG/O
    X0Y1 (CLOCK_ROOT)    net (fo=17960, routed)       0.877     0.988    mem_bd_i/proc_sys_reset_0/U0/slowest_sync_clk
    SLICE_X9Y83          FDRE                                         r  mem_bd_i/proc_sys_reset_0/U0/ACTIVE_LOW_BSR_OUT_DFF[0].FDRE_BSR_N/C
  -------------------------------------------------------------------    -------------------
    SLICE_X9Y83          FDRE (Prop_HFF_SLICEM_C_Q)
                                                      0.039     1.027 f  mem_bd_i/proc_sys_reset_0/U0/ACTIVE_LOW_BSR_OUT_DFF[0].FDRE_BSR_N/Q
                         net (fo=6, routed)           0.126     1.153    mem_bd_i/axi_smc/inst/clk_map/psr_aclk/U0/EXT_LPF/ACTIVE_LOW_AUX.ACT_LO_AUX/aresetn
    SLICE_X5Y78          LUT1 (Prop_D5LUT_SLICEM_I0_O)
                                                      0.051     1.204 r  mem_bd_i/axi_smc/inst/clk_map/psr_aclk/U0/EXT_LPF/ACTIVE_LOW_AUX.ACT_LO_AUX/GENERATE_LEVEL_P_S_CDC.SINGLE_BIT.CROSS_PLEVEL_IN2SCNDRY_IN_cdc_to_i_1/O
                         net (fo=1, routed)           0.009     1.213    mem_bd_i/axi_smc/inst/clk_map/psr_aclk/U0/EXT_LPF/ACTIVE_LOW_AUX.ACT_LO_AUX/asr_d1
    SLICE_X5Y78          FDRE                                         r  mem_bd_i/axi_smc/inst/clk_map/psr_aclk/U0/EXT_LPF/ACTIVE_LOW_AUX.ACT_LO_AUX/GENERATE_LEVEL_P_S_CDC.SINGLE_BIT.CROSS_PLEVEL_IN2SCNDRY_IN_cdc_to/D
  -------------------------------------------------------------------    -------------------

                         (clock clk_pl_0 rise edge)
                                                      0.000     0.000 r  
    PS8_X0Y0             PS8                          0.000     0.000 r  mem_bd_i/zynq_ps/inst/PS8_i/PLCLK[0]
                         net (fo=1, routed)           0.120     0.120    mem_bd_i/zynq_ps/inst/pl_clk_unbuffered[0]
    BUFG_PS_X0Y58        BUFG_PS (Prop_BUFG_PS_I_O)
                                                      0.018     0.138 r  mem_bd_i/zynq_ps/inst/buffer_pl_clk_0.PL_CLK_0_BUFG/O
    X0Y1 (CLOCK_ROOT)    net (fo=17960, routed)       0.995     1.133    mem_bd_i/axi_smc/inst/clk_map/psr_aclk/U0/EXT_LPF/ACTIVE_LOW_AUX.ACT_LO_AUX/aclk
    SLICE_X5Y78          FDRE                                         r  mem_bd_i/axi_smc/inst/clk_map/psr_aclk/U0/EXT_LPF/ACTIVE_LOW_AUX.ACT_LO_AUX/GENERATE_LEVEL_P_S_CDC.SINGLE_BIT.CROSS_PLEVEL_IN2SCNDRY_IN_cdc_to/C

Slack:                    inf
  Source:                 mem_bd_i/axi_smc_full/inst/clk_map/psr_aclk/U0/ACTIVE_LOW_BSR_OUT_DFF[0].FDRE_BSR_N/C
                            (rising edge-triggered cell FDRE clocked by clk_pl_0  {rise@0.000ns fall@10.000ns period=20.000ns})
  Destination:            mem_bd_i/axi_smc_full/inst/s00_entry_pipeline/s00_transaction_regulator/inst/xpm_cdc_async_rst_inst/arststages_ff_reg[0]/CLR
                            (removal check against rising-edge clock clk_pl_0  {rise@0.000ns fall@10.000ns period=20.000ns})
  Path Group:             (none)
  Path Type:              Removal (Min at Fast Process Corner)
  Data Path Delay:        0.267ns  (logic 0.039ns (14.606%)  route 0.228ns (85.394%))
  Logic Levels:           0  
  Clock Path Skew:        0.149ns (DCD - SCD - CPR)
    Destination Clock Delay (DCD):    1.135ns
    Source Clock Delay      (SCD):    0.987ns
    Clock Pessimism Removal (CPR):    -0.000ns
  Clock Uncertainty:      0.229ns  ((TSJ^2 + DJ^2)^1/2) / 2 + PE
    Total System Jitter     (TSJ):    0.071ns
    Discrete Jitter          (DJ):    0.453ns
    Phase Error              (PE):    0.000ns
  Clock Net Delay (Source):      0.876ns (routing 0.324ns, distribution 0.552ns)
  Clock Net Delay (Destination): 0.997ns (routing 0.365ns, distribution 0.632ns)
  Timing Exception:       False Path

    Location             Delay type                Incr(ns)  Path(ns)    Netlist Resource(s)
  -------------------------------------------------------------------    -------------------
                         (clock clk_pl_0 rise edge)
                                                      0.000     0.000 r  
    PS8_X0Y0             PS8                          0.000     0.000 r  mem_bd_i/zynq_ps/inst/PS8_i/PLCLK[0]
                         net (fo=1, routed)           0.094     0.094    mem_bd_i/zynq_ps/inst/pl_clk_unbuffered[0]
    BUFG_PS_X0Y58        BUFG_PS (Prop_BUFG_PS_I_O)
                                                      0.017     0.111 r  mem_bd_i/zynq_ps/inst/buffer_pl_clk_0.PL_CLK_0_BUFG/O
    X0Y1 (CLOCK_ROOT)    net (fo=17960, routed)       0.876     0.987    mem_bd_i/axi_smc_full/inst/clk_map/psr_aclk/U0/aclk
    SLICE_X3Y79          FDRE                                         r  mem_bd_i/axi_smc_full/inst/clk_map/psr_aclk/U0/ACTIVE_LOW_BSR_OUT_DFF[0].FDRE_BSR_N/C
  -------------------------------------------------------------------    -------------------
    SLICE_X3Y79          FDRE (Prop_HFF_SLICEL_C_Q)
                                                      0.039     1.026 r  mem_bd_i/axi_smc_full/inst/clk_map/psr_aclk/U0/ACTIVE_LOW_BSR_OUT_DFF[0].FDRE_BSR_N/Q
                         net (fo=27, routed)          0.228     1.254    mem_bd_i/axi_smc_full/inst/s00_entry_pipeline/s00_transaction_regulator/inst/xpm_cdc_async_rst_inst/src_arst
    SLICE_X3Y60          FDCE                                         f  mem_bd_i/axi_smc_full/inst/s00_entry_pipeline/s00_transaction_regulator/inst/xpm_cdc_async_rst_inst/arststages_ff_reg[0]/CLR  (IS_INVERTED)
  -------------------------------------------------------------------    -------------------

                         (clock clk_pl_0 rise edge)
                                                      0.000     0.000 r  
    PS8_X0Y0             PS8                          0.000     0.000 r  mem_bd_i/zynq_ps/inst/PS8_i/PLCLK[0]
                         net (fo=1, routed)           0.120     0.120    mem_bd_i/zynq_ps/inst/pl_clk_unbuffered[0]
    BUFG_PS_X0Y58        BUFG_PS (Prop_BUFG_PS_I_O)
                                                      0.018     0.138 r  mem_bd_i/zynq_ps/inst/buffer_pl_clk_0.PL_CLK_0_BUFG/O
    X0Y1 (CLOCK_ROOT)    net (fo=17960, routed)       0.997     1.135    mem_bd_i/axi_smc_full/inst/s00_entry_pipeline/s00_transaction_regulator/inst/xpm_cdc_async_rst_inst/dest_clk
    SLICE_X3Y60          FDCE                                         r  mem_bd_i/axi_smc_full/inst/s00_entry_pipeline/s00_transaction_regulator/inst/xpm_cdc_async_rst_inst/arststages_ff_reg[0]/C

Slack:                    inf
  Source:                 mem_bd_i/axi_smc_full/inst/clk_map/psr_aclk/U0/ACTIVE_LOW_BSR_OUT_DFF[0].FDRE_BSR_N/C
                            (rising edge-triggered cell FDRE clocked by clk_pl_0  {rise@0.000ns fall@10.000ns period=20.000ns})
  Destination:            mem_bd_i/axi_smc_full/inst/s00_entry_pipeline/s00_transaction_regulator/inst/xpm_cdc_async_rst_inst/arststages_ff_reg[1]/CLR
                            (removal check against rising-edge clock clk_pl_0  {rise@0.000ns fall@10.000ns period=20.000ns})
  Path Group:             (none)
  Path Type:              Removal (Min at Fast Process Corner)
  Data Path Delay:        0.267ns  (logic 0.039ns (14.606%)  route 0.228ns (85.394%))
  Logic Levels:           0  
  Clock Path Skew:        0.149ns (DCD - SCD - CPR)
    Destination Clock Delay (DCD):    1.135ns
    Source Clock Delay      (SCD):    0.987ns
    Clock Pessimism Removal (CPR):    -0.000ns
  Clock Uncertainty:      0.229ns  ((TSJ^2 + DJ^2)^1/2) / 2 + PE
    Total System Jitter     (TSJ):    0.071ns
    Discrete Jitter          (DJ):    0.453ns
    Phase Error              (PE):    0.000ns
  Clock Net Delay (Source):      0.876ns (routing 0.324ns, distribution 0.552ns)
  Clock Net Delay (Destination): 0.997ns (routing 0.365ns, distribution 0.632ns)
  Timing Exception:       False Path

    Location             Delay type                Incr(ns)  Path(ns)    Netlist Resource(s)
  -------------------------------------------------------------------    -------------------
                         (clock clk_pl_0 rise edge)
                                                      0.000     0.000 r  
    PS8_X0Y0             PS8                          0.000     0.000 r  mem_bd_i/zynq_ps/inst/PS8_i/PLCLK[0]
                         net (fo=1, routed)           0.094     0.094    mem_bd_i/zynq_ps/inst/pl_clk_unbuffered[0]
    BUFG_PS_X0Y58        BUFG_PS (Prop_BUFG_PS_I_O)
                                                      0.017     0.111 r  mem_bd_i/zynq_ps/inst/buffer_pl_clk_0.PL_CLK_0_BUFG/O
    X0Y1 (CLOCK_ROOT)    net (fo=17960, routed)       0.876     0.987    mem_bd_i/axi_smc_full/inst/clk_map/psr_aclk/U0/aclk
    SLICE_X3Y79          FDRE                                         r  mem_bd_i/axi_smc_full/inst/clk_map/psr_aclk/U0/ACTIVE_LOW_BSR_OUT_DFF[0].FDRE_BSR_N/C
  -------------------------------------------------------------------    -------------------
    SLICE_X3Y79          FDRE (Prop_HFF_SLICEL_C_Q)
                                                      0.039     1.026 r  mem_bd_i/axi_smc_full/inst/clk_map/psr_aclk/U0/ACTIVE_LOW_BSR_OUT_DFF[0].FDRE_BSR_N/Q
                         net (fo=27, routed)          0.228     1.254    mem_bd_i/axi_smc_full/inst/s00_entry_pipeline/s00_transaction_regulator/inst/xpm_cdc_async_rst_inst/src_arst
    SLICE_X3Y60          FDCE                                         f  mem_bd_i/axi_smc_full/inst/s00_entry_pipeline/s00_transaction_regulator/inst/xpm_cdc_async_rst_inst/arststages_ff_reg[1]/CLR  (IS_INVERTED)
  -------------------------------------------------------------------    -------------------

                         (clock clk_pl_0 rise edge)
                                                      0.000     0.000 r  
    PS8_X0Y0             PS8                          0.000     0.000 r  mem_bd_i/zynq_ps/inst/PS8_i/PLCLK[0]
                         net (fo=1, routed)           0.120     0.120    mem_bd_i/zynq_ps/inst/pl_clk_unbuffered[0]
    BUFG_PS_X0Y58        BUFG_PS (Prop_BUFG_PS_I_O)
                                                      0.018     0.138 r  mem_bd_i/zynq_ps/inst/buffer_pl_clk_0.PL_CLK_0_BUFG/O
    X0Y1 (CLOCK_ROOT)    net (fo=17960, routed)       0.997     1.135    mem_bd_i/axi_smc_full/inst/s00_entry_pipeline/s00_transaction_regulator/inst/xpm_cdc_async_rst_inst/dest_clk
    SLICE_X3Y60          FDCE                                         r  mem_bd_i/axi_smc_full/inst/s00_entry_pipeline/s00_transaction_regulator/inst/xpm_cdc_async_rst_inst/arststages_ff_reg[1]/C

Slack:                    inf
  Source:                 mem_bd_i/axi_smc_full/inst/clk_map/psr_aclk/U0/ACTIVE_LOW_BSR_OUT_DFF[0].FDRE_BSR_N/C
                            (rising edge-triggered cell FDRE clocked by clk_pl_0  {rise@0.000ns fall@10.000ns period=20.000ns})
  Destination:            mem_bd_i/axi_smc_full/inst/s00_entry_pipeline/s00_transaction_regulator/inst/xpm_cdc_async_rst_inst/arststages_ff_reg[2]/CLR
                            (removal check against rising-edge clock clk_pl_0  {rise@0.000ns fall@10.000ns period=20.000ns})
  Path Group:             (none)
  Path Type:              Removal (Min at Fast Process Corner)
  Data Path Delay:        0.267ns  (logic 0.039ns (14.606%)  route 0.228ns (85.394%))
  Logic Levels:           0  
  Clock Path Skew:        0.149ns (DCD - SCD - CPR)
    Destination Clock Delay (DCD):    1.135ns
    Source Clock Delay      (SCD):    0.987ns
    Clock Pessimism Removal (CPR):    -0.000ns
  Clock Uncertainty:      0.229ns  ((TSJ^2 + DJ^2)^1/2) / 2 + PE
    Total System Jitter     (TSJ):    0.071ns
    Discrete Jitter          (DJ):    0.453ns
    Phase Error              (PE):    0.000ns
  Clock Net Delay (Source):      0.876ns (routing 0.324ns, distribution 0.552ns)
  Clock Net Delay (Destination): 0.997ns (routing 0.365ns, distribution 0.632ns)
  Timing Exception:       False Path

    Location             Delay type                Incr(ns)  Path(ns)    Netlist Resource(s)
  -------------------------------------------------------------------    -------------------
                         (clock clk_pl_0 rise edge)
                                                      0.000     0.000 r  
    PS8_X0Y0             PS8                          0.000     0.000 r  mem_bd_i/zynq_ps/inst/PS8_i/PLCLK[0]
                         net (fo=1, routed)           0.094     0.094    mem_bd_i/zynq_ps/inst/pl_clk_unbuffered[0]
    BUFG_PS_X0Y58        BUFG_PS (Prop_BUFG_PS_I_O)
                                                      0.017     0.111 r  mem_bd_i/zynq_ps/inst/buffer_pl_clk_0.PL_CLK_0_BUFG/O
    X0Y1 (CLOCK_ROOT)    net (fo=17960, routed)       0.876     0.987    mem_bd_i/axi_smc_full/inst/clk_map/psr_aclk/U0/aclk
    SLICE_X3Y79          FDRE                                         r  mem_bd_i/axi_smc_full/inst/clk_map/psr_aclk/U0/ACTIVE_LOW_BSR_OUT_DFF[0].FDRE_BSR_N/C
  -------------------------------------------------------------------    -------------------
    SLICE_X3Y79          FDRE (Prop_HFF_SLICEL_C_Q)
                                                      0.039     1.026 r  mem_bd_i/axi_smc_full/inst/clk_map/psr_aclk/U0/ACTIVE_LOW_BSR_OUT_DFF[0].FDRE_BSR_N/Q
                         net (fo=27, routed)          0.228     1.254    mem_bd_i/axi_smc_full/inst/s00_entry_pipeline/s00_transaction_regulator/inst/xpm_cdc_async_rst_inst/src_arst
    SLICE_X3Y60          FDCE                                         f  mem_bd_i/axi_smc_full/inst/s00_entry_pipeline/s00_transaction_regulator/inst/xpm_cdc_async_rst_inst/arststages_ff_reg[2]/CLR  (IS_INVERTED)
  -------------------------------------------------------------------    -------------------

                         (clock clk_pl_0 rise edge)
                                                      0.000     0.000 r  
    PS8_X0Y0             PS8                          0.000     0.000 r  mem_bd_i/zynq_ps/inst/PS8_i/PLCLK[0]
                         net (fo=1, routed)           0.120     0.120    mem_bd_i/zynq_ps/inst/pl_clk_unbuffered[0]
    BUFG_PS_X0Y58        BUFG_PS (Prop_BUFG_PS_I_O)
                                                      0.018     0.138 r  mem_bd_i/zynq_ps/inst/buffer_pl_clk_0.PL_CLK_0_BUFG/O
    X0Y1 (CLOCK_ROOT)    net (fo=17960, routed)       0.997     1.135    mem_bd_i/axi_smc_full/inst/s00_entry_pipeline/s00_transaction_regulator/inst/xpm_cdc_async_rst_inst/dest_clk
    SLICE_X3Y60          FDCE                                         r  mem_bd_i/axi_smc_full/inst/s00_entry_pipeline/s00_transaction_regulator/inst/xpm_cdc_async_rst_inst/arststages_ff_reg[2]/C

Slack:                    inf
  Source:                 mem_bd_i/proc_sys_reset_0/U0/ACTIVE_LOW_BSR_OUT_DFF[0].FDRE_BSR_N/C
                            (rising edge-triggered cell FDRE clocked by clk_pl_0  {rise@0.000ns fall@10.000ns period=20.000ns})
  Destination:            mem_bd_i/axi_smc_full/inst/clk_map/psr_aclk/U0/EXT_LPF/ACTIVE_LOW_AUX.ACT_LO_AUX/GENERATE_LEVEL_P_S_CDC.SINGLE_BIT.CROSS_PLEVEL_IN2SCNDRY_IN_cdc_to/D
                            (rising edge-triggered cell FDRE clocked by clk_pl_0  {rise@0.000ns fall@10.000ns period=20.000ns})
  Path Group:             (none)
  Path Type:              Hold (Min at Fast Process Corner)
  Data Path Delay:        0.287ns  (logic 0.089ns (30.971%)  route 0.198ns (69.029%))
  Logic Levels:           1  (LUT1=1)
  Clock Path Skew:        0.154ns (DCD - SCD - CPR)
    Destination Clock Delay (DCD):    1.142ns
    Source Clock Delay      (SCD):    0.988ns
    Clock Pessimism Removal (CPR):    -0.000ns
  Clock Uncertainty:      0.229ns  ((TSJ^2 + DJ^2)^1/2) / 2 + PE
    Total System Jitter     (TSJ):    0.071ns
    Discrete Jitter          (DJ):    0.453ns
    Phase Error              (PE):    0.000ns
  Clock Net Delay (Source):      0.877ns (routing 0.324ns, distribution 0.553ns)
  Clock Net Delay (Destination): 1.004ns (routing 0.365ns, distribution 0.639ns)
  Timing Exception:       False Path

    Location             Delay type                Incr(ns)  Path(ns)    Netlist Resource(s)
  -------------------------------------------------------------------    -------------------
                         (clock clk_pl_0 rise edge)
                                                      0.000     0.000 r  
    PS8_X0Y0             PS8                          0.000     0.000 r  mem_bd_i/zynq_ps/inst/PS8_i/PLCLK[0]
                         net (fo=1, routed)           0.094     0.094    mem_bd_i/zynq_ps/inst/pl_clk_unbuffered[0]
    BUFG_PS_X0Y58        BUFG_PS (Prop_BUFG_PS_I_O)
                                                      0.017     0.111 r  mem_bd_i/zynq_ps/inst/buffer_pl_clk_0.PL_CLK_0_BUFG/O
    X0Y1 (CLOCK_ROOT)    net (fo=17960, routed)       0.877     0.988    mem_bd_i/proc_sys_reset_0/U0/slowest_sync_clk
    SLICE_X9Y83          FDRE                                         r  mem_bd_i/proc_sys_reset_0/U0/ACTIVE_LOW_BSR_OUT_DFF[0].FDRE_BSR_N/C
  -------------------------------------------------------------------    -------------------
    SLICE_X9Y83          FDRE (Prop_HFF_SLICEM_C_Q)
                                                      0.039     1.027 f  mem_bd_i/proc_sys_reset_0/U0/ACTIVE_LOW_BSR_OUT_DFF[0].FDRE_BSR_N/Q
                         net (fo=6, routed)           0.126     1.153    mem_bd_i/axi_smc_full/inst/clk_map/psr_aclk/U0/EXT_LPF/ACTIVE_LOW_AUX.ACT_LO_AUX/aresetn
    SLICE_X5Y78          LUT1 (Prop_D6LUT_SLICEM_I0_O)
                                                      0.050     1.203 r  mem_bd_i/axi_smc_full/inst/clk_map/psr_aclk/U0/EXT_LPF/ACTIVE_LOW_AUX.ACT_LO_AUX/GENERATE_LEVEL_P_S_CDC.SINGLE_BIT.CROSS_PLEVEL_IN2SCNDRY_IN_cdc_to_i_1/O
                         net (fo=1, routed)           0.072     1.275    mem_bd_i/axi_smc_full/inst/clk_map/psr_aclk/U0/EXT_LPF/ACTIVE_LOW_AUX.ACT_LO_AUX/asr_d1
    SLICE_X4Y78          FDRE                                         r  mem_bd_i/axi_smc_full/inst/clk_map/psr_aclk/U0/EXT_LPF/ACTIVE_LOW_AUX.ACT_LO_AUX/GENERATE_LEVEL_P_S_CDC.SINGLE_BIT.CROSS_PLEVEL_IN2SCNDRY_IN_cdc_to/D
  -------------------------------------------------------------------    -------------------

                         (clock clk_pl_0 rise edge)
                                                      0.000     0.000 r  
    PS8_X0Y0             PS8                          0.000     0.000 r  mem_bd_i/zynq_ps/inst/PS8_i/PLCLK[0]
                         net (fo=1, routed)           0.120     0.120    mem_bd_i/zynq_ps/inst/pl_clk_unbuffered[0]
    BUFG_PS_X0Y58        BUFG_PS (Prop_BUFG_PS_I_O)
                                                      0.018     0.138 r  mem_bd_i/zynq_ps/inst/buffer_pl_clk_0.PL_CLK_0_BUFG/O
    X0Y1 (CLOCK_ROOT)    net (fo=17960, routed)       1.004     1.142    mem_bd_i/axi_smc_full/inst/clk_map/psr_aclk/U0/EXT_LPF/ACTIVE_LOW_AUX.ACT_LO_AUX/aclk
    SLICE_X4Y78          FDRE                                         r  mem_bd_i/axi_smc_full/inst/clk_map/psr_aclk/U0/EXT_LPF/ACTIVE_LOW_AUX.ACT_LO_AUX/GENERATE_LEVEL_P_S_CDC.SINGLE_BIT.CROSS_PLEVEL_IN2SCNDRY_IN_cdc_to/C

Slack:                    inf
  Source:                 mem_bd_i/axi_smc_full/inst/clk_map/psr_aclk/U0/ACTIVE_LOW_BSR_OUT_DFF[0].FDRE_BSR_N/C
                            (rising edge-triggered cell FDRE clocked by clk_pl_0  {rise@0.000ns fall@10.000ns period=20.000ns})
  Destination:            mem_bd_i/axi_smc_full/inst/s00_nodes/s00_r_node/inst/s_sc_xpm_cdc_async_rst_inst/arststages_ff_reg[0]/CLR
                            (removal check against rising-edge clock clk_pl_0  {rise@0.000ns fall@10.000ns period=20.000ns})
  Path Group:             (none)
  Path Type:              Removal (Min at Fast Process Corner)
  Data Path Delay:        0.312ns  (logic 0.039ns (12.500%)  route 0.273ns (87.500%))
  Logic Levels:           0  
  Clock Path Skew:        0.159ns (DCD - SCD - CPR)
    Destination Clock Delay (DCD):    1.146ns
    Source Clock Delay      (SCD):    0.987ns
    Clock Pessimism Removal (CPR):    -0.000ns
  Clock Uncertainty:      0.229ns  ((TSJ^2 + DJ^2)^1/2) / 2 + PE
    Total System Jitter     (TSJ):    0.071ns
    Discrete Jitter          (DJ):    0.453ns
    Phase Error              (PE):    0.000ns
  Clock Net Delay (Source):      0.876ns (routing 0.324ns, distribution 0.552ns)
  Clock Net Delay (Destination): 1.008ns (routing 0.365ns, distribution 0.643ns)
  Timing Exception:       False Path

    Location             Delay type                Incr(ns)  Path(ns)    Netlist Resource(s)
  -------------------------------------------------------------------    -------------------
                         (clock clk_pl_0 rise edge)
                                                      0.000     0.000 r  
    PS8_X0Y0             PS8                          0.000     0.000 r  mem_bd_i/zynq_ps/inst/PS8_i/PLCLK[0]
                         net (fo=1, routed)           0.094     0.094    mem_bd_i/zynq_ps/inst/pl_clk_unbuffered[0]
    BUFG_PS_X0Y58        BUFG_PS (Prop_BUFG_PS_I_O)
                                                      0.017     0.111 r  mem_bd_i/zynq_ps/inst/buffer_pl_clk_0.PL_CLK_0_BUFG/O
    X0Y1 (CLOCK_ROOT)    net (fo=17960, routed)       0.876     0.987    mem_bd_i/axi_smc_full/inst/clk_map/psr_aclk/U0/aclk
    SLICE_X3Y79          FDRE                                         r  mem_bd_i/axi_smc_full/inst/clk_map/psr_aclk/U0/ACTIVE_LOW_BSR_OUT_DFF[0].FDRE_BSR_N/C
  -------------------------------------------------------------------    -------------------
    SLICE_X3Y79          FDRE (Prop_HFF_SLICEL_C_Q)
                                                      0.039     1.026 r  mem_bd_i/axi_smc_full/inst/clk_map/psr_aclk/U0/ACTIVE_LOW_BSR_OUT_DFF[0].FDRE_BSR_N/Q
                         net (fo=27, routed)          0.273     1.299    mem_bd_i/axi_smc_full/inst/s00_nodes/s00_r_node/inst/s_sc_xpm_cdc_async_rst_inst/src_arst
    SLICE_X8Y60          FDCE                                         f  mem_bd_i/axi_smc_full/inst/s00_nodes/s00_r_node/inst/s_sc_xpm_cdc_async_rst_inst/arststages_ff_reg[0]/CLR  (IS_INVERTED)
  -------------------------------------------------------------------    -------------------

                         (clock clk_pl_0 rise edge)
                                                      0.000     0.000 r  
    PS8_X0Y0             PS8                          0.000     0.000 r  mem_bd_i/zynq_ps/inst/PS8_i/PLCLK[0]
                         net (fo=1, routed)           0.120     0.120    mem_bd_i/zynq_ps/inst/pl_clk_unbuffered[0]
    BUFG_PS_X0Y58        BUFG_PS (Prop_BUFG_PS_I_O)
                                                      0.018     0.138 r  mem_bd_i/zynq_ps/inst/buffer_pl_clk_0.PL_CLK_0_BUFG/O
    X0Y1 (CLOCK_ROOT)    net (fo=17960, routed)       1.008     1.146    mem_bd_i/axi_smc_full/inst/s00_nodes/s00_r_node/inst/s_sc_xpm_cdc_async_rst_inst/dest_clk
    SLICE_X8Y60          FDCE                                         r  mem_bd_i/axi_smc_full/inst/s00_nodes/s00_r_node/inst/s_sc_xpm_cdc_async_rst_inst/arststages_ff_reg[0]/C

Slack:                    inf
  Source:                 mem_bd_i/axi_smc_full/inst/clk_map/psr_aclk/U0/ACTIVE_LOW_BSR_OUT_DFF[0].FDRE_BSR_N/C
                            (rising edge-triggered cell FDRE clocked by clk_pl_0  {rise@0.000ns fall@10.000ns period=20.000ns})
  Destination:            mem_bd_i/axi_smc_full/inst/s00_nodes/s00_r_node/inst/s_sc_xpm_cdc_async_rst_inst/arststages_ff_reg[1]/CLR
                            (removal check against rising-edge clock clk_pl_0  {rise@0.000ns fall@10.000ns period=20.000ns})
  Path Group:             (none)
  Path Type:              Removal (Min at Fast Process Corner)
  Data Path Delay:        0.312ns  (logic 0.039ns (12.500%)  route 0.273ns (87.500%))
  Logic Levels:           0  
  Clock Path Skew:        0.159ns (DCD - SCD - CPR)
    Destination Clock Delay (DCD):    1.146ns
    Source Clock Delay      (SCD):    0.987ns
    Clock Pessimism Removal (CPR):    -0.000ns
  Clock Uncertainty:      0.229ns  ((TSJ^2 + DJ^2)^1/2) / 2 + PE
    Total System Jitter     (TSJ):    0.071ns
    Discrete Jitter          (DJ):    0.453ns
    Phase Error              (PE):    0.000ns
  Clock Net Delay (Source):      0.876ns (routing 0.324ns, distribution 0.552ns)
  Clock Net Delay (Destination): 1.008ns (routing 0.365ns, distribution 0.643ns)
  Timing Exception:       False Path

    Location             Delay type                Incr(ns)  Path(ns)    Netlist Resource(s)
  -------------------------------------------------------------------    -------------------
                         (clock clk_pl_0 rise edge)
                                                      0.000     0.000 r  
    PS8_X0Y0             PS8                          0.000     0.000 r  mem_bd_i/zynq_ps/inst/PS8_i/PLCLK[0]
                         net (fo=1, routed)           0.094     0.094    mem_bd_i/zynq_ps/inst/pl_clk_unbuffered[0]
    BUFG_PS_X0Y58        BUFG_PS (Prop_BUFG_PS_I_O)
                                                      0.017     0.111 r  mem_bd_i/zynq_ps/inst/buffer_pl_clk_0.PL_CLK_0_BUFG/O
    X0Y1 (CLOCK_ROOT)    net (fo=17960, routed)       0.876     0.987    mem_bd_i/axi_smc_full/inst/clk_map/psr_aclk/U0/aclk
    SLICE_X3Y79          FDRE                                         r  mem_bd_i/axi_smc_full/inst/clk_map/psr_aclk/U0/ACTIVE_LOW_BSR_OUT_DFF[0].FDRE_BSR_N/C
  -------------------------------------------------------------------    -------------------
    SLICE_X3Y79          FDRE (Prop_HFF_SLICEL_C_Q)
                                                      0.039     1.026 r  mem_bd_i/axi_smc_full/inst/clk_map/psr_aclk/U0/ACTIVE_LOW_BSR_OUT_DFF[0].FDRE_BSR_N/Q
                         net (fo=27, routed)          0.273     1.299    mem_bd_i/axi_smc_full/inst/s00_nodes/s00_r_node/inst/s_sc_xpm_cdc_async_rst_inst/src_arst
    SLICE_X8Y60          FDCE                                         f  mem_bd_i/axi_smc_full/inst/s00_nodes/s00_r_node/inst/s_sc_xpm_cdc_async_rst_inst/arststages_ff_reg[1]/CLR  (IS_INVERTED)
  -------------------------------------------------------------------    -------------------

                         (clock clk_pl_0 rise edge)
                                                      0.000     0.000 r  
    PS8_X0Y0             PS8                          0.000     0.000 r  mem_bd_i/zynq_ps/inst/PS8_i/PLCLK[0]
                         net (fo=1, routed)           0.120     0.120    mem_bd_i/zynq_ps/inst/pl_clk_unbuffered[0]
    BUFG_PS_X0Y58        BUFG_PS (Prop_BUFG_PS_I_O)
                                                      0.018     0.138 r  mem_bd_i/zynq_ps/inst/buffer_pl_clk_0.PL_CLK_0_BUFG/O
    X0Y1 (CLOCK_ROOT)    net (fo=17960, routed)       1.008     1.146    mem_bd_i/axi_smc_full/inst/s00_nodes/s00_r_node/inst/s_sc_xpm_cdc_async_rst_inst/dest_clk
    SLICE_X8Y60          FDCE                                         r  mem_bd_i/axi_smc_full/inst/s00_nodes/s00_r_node/inst/s_sc_xpm_cdc_async_rst_inst/arststages_ff_reg[1]/C





