
*** Running vivado
    with args -log mem_bd_wrapper.vdi -applog -m64 -product Vivado -messageDb vivado.pb -mode batch -source mem_bd_wrapper.tcl -notrace


****** Vivado v2023.2 (64-bit)
  **** SW Build 4029153 on Fri Oct 13 20:13:54 MDT 2023
  **** IP Build 4028589 on Sat Oct 14 00:45:43 MDT 2023
  **** SharedData Build 4025554 on Tue Oct 10 17:18:54 MDT 2023
    ** Copyright 1986-2022 Xilinx, Inc. All Rights Reserved.
    ** Copyright 2022-2023 Advanced Micro Devices, Inc. All Rights Reserved.

source mem_bd_wrapper.tcl -notrace
create_project: Time (s): cpu = 00:00:07 ; elapsed = 00:00:07 . Memory (MB): peak = 1561.797 ; gain = 0.023 ; free physical = 14696 ; free virtual = 162903
INFO: [IP_Flow 19-234] Refreshing IP repositories
INFO: [IP_Flow 19-1700] Loaded user IP repository '/home/mss464/minitpu/tpu/ip_repo'.
INFO: [IP_Flow 19-2313] Loaded Vivado IP repository '/opt/xilinx/Vivado/2023.2/data/ip'.
Command: link_design -top mem_bd_wrapper -part xczu3eg-sbva484-1-i
Design is defaulting to srcset: sources_1
Design is defaulting to constrset: constrs_1
INFO: [Device 21-403] Loading part xczu3eg-sbva484-1-i
INFO: [Project 1-454] Reading design checkpoint '/home/mss464/minitpu/tpu/build/mem_system/mem_system.gen/sources_1/bd/mem_bd/ip/mem_bd_axi_dma_0_0/mem_bd_axi_dma_0_0.dcp' for cell 'mem_bd_i/axi_dma_0'
INFO: [Project 1-454] Reading design checkpoint '/home/mss464/minitpu/tpu/build/mem_system/mem_system.gen/sources_1/bd/mem_bd/ip/mem_bd_axi_smc_0/mem_bd_axi_smc_0.dcp' for cell 'mem_bd_i/axi_smc'
INFO: [Project 1-454] Reading design checkpoint '/home/mss464/minitpu/tpu/build/mem_system/mem_system.gen/sources_1/bd/mem_bd/ip/mem_bd_axi_smc_full_0/mem_bd_axi_smc_full_0.dcp' for cell 'mem_bd_i/axi_smc_full'
INFO: [Project 1-454] Reading design checkpoint '/home/mss464/minitpu/tpu/build/mem_system/mem_system.gen/sources_1/bd/mem_bd/ip/mem_bd_mem_top_0_0/mem_bd_mem_top_0_0.dcp' for cell 'mem_bd_i/mem_top_0'
INFO: [Project 1-454] Reading design checkpoint '/home/mss464/minitpu/tpu/build/mem_system/mem_system.gen/sources_1/bd/mem_bd/ip/mem_bd_proc_sys_reset_0_0/mem_bd_proc_sys_reset_0_0.dcp' for cell 'mem_bd_i/proc_sys_reset_0'
INFO: [Project 1-454] Reading design checkpoint '/home/mss464/minitpu/tpu/build/mem_system/mem_system.gen/sources_1/bd/mem_bd/ip/mem_bd_zynq_ps_0/mem_bd_zynq_ps_0.dcp' for cell 'mem_bd_i/zynq_ps'
INFO: [Project 1-454] Reading design checkpoint '/home/mss464/minitpu/tpu/build/mem_system/mem_system.gen/sources_1/bd/mem_bd/ip/mem_bd_xbar_0/mem_bd_xbar_0.dcp' for cell 'mem_bd_i/axi_interconnect_0/xbar'
INFO: [Project 1-454] Reading design checkpoint '/home/mss464/minitpu/tpu/build/mem_system/mem_system.gen/sources_1/bd/mem_bd/ip/mem_bd_auto_pc_0/mem_bd_auto_pc_0.dcp' for cell 'mem_bd_i/axi_interconnect_0/s00_couplers/auto_pc'
Netlist sorting complete. Time (s): cpu = 00:00:00.58 ; elapsed = 00:00:00.59 . Memory (MB): peak = 2505.945 ; gain = 0.000 ; free physical = 13750 ; free virtual = 161961
INFO: [Netlist 29-17] Analyzing 323 Unisim elements for replacement
INFO: [Netlist 29-28] Unisim Transformation completed in 0 CPU seconds
INFO: [Project 1-479] Netlist was created with Vivado 2023.2
INFO: [Project 1-570] Preparing netlist for logic optimization
Parsing XDC File [/home/mss464/minitpu/tpu/build/mem_system/mem_system.gen/sources_1/bd/mem_bd/ip/mem_bd_axi_smc_0/bd_0/ip/ip_22/bd_47d6_m00rn_0_clocks.xdc] for cell 'mem_bd_i/axi_smc/inst/m00_nodes/m00_r_node/inst'
WARNING: [Vivado_Tcl 4-921] Waiver ID 'CDC-1' -to list should not be empty. [/home/mss464/minitpu/tpu/build/mem_system/mem_system.gen/sources_1/bd/mem_bd/ip/mem_bd_axi_smc_0/bd_0/ip/ip_22/bd_47d6_m00rn_0_clocks.xdc:49]
WARNING: [Vivado_Tcl 4-921] Waiver ID 'CDC-1' -to list should not be empty. [/home/mss464/minitpu/tpu/build/mem_system/mem_system.gen/sources_1/bd/mem_bd/ip/mem_bd_axi_smc_0/bd_0/ip/ip_22/bd_47d6_m00rn_0_clocks.xdc:52]
WARNING: [Vivado_Tcl 4-921] Waiver ID 'CDC-1' -to list should not be empty. [/home/mss464/minitpu/tpu/build/mem_system/mem_system.gen/sources_1/bd/mem_bd/ip/mem_bd_axi_smc_0/bd_0/ip/ip_22/bd_47d6_m00rn_0_clocks.xdc:55]
WARNING: [Vivado_Tcl 4-921] Waiver ID 'CDC-1' -to list should not be empty. [/home/mss464/minitpu/tpu/build/mem_system/mem_system.gen/sources_1/bd/mem_bd/ip/mem_bd_axi_smc_0/bd_0/ip/ip_22/bd_47d6_m00rn_0_clocks.xdc:59]
WARNING: [Vivado_Tcl 4-921] Waiver ID 'CDC-1' -to list should not be empty. [/home/mss464/minitpu/tpu/build/mem_system/mem_system.gen/sources_1/bd/mem_bd/ip/mem_bd_axi_smc_0/bd_0/ip/ip_22/bd_47d6_m00rn_0_clocks.xdc:63]
WARNING: [Vivado_Tcl 4-921] Waiver ID 'CDC-1' -to list should not be empty. [/home/mss464/minitpu/tpu/build/mem_system/mem_system.gen/sources_1/bd/mem_bd/ip/mem_bd_axi_smc_0/bd_0/ip/ip_22/bd_47d6_m00rn_0_clocks.xdc:66]
WARNING: [Vivado_Tcl 4-921] Waiver ID 'CDC-1' -to list should not be empty. [/home/mss464/minitpu/tpu/build/mem_system/mem_system.gen/sources_1/bd/mem_bd/ip/mem_bd_axi_smc_0/bd_0/ip/ip_22/bd_47d6_m00rn_0_clocks.xdc:70]
WARNING: [Vivado_Tcl 4-921] Waiver ID 'CDC-1' -to list should not be empty. [/home/mss464/minitpu/tpu/build/mem_system/mem_system.gen/sources_1/bd/mem_bd/ip/mem_bd_axi_smc_0/bd_0/ip/ip_22/bd_47d6_m00rn_0_clocks.xdc:73]
WARNING: [Vivado_Tcl 4-921] Waiver ID 'CDC-1' -to list should not be empty. [/home/mss464/minitpu/tpu/build/mem_system/mem_system.gen/sources_1/bd/mem_bd/ip/mem_bd_axi_smc_0/bd_0/ip/ip_22/bd_47d6_m00rn_0_clocks.xdc:76]
WARNING: [Vivado_Tcl 4-921] Waiver ID 'CDC-1' -to list should not be empty. [/home/mss464/minitpu/tpu/build/mem_system/mem_system.gen/sources_1/bd/mem_bd/ip/mem_bd_axi_smc_0/bd_0/ip/ip_22/bd_47d6_m00rn_0_clocks.xdc:79]
WARNING: [Vivado_Tcl 4-921] Waiver ID 'CDC-4' -to list should not be empty. [/home/mss464/minitpu/tpu/build/mem_system/mem_system.gen/sources_1/bd/mem_bd/ip/mem_bd_axi_smc_0/bd_0/ip/ip_22/bd_47d6_m00rn_0_clocks.xdc:85]
WARNING: [Vivado_Tcl 4-921] Waiver ID 'CDC-4' -to list should not be empty. [/home/mss464/minitpu/tpu/build/mem_system/mem_system.gen/sources_1/bd/mem_bd/ip/mem_bd_axi_smc_0/bd_0/ip/ip_22/bd_47d6_m00rn_0_clocks.xdc:88]
WARNING: [Vivado_Tcl 4-921] Waiver ID 'CDC-2' -to list should not be empty. [/home/mss464/minitpu/tpu/build/mem_system/mem_system.gen/sources_1/bd/mem_bd/ip/mem_bd_axi_smc_0/bd_0/ip/ip_22/bd_47d6_m00rn_0_clocks.xdc:91]
WARNING: [Vivado_Tcl 4-921] Waiver ID 'CDC-2' -to list should not be empty. [/home/mss464/minitpu/tpu/build/mem_system/mem_system.gen/sources_1/bd/mem_bd/ip/mem_bd_axi_smc_0/bd_0/ip/ip_22/bd_47d6_m00rn_0_clocks.xdc:94]
WARNING: [Vivado_Tcl 4-921] Waiver ID 'CDC-2' -to list should not be empty. [/home/mss464/minitpu/tpu/build/mem_system/mem_system.gen/sources_1/bd/mem_bd/ip/mem_bd_axi_smc_0/bd_0/ip/ip_22/bd_47d6_m00rn_0_clocks.xdc:97]
WARNING: [Vivado_Tcl 4-921] Waiver ID 'CDC-2' -to list should not be empty. [/home/mss464/minitpu/tpu/build/mem_system/mem_system.gen/sources_1/bd/mem_bd/ip/mem_bd_axi_smc_0/bd_0/ip/ip_22/bd_47d6_m00rn_0_clocks.xdc:100]
WARNING: [Vivado_Tcl 4-921] Waiver ID 'CDC-1' -to list should not be empty. [/home/mss464/minitpu/tpu/build/mem_system/mem_system.gen/sources_1/bd/mem_bd/ip/mem_bd_axi_smc_0/bd_0/ip/ip_22/bd_47d6_m00rn_0_clocks.xdc:104]
WARNING: [Vivado_Tcl 4-921] Waiver ID 'CDC-10' -to list should not be empty. [/home/mss464/minitpu/tpu/build/mem_system/mem_system.gen/sources_1/bd/mem_bd/ip/mem_bd_axi_smc_0/bd_0/ip/ip_22/bd_47d6_m00rn_0_clocks.xdc:107]
WARNING: [Vivado_Tcl 4-921] Waiver ID 'CDC-10' -to list should not be empty. [/home/mss464/minitpu/tpu/build/mem_system/mem_system.gen/sources_1/bd/mem_bd/ip/mem_bd_axi_smc_0/bd_0/ip/ip_22/bd_47d6_m00rn_0_clocks.xdc:110]
WARNING: [Vivado_Tcl 4-921] Waiver ID 'CDC-1' -to list should not be empty. [/home/mss464/minitpu/tpu/build/mem_system/mem_system.gen/sources_1/bd/mem_bd/ip/mem_bd_axi_smc_0/bd_0/ip/ip_22/bd_47d6_m00rn_0_clocks.xdc:113]
WARNING: [Vivado_Tcl 4-921] Waiver ID 'CDC-1' -to list should not be empty. [/home/mss464/minitpu/tpu/build/mem_system/mem_system.gen/sources_1/bd/mem_bd/ip/mem_bd_axi_smc_0/bd_0/ip/ip_22/bd_47d6_m00rn_0_clocks.xdc:116]
WARNING: [Vivado_Tcl 4-921] Waiver ID 'CDC-1' -to list should not be empty. [/home/mss464/minitpu/tpu/build/mem_system/mem_system.gen/sources_1/bd/mem_bd/ip/mem_bd_axi_smc_0/bd_0/ip/ip_22/bd_47d6_m00rn_0_clocks.xdc:119]
WARNING: [Vivado_Tcl 4-921] Waiver ID 'CDC-13' -to list should not be empty. [/home/mss464/minitpu/tpu/build/mem_system/mem_system.gen/sources_1/bd/mem_bd/ip/mem_bd_axi_smc_0/bd_0/ip/ip_22/bd_47d6_m00rn_0_clocks.xdc:122]
WARNING: [Vivado_Tcl 4-921] Waiver ID 'CDC-1' -to list should not be empty. [/home/mss464/minitpu/tpu/build/mem_system/mem_system.gen/sources_1/bd/mem_bd/ip/mem_bd_axi_smc_0/bd_0/ip/ip_22/bd_47d6_m00rn_0_clocks.xdc:125]
WARNING: [Vivado_Tcl 4-921] Waiver ID 'CDC-1' -to list should not be empty. [/home/mss464/minitpu/tpu/build/mem_system/mem_system.gen/sources_1/bd/mem_bd/ip/mem_bd_axi_smc_0/bd_0/ip/ip_22/bd_47d6_m00rn_0_clocks.xdc:128]
WARNING: [Vivado_Tcl 4-921] Waiver ID 'CDC-13' -to list should not be empty. [/home/mss464/minitpu/tpu/build/mem_system/mem_system.gen/sources_1/bd/mem_bd/ip/mem_bd_axi_smc_0/bd_0/ip/ip_22/bd_47d6_m00rn_0_clocks.xdc:131]
WARNING: [Vivado_Tcl 4-921] Waiver ID 'CDC-1' -to list should not be empty. [/home/mss464/minitpu/tpu/build/mem_system/mem_system.gen/sources_1/bd/mem_bd/ip/mem_bd_axi_smc_0/bd_0/ip/ip_22/bd_47d6_m00rn_0_clocks.xdc:134]
WARNING: [Vivado_Tcl 4-921] Waiver ID 'CDC-10' -to list should not be empty. [/home/mss464/minitpu/tpu/build/mem_system/mem_system.gen/sources_1/bd/mem_bd/ip/mem_bd_axi_smc_0/bd_0/ip/ip_22/bd_47d6_m00rn_0_clocks.xdc:137]
WARNING: [Vivado_Tcl 4-921] Waiver ID 'CDC-1' -to list should not be empty. [/home/mss464/minitpu/tpu/build/mem_system/mem_system.gen/sources_1/bd/mem_bd/ip/mem_bd_axi_smc_0/bd_0/ip/ip_22/bd_47d6_m00rn_0_clocks.xdc:140]
WARNING: [Vivado_Tcl 4-921] Waiver ID 'CDC-1' -to list should not be empty. [/home/mss464/minitpu/tpu/build/mem_system/mem_system.gen/sources_1/bd/mem_bd/ip/mem_bd_axi_smc_0/bd_0/ip/ip_22/bd_47d6_m00rn_0_clocks.xdc:143]
WARNING: [Vivado_Tcl 4-921] Waiver ID 'CDC-1' -to list should not be empty. [/home/mss464/minitpu/tpu/build/mem_system/mem_system.gen/sources_1/bd/mem_bd/ip/mem_bd_axi_smc_0/bd_0/ip/ip_22/bd_47d6_m00rn_0_clocks.xdc:146]
WARNING: [Vivado_Tcl 4-921] Waiver ID 'CDC-2' -to list should not be empty. [/home/mss464/minitpu/tpu/build/mem_system/mem_system.gen/sources_1/bd/mem_bd/ip/mem_bd_axi_smc_0/bd_0/ip/ip_22/bd_47d6_m00rn_0_clocks.xdc:149]
WARNING: [Vivado_Tcl 4-921] Waiver ID 'CDC-1' -to list should not be empty. [/home/mss464/minitpu/tpu/build/mem_system/mem_system.gen/sources_1/bd/mem_bd/ip/mem_bd_axi_smc_0/bd_0/ip/ip_22/bd_47d6_m00rn_0_clocks.xdc:152]
WARNING: [Vivado_Tcl 4-921] Waiver ID 'CDC-1' -to list should not be empty. [/home/mss464/minitpu/tpu/build/mem_system/mem_system.gen/sources_1/bd/mem_bd/ip/mem_bd_axi_smc_0/bd_0/ip/ip_22/bd_47d6_m00rn_0_clocks.xdc:155]
WARNING: [Vivado_Tcl 4-921] Waiver ID 'CDC-10' -to list should not be empty. [/home/mss464/minitpu/tpu/build/mem_system/mem_system.gen/sources_1/bd/mem_bd/ip/mem_bd_axi_smc_0/bd_0/ip/ip_22/bd_47d6_m00rn_0_clocks.xdc:161]
WARNING: [Vivado_Tcl 4-921] Waiver ID 'CDC-4' -to list should not be empty. [/home/mss464/minitpu/tpu/build/mem_system/mem_system.gen/sources_1/bd/mem_bd/ip/mem_bd_axi_smc_0/bd_0/ip/ip_22/bd_47d6_m00rn_0_clocks.xdc:164]
WARNING: [Vivado_Tcl 4-921] Waiver ID 'CDC-4' -to list should not be empty. [/home/mss464/minitpu/tpu/build/mem_system/mem_system.gen/sources_1/bd/mem_bd/ip/mem_bd_axi_smc_0/bd_0/ip/ip_22/bd_47d6_m00rn_0_clocks.xdc:167]
WARNING: [Vivado_Tcl 4-921] Waiver ID 'CDC-4' -to list should not be empty. [/home/mss464/minitpu/tpu/build/mem_system/mem_system.gen/sources_1/bd/mem_bd/ip/mem_bd_axi_smc_0/bd_0/ip/ip_22/bd_47d6_m00rn_0_clocks.xdc:171]
WARNING: [Vivado_Tcl 4-921] Waiver ID 'CDC-4' -to list should not be empty. [/home/mss464/minitpu/tpu/build/mem_system/mem_system.gen/sources_1/bd/mem_bd/ip/mem_bd_axi_smc_0/bd_0/ip/ip_22/bd_47d6_m00rn_0_clocks.xdc:174]
WARNING: [Vivado_Tcl 4-921] Waiver ID 'CDC-1' -to list should not be empty. [/home/mss464/minitpu/tpu/build/mem_system/mem_system.gen/sources_1/bd/mem_bd/ip/mem_bd_axi_smc_0/bd_0/ip/ip_22/bd_47d6_m00rn_0_clocks.xdc:178]
Finished Parsing XDC File [/home/mss464/minitpu/tpu/build/mem_system/mem_system.gen/sources_1/bd/mem_bd/ip/mem_bd_axi_smc_0/bd_0/ip/ip_22/bd_47d6_m00rn_0_clocks.xdc] for cell 'mem_bd_i/axi_smc/inst/m00_nodes/m00_r_node/inst'
Parsing XDC File [/home/mss464/minitpu/tpu/build/mem_system/mem_system.gen/sources_1/bd/mem_bd/ip/mem_bd_axi_smc_full_0/smartconnect.xdc] for cell 'mem_bd_i/axi_smc_full/inst'
WARNING: [Vivado_Tcl 4-919] Waiver ID 'CDC-1' -from list should not be empty. [/home/mss464/minitpu/tpu/build/mem_system/mem_system.gen/sources_1/bd/mem_bd/ip/mem_bd_axi_smc_full_0/smartconnect.xdc:1]
WARNING: [Vivado_Tcl 4-921] Waiver ID 'CDC-1' -to list should not be empty. [/home/mss464/minitpu/tpu/build/mem_system/mem_system.gen/sources_1/bd/mem_bd/ip/mem_bd_axi_smc_full_0/smartconnect.xdc:2]
WARNING: [Vivado_Tcl 4-921] Waiver ID 'CDC-1' -to list should not be empty. [/home/mss464/minitpu/tpu/build/mem_system/mem_system.gen/sources_1/bd/mem_bd/ip/mem_bd_axi_smc_full_0/smartconnect.xdc:3]
WARNING: [Vivado_Tcl 4-921] Waiver ID 'CDC-1' -to list should not be empty. [/home/mss464/minitpu/tpu/build/mem_system/mem_system.gen/sources_1/bd/mem_bd/ip/mem_bd_axi_smc_full_0/smartconnect.xdc:4]
WARNING: [Vivado_Tcl 4-921] Waiver ID 'CDC-1' -to list should not be empty. [/home/mss464/minitpu/tpu/build/mem_system/mem_system.gen/sources_1/bd/mem_bd/ip/mem_bd_axi_smc_full_0/smartconnect.xdc:5]
WARNING: [Vivado_Tcl 4-921] Waiver ID 'CDC-1' -to list should not be empty. [/home/mss464/minitpu/tpu/build/mem_system/mem_system.gen/sources_1/bd/mem_bd/ip/mem_bd_axi_smc_full_0/smartconnect.xdc:6]
WARNING: [Vivado_Tcl 4-921] Waiver ID 'CDC-1' -to list should not be empty. [/home/mss464/minitpu/tpu/build/mem_system/mem_system.gen/sources_1/bd/mem_bd/ip/mem_bd_axi_smc_full_0/smartconnect.xdc:7]
WARNING: [Vivado_Tcl 4-921] Waiver ID 'CDC-1' -to list should not be empty. [/home/mss464/minitpu/tpu/build/mem_system/mem_system.gen/sources_1/bd/mem_bd/ip/mem_bd_axi_smc_full_0/smartconnect.xdc:8]
WARNING: [Vivado_Tcl 4-921] Waiver ID 'CDC-1' -to list should not be empty. [/home/mss464/minitpu/tpu/build/mem_system/mem_system.gen/sources_1/bd/mem_bd/ip/mem_bd_axi_smc_full_0/smartconnect.xdc:9]
WARNING: [Vivado_Tcl 4-921] Waiver ID 'CDC-1' -to list should not be empty. [/home/mss464/minitpu/tpu/build/mem_system/mem_system.gen/sources_1/bd/mem_bd/ip/mem_bd_axi_smc_full_0/smartconnect.xdc:10]
Finished Parsing XDC File [/home/mss464/minitpu/tpu/build/mem_system/mem_system.gen/sources_1/bd/mem_bd/ip/mem_bd_axi_smc_full_0/smartconnect.xdc] for cell 'mem_bd_i/axi_smc_full/inst'
Parsing XDC File [/home/mss464/minitpu/tpu/build/mem_system/mem_system.gen/sources_1/bd/mem_bd/ip/mem_bd_axi_smc_full_0/bd_0/ip/ip_10/bd_3238_sbn_0_clocks.xdc] for cell 'mem_bd_i/axi_smc_full/inst/s00_nodes/s00_b_node/inst'
WARNING: [Vivado_Tcl 4-921] Waiver ID 'CDC-1' -to list should not be empty. [/home/mss464/minitpu/tpu/build/mem_system/mem_system.gen/sources_1/bd/mem_bd/ip/mem_bd_axi_smc_full_0/bd_0/ip/ip_10/bd_3238_sbn_0_clocks.xdc:49]
WARNING: [Vivado_Tcl 4-921] Waiver ID 'CDC-1' -to list should not be empty. [/home/mss464/minitpu/tpu/build/mem_system/mem_system.gen/sources_1/bd/mem_bd/ip/mem_bd_axi_smc_full_0/bd_0/ip/ip_10/bd_3238_sbn_0_clocks.xdc:52]
WARNING: [Vivado_Tcl 4-921] Waiver ID 'CDC-1' -to list should not be empty. [/home/mss464/minitpu/tpu/build/mem_system/mem_system.gen/sources_1/bd/mem_bd/ip/mem_bd_axi_smc_full_0/bd_0/ip/ip_10/bd_3238_sbn_0_clocks.xdc:55]
WARNING: [Vivado_Tcl 4-921] Waiver ID 'CDC-1' -to list should not be empty. [/home/mss464/minitpu/tpu/build/mem_system/mem_system.gen/sources_1/bd/mem_bd/ip/mem_bd_axi_smc_full_0/bd_0/ip/ip_10/bd_3238_sbn_0_clocks.xdc:59]
WARNING: [Vivado_Tcl 4-921] Waiver ID 'CDC-1' -to list should not be empty. [/home/mss464/minitpu/tpu/build/mem_system/mem_system.gen/sources_1/bd/mem_bd/ip/mem_bd_axi_smc_full_0/bd_0/ip/ip_10/bd_3238_sbn_0_clocks.xdc:63]
WARNING: [Vivado_Tcl 4-921] Waiver ID 'CDC-1' -to list should not be empty. [/home/mss464/minitpu/tpu/build/mem_system/mem_system.gen/sources_1/bd/mem_bd/ip/mem_bd_axi_smc_full_0/bd_0/ip/ip_10/bd_3238_sbn_0_clocks.xdc:66]
WARNING: [Vivado_Tcl 4-921] Waiver ID 'CDC-1' -to list should not be empty. [/home/mss464/minitpu/tpu/build/mem_system/mem_system.gen/sources_1/bd/mem_bd/ip/mem_bd_axi_smc_full_0/bd_0/ip/ip_10/bd_3238_sbn_0_clocks.xdc:70]
WARNING: [Vivado_Tcl 4-921] Waiver ID 'CDC-1' -to list should not be empty. [/home/mss464/minitpu/tpu/build/mem_system/mem_system.gen/sources_1/bd/mem_bd/ip/mem_bd_axi_smc_full_0/bd_0/ip/ip_10/bd_3238_sbn_0_clocks.xdc:73]
WARNING: [Vivado_Tcl 4-921] Waiver ID 'CDC-1' -to list should not be empty. [/home/mss464/minitpu/tpu/build/mem_system/mem_system.gen/sources_1/bd/mem_bd/ip/mem_bd_axi_smc_full_0/bd_0/ip/ip_10/bd_3238_sbn_0_clocks.xdc:76]
WARNING: [Vivado_Tcl 4-921] Waiver ID 'CDC-1' -to list should not be empty. [/home/mss464/minitpu/tpu/build/mem_system/mem_system.gen/sources_1/bd/mem_bd/ip/mem_bd_axi_smc_full_0/bd_0/ip/ip_10/bd_3238_sbn_0_clocks.xdc:79]
WARNING: [Vivado_Tcl 4-921] Waiver ID 'CDC-1' -to list should not be empty. [/home/mss464/minitpu/tpu/build/mem_system/mem_system.gen/sources_1/bd/mem_bd/ip/mem_bd_axi_smc_full_0/bd_0/ip/ip_10/bd_3238_sbn_0_clocks.xdc:82]
WARNING: [Vivado_Tcl 4-921] Waiver ID 'CDC-4' -to list should not be empty. [/home/mss464/minitpu/tpu/build/mem_system/mem_system.gen/sources_1/bd/mem_bd/ip/mem_bd_axi_smc_full_0/bd_0/ip/ip_10/bd_3238_sbn_0_clocks.xdc:85]
WARNING: [Vivado_Tcl 4-921] Waiver ID 'CDC-4' -to list should not be empty. [/home/mss464/minitpu/tpu/build/mem_system/mem_system.gen/sources_1/bd/mem_bd/ip/mem_bd_axi_smc_full_0/bd_0/ip/ip_10/bd_3238_sbn_0_clocks.xdc:88]
WARNING: [Vivado_Tcl 4-921] Waiver ID 'CDC-2' -to list should not be empty. [/home/mss464/minitpu/tpu/build/mem_system/mem_system.gen/sources_1/bd/mem_bd/ip/mem_bd_axi_smc_full_0/bd_0/ip/ip_10/bd_3238_sbn_0_clocks.xdc:91]
WARNING: [Vivado_Tcl 4-921] Waiver ID 'CDC-2' -to list should not be empty. [/home/mss464/minitpu/tpu/build/mem_system/mem_system.gen/sources_1/bd/mem_bd/ip/mem_bd_axi_smc_full_0/bd_0/ip/ip_10/bd_3238_sbn_0_clocks.xdc:94]
WARNING: [Vivado_Tcl 4-921] Waiver ID 'CDC-2' -to list should not be empty. [/home/mss464/minitpu/tpu/build/mem_system/mem_system.gen/sources_1/bd/mem_bd/ip/mem_bd_axi_smc_full_0/bd_0/ip/ip_10/bd_3238_sbn_0_clocks.xdc:97]
WARNING: [Vivado_Tcl 4-921] Waiver ID 'CDC-2' -to list should not be empty. [/home/mss464/minitpu/tpu/build/mem_system/mem_system.gen/sources_1/bd/mem_bd/ip/mem_bd_axi_smc_full_0/bd_0/ip/ip_10/bd_3238_sbn_0_clocks.xdc:100]
WARNING: [Vivado_Tcl 4-921] Waiver ID 'CDC-1' -to list should not be empty. [/home/mss464/minitpu/tpu/build/mem_system/mem_system.gen/sources_1/bd/mem_bd/ip/mem_bd_axi_smc_full_0/bd_0/ip/ip_10/bd_3238_sbn_0_clocks.xdc:104]
WARNING: [Vivado_Tcl 4-921] Waiver ID 'CDC-10' -to list should not be empty. [/home/mss464/minitpu/tpu/build/mem_system/mem_system.gen/sources_1/bd/mem_bd/ip/mem_bd_axi_smc_full_0/bd_0/ip/ip_10/bd_3238_sbn_0_clocks.xdc:107]
WARNING: [Vivado_Tcl 4-921] Waiver ID 'CDC-10' -to list should not be empty. [/home/mss464/minitpu/tpu/build/mem_system/mem_system.gen/sources_1/bd/mem_bd/ip/mem_bd_axi_smc_full_0/bd_0/ip/ip_10/bd_3238_sbn_0_clocks.xdc:110]
WARNING: [Vivado_Tcl 4-921] Waiver ID 'CDC-1' -to list should not be empty. [/home/mss464/minitpu/tpu/build/mem_system/mem_system.gen/sources_1/bd/mem_bd/ip/mem_bd_axi_smc_full_0/bd_0/ip/ip_10/bd_3238_sbn_0_clocks.xdc:113]
WARNING: [Vivado_Tcl 4-921] Waiver ID 'CDC-1' -to list should not be empty. [/home/mss464/minitpu/tpu/build/mem_system/mem_system.gen/sources_1/bd/mem_bd/ip/mem_bd_axi_smc_full_0/bd_0/ip/ip_10/bd_3238_sbn_0_clocks.xdc:116]
WARNING: [Vivado_Tcl 4-921] Waiver ID 'CDC-1' -to list should not be empty. [/home/mss464/minitpu/tpu/build/mem_system/mem_system.gen/sources_1/bd/mem_bd/ip/mem_bd_axi_smc_full_0/bd_0/ip/ip_10/bd_3238_sbn_0_clocks.xdc:119]
WARNING: [Vivado_Tcl 4-921] Waiver ID 'CDC-13' -to list should not be empty. [/home/mss464/minitpu/tpu/build/mem_system/mem_system.gen/sources_1/bd/mem_bd/ip/mem_bd_axi_smc_full_0/bd_0/ip/ip_10/bd_3238_sbn_0_clocks.xdc:122]
WARNING: [Vivado_Tcl 4-921] Waiver ID 'CDC-1' -to list should not be empty. [/home/mss464/minitpu/tpu/build/mem_system/mem_system.gen/sources_1/bd/mem_bd/ip/mem_bd_axi_smc_full_0/bd_0/ip/ip_10/bd_3238_sbn_0_clocks.xdc:125]
WARNING: [Vivado_Tcl 4-921] Waiver ID 'CDC-1' -to list should not be empty. [/home/mss464/minitpu/tpu/build/mem_system/mem_system.gen/sources_1/bd/mem_bd/ip/mem_bd_axi_smc_full_0/bd_0/ip/ip_10/bd_3238_sbn_0_clocks.xdc:128]
WARNING: [Vivado_Tcl 4-921] Waiver ID 'CDC-13' -to list should not be empty. [/home/mss464/minitpu/tpu/build/mem_system/mem_system.gen/sources_1/bd/mem_bd/ip/mem_bd_axi_smc_full_0/bd_0/ip/ip_10/bd_3238_sbn_0_clocks.xdc:131]
WARNING: [Vivado_Tcl 4-921] Waiver ID 'CDC-1' -to list should not be empty. [/home/mss464/minitpu/tpu/build/mem_system/mem_system.gen/sources_1/bd/mem_bd/ip/mem_bd_axi_smc_full_0/bd_0/ip/ip_10/bd_3238_sbn_0_clocks.xdc:134]
WARNING: [Vivado_Tcl 4-921] Waiver ID 'CDC-10' -to list should not be empty. [/home/mss464/minitpu/tpu/build/mem_system/mem_system.gen/sources_1/bd/mem_bd/ip/mem_bd_axi_smc_full_0/bd_0/ip/ip_10/bd_3238_sbn_0_clocks.xdc:137]
WARNING: [Vivado_Tcl 4-921] Waiver ID 'CDC-1' -to list should not be empty. [/home/mss464/minitpu/tpu/build/mem_system/mem_system.gen/sources_1/bd/mem_bd/ip/mem_bd_axi_smc_full_0/bd_0/ip/ip_10/bd_3238_sbn_0_clocks.xdc:140]
WARNING: [Vivado_Tcl 4-921] Waiver ID 'CDC-1' -to list should not be empty. [/home/mss464/minitpu/tpu/build/mem_system/mem_system.gen/sources_1/bd/mem_bd/ip/mem_bd_axi_smc_full_0/bd_0/ip/ip_10/bd_3238_sbn_0_clocks.xdc:143]
WARNING: [Vivado_Tcl 4-921] Waiver ID 'CDC-1' -to list should not be empty. [/home/mss464/minitpu/tpu/build/mem_system/mem_system.gen/sources_1/bd/mem_bd/ip/mem_bd_axi_smc_full_0/bd_0/ip/ip_10/bd_3238_sbn_0_clocks.xdc:146]
WARNING: [Vivado_Tcl 4-921] Waiver ID 'CDC-2' -to list should not be empty. [/home/mss464/minitpu/tpu/build/mem_system/mem_system.gen/sources_1/bd/mem_bd/ip/mem_bd_axi_smc_full_0/bd_0/ip/ip_10/bd_3238_sbn_0_clocks.xdc:149]
WARNING: [Vivado_Tcl 4-921] Waiver ID 'CDC-1' -to list should not be empty. [/home/mss464/minitpu/tpu/build/mem_system/mem_system.gen/sources_1/bd/mem_bd/ip/mem_bd_axi_smc_full_0/bd_0/ip/ip_10/bd_3238_sbn_0_clocks.xdc:152]
WARNING: [Vivado_Tcl 4-921] Waiver ID 'CDC-1' -to list should not be empty. [/home/mss464/minitpu/tpu/build/mem_system/mem_system.gen/sources_1/bd/mem_bd/ip/mem_bd_axi_smc_full_0/bd_0/ip/ip_10/bd_3238_sbn_0_clocks.xdc:155]
WARNING: [Vivado_Tcl 4-921] Waiver ID 'CDC-1' -to list should not be empty. [/home/mss464/minitpu/tpu/build/mem_system/mem_system.gen/sources_1/bd/mem_bd/ip/mem_bd_axi_smc_full_0/bd_0/ip/ip_10/bd_3238_sbn_0_clocks.xdc:158]
WARNING: [Vivado_Tcl 4-921] Waiver ID 'CDC-10' -to list should not be empty. [/home/mss464/minitpu/tpu/build/mem_system/mem_system.gen/sources_1/bd/mem_bd/ip/mem_bd_axi_smc_full_0/bd_0/ip/ip_10/bd_3238_sbn_0_clocks.xdc:161]
WARNING: [Vivado_Tcl 4-921] Waiver ID 'CDC-4' -to list should not be empty. [/home/mss464/minitpu/tpu/build/mem_system/mem_system.gen/sources_1/bd/mem_bd/ip/mem_bd_axi_smc_full_0/bd_0/ip/ip_10/bd_3238_sbn_0_clocks.xdc:164]
WARNING: [Vivado_Tcl 4-921] Waiver ID 'CDC-4' -to list should not be empty. [/home/mss464/minitpu/tpu/build/mem_system/mem_system.gen/sources_1/bd/mem_bd/ip/mem_bd_axi_smc_full_0/bd_0/ip/ip_10/bd_3238_sbn_0_clocks.xdc:167]
WARNING: [Vivado_Tcl 4-921] Waiver ID 'CDC-4' -to list should not be empty. [/home/mss464/minitpu/tpu/build/mem_system/mem_system.gen/sources_1/bd/mem_bd/ip/mem_bd_axi_smc_full_0/bd_0/ip/ip_10/bd_3238_sbn_0_clocks.xdc:171]
WARNING: [Vivado_Tcl 4-921] Waiver ID 'CDC-4' -to list should not be empty. [/home/mss464/minitpu/tpu/build/mem_system/mem_system.gen/sources_1/bd/mem_bd/ip/mem_bd_axi_smc_full_0/bd_0/ip/ip_10/bd_3238_sbn_0_clocks.xdc:174]
WARNING: [Vivado_Tcl 4-921] Waiver ID 'CDC-1' -to list should not be empty. [/home/mss464/minitpu/tpu/build/mem_system/mem_system.gen/sources_1/bd/mem_bd/ip/mem_bd_axi_smc_full_0/bd_0/ip/ip_10/bd_3238_sbn_0_clocks.xdc:178]
Finished Parsing XDC File [/home/mss464/minitpu/tpu/build/mem_system/mem_system.gen/sources_1/bd/mem_bd/ip/mem_bd_axi_smc_full_0/bd_0/ip/ip_10/bd_3238_sbn_0_clocks.xdc] for cell 'mem_bd_i/axi_smc_full/inst/s00_nodes/s00_b_node/inst'
Parsing XDC File [/home/mss464/minitpu/tpu/build/mem_system/mem_system.gen/sources_1/bd/mem_bd/ip/mem_bd_axi_smc_full_0/bd_0/ip/ip_9/bd_3238_swn_0_clocks.xdc] for cell 'mem_bd_i/axi_smc_full/inst/s00_nodes/s00_w_node/inst'
INFO: [Common 17-14] Message 'Vivado 12-180' appears 100 times and further instances of the messages will be disabled. Use the Tcl command set_msg_config to change the current settings. [/home/mss464/minitpu/tpu/build/mem_system/mem_system.gen/sources_1/bd/mem_bd/ip/mem_bd_axi_smc_full_0/bd_0/ip/ip_9/bd_3238_swn_0_clocks.xdc:49]
WARNING: [Vivado_Tcl 4-921] Waiver ID 'CDC-1' -to list should not be empty. [/home/mss464/minitpu/tpu/build/mem_system/mem_system.gen/sources_1/bd/mem_bd/ip/mem_bd_axi_smc_full_0/bd_0/ip/ip_9/bd_3238_swn_0_clocks.xdc:49]
WARNING: [Vivado_Tcl 4-921] Waiver ID 'CDC-1' -to list should not be empty. [/home/mss464/minitpu/tpu/build/mem_system/mem_system.gen/sources_1/bd/mem_bd/ip/mem_bd_axi_smc_full_0/bd_0/ip/ip_9/bd_3238_swn_0_clocks.xdc:52]
WARNING: [Vivado_Tcl 4-921] Waiver ID 'CDC-1' -to list should not be empty. [/home/mss464/minitpu/tpu/build/mem_system/mem_system.gen/sources_1/bd/mem_bd/ip/mem_bd_axi_smc_full_0/bd_0/ip/ip_9/bd_3238_swn_0_clocks.xdc:55]
WARNING: [Vivado_Tcl 4-921] Waiver ID 'CDC-1' -to list should not be empty. [/home/mss464/minitpu/tpu/build/mem_system/mem_system.gen/sources_1/bd/mem_bd/ip/mem_bd_axi_smc_full_0/bd_0/ip/ip_9/bd_3238_swn_0_clocks.xdc:59]
WARNING: [Vivado_Tcl 4-921] Waiver ID 'CDC-1' -to list should not be empty. [/home/mss464/minitpu/tpu/build/mem_system/mem_system.gen/sources_1/bd/mem_bd/ip/mem_bd_axi_smc_full_0/bd_0/ip/ip_9/bd_3238_swn_0_clocks.xdc:63]
WARNING: [Vivado_Tcl 4-921] Waiver ID 'CDC-1' -to list should not be empty. [/home/mss464/minitpu/tpu/build/mem_system/mem_system.gen/sources_1/bd/mem_bd/ip/mem_bd_axi_smc_full_0/bd_0/ip/ip_9/bd_3238_swn_0_clocks.xdc:66]
WARNING: [Vivado_Tcl 4-921] Waiver ID 'CDC-1' -to list should not be empty. [/home/mss464/minitpu/tpu/build/mem_system/mem_system.gen/sources_1/bd/mem_bd/ip/mem_bd_axi_smc_full_0/bd_0/ip/ip_9/bd_3238_swn_0_clocks.xdc:70]
WARNING: [Vivado_Tcl 4-921] Waiver ID 'CDC-1' -to list should not be empty. [/home/mss464/minitpu/tpu/build/mem_system/mem_system.gen/sources_1/bd/mem_bd/ip/mem_bd_axi_smc_full_0/bd_0/ip/ip_9/bd_3238_swn_0_clocks.xdc:73]
WARNING: [Vivado_Tcl 4-921] Waiver ID 'CDC-1' -to list should not be empty. [/home/mss464/minitpu/tpu/build/mem_system/mem_system.gen/sources_1/bd/mem_bd/ip/mem_bd_axi_smc_full_0/bd_0/ip/ip_9/bd_3238_swn_0_clocks.xdc:76]
INFO: [Common 17-14] Message 'Vivado_Tcl 4-921' appears 100 times and further instances of the messages will be disabled. Use the Tcl command set_msg_config to change the current settings. [/home/mss464/minitpu/tpu/build/mem_system/mem_system.gen/sources_1/bd/mem_bd/ip/mem_bd_axi_smc_full_0/bd_0/ip/ip_9/bd_3238_swn_0_clocks.xdc:76]
Finished Parsing XDC File [/home/mss464/minitpu/tpu/build/mem_system/mem_system.gen/sources_1/bd/mem_bd/ip/mem_bd_axi_smc_full_0/bd_0/ip/ip_9/bd_3238_swn_0_clocks.xdc] for cell 'mem_bd_i/axi_smc_full/inst/s00_nodes/s00_w_node/inst'
Parsing XDC File [/home/mss464/minitpu/tpu/build/mem_system/mem_system.gen/sources_1/bd/mem_bd/ip/mem_bd_axi_smc_full_0/bd_0/ip/ip_8/bd_3238_sawn_0_clocks.xdc] for cell 'mem_bd_i/axi_smc_full/inst/s00_nodes/s00_aw_node/inst'
Finished Parsing XDC File [/home/mss464/minitpu/tpu/build/mem_system/mem_system.gen/sources_1/bd/mem_bd/ip/mem_bd_axi_smc_full_0/bd_0/ip/ip_8/bd_3238_sawn_0_clocks.xdc] for cell 'mem_bd_i/axi_smc_full/inst/s00_nodes/s00_aw_node/inst'
Parsing XDC File [/home/mss464/minitpu/tpu/build/mem_system/mem_system.gen/sources_1/bd/mem_bd/ip/mem_bd_axi_smc_full_0/bd_0/ip/ip_7/bd_3238_srn_0_clocks.xdc] for cell 'mem_bd_i/axi_smc_full/inst/s00_nodes/s00_r_node/inst'
Finished Parsing XDC File [/home/mss464/minitpu/tpu/build/mem_system/mem_system.gen/sources_1/bd/mem_bd/ip/mem_bd_axi_smc_full_0/bd_0/ip/ip_7/bd_3238_srn_0_clocks.xdc] for cell 'mem_bd_i/axi_smc_full/inst/s00_nodes/s00_r_node/inst'
Parsing XDC File [/home/mss464/minitpu/tpu/build/mem_system/mem_system.gen/sources_1/bd/mem_bd/ip/mem_bd_axi_smc_full_0/bd_0/ip/ip_6/bd_3238_sarn_0_clocks.xdc] for cell 'mem_bd_i/axi_smc_full/inst/s00_nodes/s00_ar_node/inst'
Finished Parsing XDC File [/home/mss464/minitpu/tpu/build/mem_system/mem_system.gen/sources_1/bd/mem_bd/ip/mem_bd_axi_smc_full_0/bd_0/ip/ip_6/bd_3238_sarn_0_clocks.xdc] for cell 'mem_bd_i/axi_smc_full/inst/s00_nodes/s00_ar_node/inst'
Parsing XDC File [/home/mss464/minitpu/tpu/build/mem_system/mem_system.gen/sources_1/bd/mem_bd/ip/mem_bd_axi_smc_full_0/bd_0/ip/ip_1/bd_3238_psr_aclk_0.xdc] for cell 'mem_bd_i/axi_smc_full/inst/clk_map/psr_aclk/U0'
Finished Parsing XDC File [/home/mss464/minitpu/tpu/build/mem_system/mem_system.gen/sources_1/bd/mem_bd/ip/mem_bd_axi_smc_full_0/bd_0/ip/ip_1/bd_3238_psr_aclk_0.xdc] for cell 'mem_bd_i/axi_smc_full/inst/clk_map/psr_aclk/U0'
Parsing XDC File [/home/mss464/minitpu/tpu/build/mem_system/mem_system.gen/sources_1/bd/mem_bd/ip/mem_bd_axi_smc_full_0/bd_0/ip/ip_1/bd_3238_psr_aclk_0_board.xdc] for cell 'mem_bd_i/axi_smc_full/inst/clk_map/psr_aclk/U0'
Finished Parsing XDC File [/home/mss464/minitpu/tpu/build/mem_system/mem_system.gen/sources_1/bd/mem_bd/ip/mem_bd_axi_smc_full_0/bd_0/ip/ip_1/bd_3238_psr_aclk_0_board.xdc] for cell 'mem_bd_i/axi_smc_full/inst/clk_map/psr_aclk/U0'
Parsing XDC File [/home/mss464/minitpu/tpu/build/mem_system/mem_system.gen/sources_1/bd/mem_bd/ip/mem_bd_axi_smc_0/smartconnect.xdc] for cell 'mem_bd_i/axi_smc/inst'
WARNING: [Vivado_Tcl 4-919] Waiver ID 'CDC-1' -from list should not be empty. [/home/mss464/minitpu/tpu/build/mem_system/mem_system.gen/sources_1/bd/mem_bd/ip/mem_bd_axi_smc_0/smartconnect.xdc:1]
Finished Parsing XDC File [/home/mss464/minitpu/tpu/build/mem_system/mem_system.gen/sources_1/bd/mem_bd/ip/mem_bd_axi_smc_0/smartconnect.xdc] for cell 'mem_bd_i/axi_smc/inst'
Parsing XDC File [/home/mss464/minitpu/tpu/build/mem_system/mem_system.gen/sources_1/bd/mem_bd/ip/mem_bd_axi_smc_0/bd_0/ip/ip_25/bd_47d6_m00bn_0_clocks.xdc] for cell 'mem_bd_i/axi_smc/inst/m00_nodes/m00_b_node/inst'
Finished Parsing XDC File [/home/mss464/minitpu/tpu/build/mem_system/mem_system.gen/sources_1/bd/mem_bd/ip/mem_bd_axi_smc_0/bd_0/ip/ip_25/bd_47d6_m00bn_0_clocks.xdc] for cell 'mem_bd_i/axi_smc/inst/m00_nodes/m00_b_node/inst'
Parsing XDC File [/home/mss464/minitpu/tpu/build/mem_system/mem_system.gen/sources_1/bd/mem_bd/ip/mem_bd_axi_smc_0/bd_0/ip/ip_24/bd_47d6_m00wn_0_clocks.xdc] for cell 'mem_bd_i/axi_smc/inst/m00_nodes/m00_w_node/inst'
Finished Parsing XDC File [/home/mss464/minitpu/tpu/build/mem_system/mem_system.gen/sources_1/bd/mem_bd/ip/mem_bd_axi_smc_0/bd_0/ip/ip_24/bd_47d6_m00wn_0_clocks.xdc] for cell 'mem_bd_i/axi_smc/inst/m00_nodes/m00_w_node/inst'
Parsing XDC File [/home/mss464/minitpu/tpu/build/mem_system/mem_system.gen/sources_1/bd/mem_bd/ip/mem_bd_axi_smc_0/bd_0/ip/ip_23/bd_47d6_m00awn_0_clocks.xdc] for cell 'mem_bd_i/axi_smc/inst/m00_nodes/m00_aw_node/inst'
Finished Parsing XDC File [/home/mss464/minitpu/tpu/build/mem_system/mem_system.gen/sources_1/bd/mem_bd/ip/mem_bd_axi_smc_0/bd_0/ip/ip_23/bd_47d6_m00awn_0_clocks.xdc] for cell 'mem_bd_i/axi_smc/inst/m00_nodes/m00_aw_node/inst'
Parsing XDC File [/home/mss464/minitpu/tpu/build/mem_system/mem_system.gen/sources_1/bd/mem_bd/ip/mem_bd_zynq_ps_0/mem_bd_zynq_ps_0.xdc] for cell 'mem_bd_i/zynq_ps/inst'
Finished Parsing XDC File [/home/mss464/minitpu/tpu/build/mem_system/mem_system.gen/sources_1/bd/mem_bd/ip/mem_bd_zynq_ps_0/mem_bd_zynq_ps_0.xdc] for cell 'mem_bd_i/zynq_ps/inst'
Parsing XDC File [/home/mss464/minitpu/tpu/build/mem_system/mem_system.gen/sources_1/bd/mem_bd/ip/mem_bd_axi_smc_0/bd_0/ip/ip_21/bd_47d6_m00arn_0_clocks.xdc] for cell 'mem_bd_i/axi_smc/inst/m00_nodes/m00_ar_node/inst'
Finished Parsing XDC File [/home/mss464/minitpu/tpu/build/mem_system/mem_system.gen/sources_1/bd/mem_bd/ip/mem_bd_axi_smc_0/bd_0/ip/ip_21/bd_47d6_m00arn_0_clocks.xdc] for cell 'mem_bd_i/axi_smc/inst/m00_nodes/m00_ar_node/inst'
Parsing XDC File [/home/mss464/minitpu/tpu/build/mem_system/mem_system.gen/sources_1/bd/mem_bd/ip/mem_bd_axi_smc_0/bd_0/ip/ip_19/bd_47d6_sbn_0_clocks.xdc] for cell 'mem_bd_i/axi_smc/inst/s01_nodes/s01_b_node/inst'
Finished Parsing XDC File [/home/mss464/minitpu/tpu/build/mem_system/mem_system.gen/sources_1/bd/mem_bd/ip/mem_bd_axi_smc_0/bd_0/ip/ip_19/bd_47d6_sbn_0_clocks.xdc] for cell 'mem_bd_i/axi_smc/inst/s01_nodes/s01_b_node/inst'
Parsing XDC File [/home/mss464/minitpu/tpu/build/mem_system/mem_system.gen/sources_1/bd/mem_bd/ip/mem_bd_axi_smc_0/bd_0/ip/ip_18/bd_47d6_swn_0_clocks.xdc] for cell 'mem_bd_i/axi_smc/inst/s01_nodes/s01_w_node/inst'
Finished Parsing XDC File [/home/mss464/minitpu/tpu/build/mem_system/mem_system.gen/sources_1/bd/mem_bd/ip/mem_bd_axi_smc_0/bd_0/ip/ip_18/bd_47d6_swn_0_clocks.xdc] for cell 'mem_bd_i/axi_smc/inst/s01_nodes/s01_w_node/inst'
Parsing XDC File [/home/mss464/minitpu/tpu/build/mem_system/mem_system.gen/sources_1/bd/mem_bd/ip/mem_bd_axi_smc_0/bd_0/ip/ip_17/bd_47d6_sawn_0_clocks.xdc] for cell 'mem_bd_i/axi_smc/inst/s01_nodes/s01_aw_node/inst'
Finished Parsing XDC File [/home/mss464/minitpu/tpu/build/mem_system/mem_system.gen/sources_1/bd/mem_bd/ip/mem_bd_axi_smc_0/bd_0/ip/ip_17/bd_47d6_sawn_0_clocks.xdc] for cell 'mem_bd_i/axi_smc/inst/s01_nodes/s01_aw_node/inst'
Parsing XDC File [/home/mss464/minitpu/tpu/build/mem_system/mem_system.gen/sources_1/bd/mem_bd/ip/mem_bd_axi_smc_0/bd_0/ip/ip_12/bd_47d6_srn_0_clocks.xdc] for cell 'mem_bd_i/axi_smc/inst/s00_nodes/s00_r_node/inst'
Finished Parsing XDC File [/home/mss464/minitpu/tpu/build/mem_system/mem_system.gen/sources_1/bd/mem_bd/ip/mem_bd_axi_smc_0/bd_0/ip/ip_12/bd_47d6_srn_0_clocks.xdc] for cell 'mem_bd_i/axi_smc/inst/s00_nodes/s00_r_node/inst'
Parsing XDC File [/home/mss464/minitpu/tpu/build/mem_system/mem_system.gen/sources_1/bd/mem_bd/ip/mem_bd_axi_smc_0/bd_0/ip/ip_11/bd_47d6_sarn_0_clocks.xdc] for cell 'mem_bd_i/axi_smc/inst/s00_nodes/s00_ar_node/inst'
Finished Parsing XDC File [/home/mss464/minitpu/tpu/build/mem_system/mem_system.gen/sources_1/bd/mem_bd/ip/mem_bd_axi_smc_0/bd_0/ip/ip_11/bd_47d6_sarn_0_clocks.xdc] for cell 'mem_bd_i/axi_smc/inst/s00_nodes/s00_ar_node/inst'
Parsing XDC File [/home/mss464/minitpu/tpu/build/mem_system/mem_system.gen/sources_1/bd/mem_bd/ip/mem_bd_axi_smc_0/bd_0/ip/ip_1/bd_47d6_psr_aclk_0.xdc] for cell 'mem_bd_i/axi_smc/inst/clk_map/psr_aclk/U0'
Finished Parsing XDC File [/home/mss464/minitpu/tpu/build/mem_system/mem_system.gen/sources_1/bd/mem_bd/ip/mem_bd_axi_smc_0/bd_0/ip/ip_1/bd_47d6_psr_aclk_0.xdc] for cell 'mem_bd_i/axi_smc/inst/clk_map/psr_aclk/U0'
Parsing XDC File [/home/mss464/minitpu/tpu/build/mem_system/mem_system.gen/sources_1/bd/mem_bd/ip/mem_bd_axi_smc_0/bd_0/ip/ip_1/bd_47d6_psr_aclk_0_board.xdc] for cell 'mem_bd_i/axi_smc/inst/clk_map/psr_aclk/U0'
Finished Parsing XDC File [/home/mss464/minitpu/tpu/build/mem_system/mem_system.gen/sources_1/bd/mem_bd/ip/mem_bd_axi_smc_0/bd_0/ip/ip_1/bd_47d6_psr_aclk_0_board.xdc] for cell 'mem_bd_i/axi_smc/inst/clk_map/psr_aclk/U0'
Parsing XDC File [/home/mss464/minitpu/tpu/build/mem_system/mem_system.gen/sources_1/bd/mem_bd/ip/mem_bd_axi_dma_0_0/mem_bd_axi_dma_0_0.xdc] for cell 'mem_bd_i/axi_dma_0/U0'
WARNING: [Vivado_Tcl 4-919] Waiver ID 'CDC-1' -from list should not be empty. [/home/mss464/minitpu/tpu/build/mem_system/mem_system.gen/sources_1/bd/mem_bd/ip/mem_bd_axi_dma_0_0/mem_bd_axi_dma_0_0.xdc:61]
Finished Parsing XDC File [/home/mss464/minitpu/tpu/build/mem_system/mem_system.gen/sources_1/bd/mem_bd/ip/mem_bd_axi_dma_0_0/mem_bd_axi_dma_0_0.xdc] for cell 'mem_bd_i/axi_dma_0/U0'
Parsing XDC File [/home/mss464/minitpu/tpu/build/mem_system/mem_system.gen/sources_1/bd/mem_bd/ip/mem_bd_proc_sys_reset_0_0/mem_bd_proc_sys_reset_0_0.xdc] for cell 'mem_bd_i/proc_sys_reset_0/U0'
Finished Parsing XDC File [/home/mss464/minitpu/tpu/build/mem_system/mem_system.gen/sources_1/bd/mem_bd/ip/mem_bd_proc_sys_reset_0_0/mem_bd_proc_sys_reset_0_0.xdc] for cell 'mem_bd_i/proc_sys_reset_0/U0'
Parsing XDC File [/home/mss464/minitpu/tpu/build/mem_system/mem_system.gen/sources_1/bd/mem_bd/ip/mem_bd_proc_sys_reset_0_0/mem_bd_proc_sys_reset_0_0_board.xdc] for cell 'mem_bd_i/proc_sys_reset_0/U0'
Finished Parsing XDC File [/home/mss464/minitpu/tpu/build/mem_system/mem_system.gen/sources_1/bd/mem_bd/ip/mem_bd_proc_sys_reset_0_0/mem_bd_proc_sys_reset_0_0_board.xdc] for cell 'mem_bd_i/proc_sys_reset_0/U0'
Parsing XDC File [/home/mss464/minitpu/tpu/build/mem_system/mem_system.gen/sources_1/bd/mem_bd/ip/mem_bd_axi_dma_0_0/mem_bd_axi_dma_0_0_clocks.xdc] for cell 'mem_bd_i/axi_dma_0/U0'
Finished Parsing XDC File [/home/mss464/minitpu/tpu/build/mem_system/mem_system.gen/sources_1/bd/mem_bd/ip/mem_bd_axi_dma_0_0/mem_bd_axi_dma_0_0_clocks.xdc] for cell 'mem_bd_i/axi_dma_0/U0'
INFO: [Project 1-1714] 68 XPM XDC files have been applied to the design.
INFO: [Opt 31-138] Pushed 0 inverter(s) to 0 load pin(s).
INFO: [Project 1-1687] 668 scoped IP constraints or related sub-commands were skipped due to synthesis logic optimizations usually triggered by constant connectivity or unconnected output pins. To review the skipped constraints and messages, run the command 'set_param netlist.IPMsgFiltering false' before opening the design.
Netlist sorting complete. Time (s): cpu = 00:00:00 ; elapsed = 00:00:00.01 . Memory (MB): peak = 3293.086 ; gain = 0.000 ; free physical = 13331 ; free virtual = 161542
INFO: [Project 1-111] Unisim Transformation Summary:
  A total of 193 instances were transformed.
  RAM16X1D => RAM32X1D (RAMD32(x2)): 1 instance 
  RAM32M16 => RAM32M16 (RAMD32(x14), RAMS32(x2)): 155 instances
  RAM64M8 => RAM64M8 (RAMD64E(x8)): 37 instances

22 Infos, 103 Warnings, 0 Critical Warnings and 0 Errors encountered.
link_design completed successfully
link_design: Time (s): cpu = 00:00:28 ; elapsed = 00:00:26 . Memory (MB): peak = 3293.086 ; gain = 1674.539 ; free physical = 13303 ; free virtual = 161513
Command: opt_design
Attempting to get a license for feature 'Implementation' and/or device 'xczu3eg'
INFO: [Common 17-349] Got license for feature 'Implementation' and/or device 'xczu3eg'
Running DRC as a precondition to command opt_design

Starting DRC Task
INFO: [DRC 23-27] Running DRC with 8 threads
INFO: [Project 1-461] DRC finished with 0 Errors
INFO: [Project 1-462] Please refer to the DRC report (report_drc) for more information.

Time (s): cpu = 00:00:02 ; elapsed = 00:00:01 . Memory (MB): peak = 3293.086 ; gain = 0.000 ; free physical = 13308 ; free virtual = 161519

Starting Cache Timing Information Task
INFO: [Timing 38-35] Done setting XDC timing constraints.
Ending Cache Timing Information Task | Checksum: 1a280b57d

Time (s): cpu = 00:00:03 ; elapsed = 00:00:00.98 . Memory (MB): peak = 3293.086 ; gain = 0.000 ; free physical = 13303 ; free virtual = 161514

Starting Logic Optimization Task

Phase 1 Initialization

Phase 1.1 Core Generation And Design Setup
Phase 1.1 Core Generation And Design Setup | Checksum: 1a280b57d

Time (s): cpu = 00:00:00.01 ; elapsed = 00:00:00.01 . Memory (MB): peak = 3450.934 ; gain = 0.000 ; free physical = 13030 ; free virtual = 161240

Phase 1.2 Setup Constraints And Sort Netlist
Phase 1.2 Setup Constraints And Sort Netlist | Checksum: 1a280b57d

Time (s): cpu = 00:00:00.02 ; elapsed = 00:00:00.02 . Memory (MB): peak = 3450.934 ; gain = 0.000 ; free physical = 13030 ; free virtual = 161240
Phase 1 Initialization | Checksum: 1a280b57d

Time (s): cpu = 00:00:00.02 ; elapsed = 00:00:00.03 . Memory (MB): peak = 3450.934 ; gain = 0.000 ; free physical = 13030 ; free virtual = 161240

Phase 2 Timer Update And Timing Data Collection

Phase 2.1 Timer Update
Phase 2.1 Timer Update | Checksum: 1a280b57d

Time (s): cpu = 00:00:02 ; elapsed = 00:00:00.43 . Memory (MB): peak = 3450.934 ; gain = 0.000 ; free physical = 13024 ; free virtual = 161235

Phase 2.2 Timing Data Collection
Phase 2.2 Timing Data Collection | Checksum: 1a280b57d

Time (s): cpu = 00:00:02 ; elapsed = 00:00:00.5 . Memory (MB): peak = 3450.934 ; gain = 0.000 ; free physical = 13014 ; free virtual = 161225
Phase 2 Timer Update And Timing Data Collection | Checksum: 1a280b57d

Time (s): cpu = 00:00:02 ; elapsed = 00:00:00.5 . Memory (MB): peak = 3450.934 ; gain = 0.000 ; free physical = 13014 ; free virtual = 161225

Phase 3 Retarget
INFO: [Opt 31-1566] Pulled 3 inverters resulting in an inversion of 17 pins
INFO: [Opt 31-138] Pushed 88 inverter(s) to 3248 load pin(s).
INFO: [Opt 31-49] Retargeted 0 cell(s).
Phase 3 Retarget | Checksum: 16c401f2c

Time (s): cpu = 00:00:03 ; elapsed = 00:00:01 . Memory (MB): peak = 3450.934 ; gain = 0.000 ; free physical = 12996 ; free virtual = 161207
Retarget | Checksum: 16c401f2c
INFO: [Opt 31-389] Phase Retarget created 74 cells and removed 439 cells
INFO: [Opt 31-1021] In phase Retarget, 60 netlist objects are constrained preventing optimization. Please run opt_design with -debug_log to get more detail. 

Phase 4 Constant propagation
INFO: [Opt 31-138] Pushed 2 inverter(s) to 7 load pin(s).
Phase 4 Constant propagation | Checksum: 1d1567949

Time (s): cpu = 00:00:03 ; elapsed = 00:00:02 . Memory (MB): peak = 3450.934 ; gain = 0.000 ; free physical = 13004 ; free virtual = 161215
Constant propagation | Checksum: 1d1567949
INFO: [Opt 31-389] Phase Constant propagation created 40 cells and removed 263 cells
INFO: [Opt 31-1021] In phase Constant propagation, 60 netlist objects are constrained preventing optimization. Please run opt_design with -debug_log to get more detail. 

Phase 5 Sweep
Phase 5 Sweep | Checksum: 18b05bbd5

Time (s): cpu = 00:00:05 ; elapsed = 00:00:03 . Memory (MB): peak = 3450.934 ; gain = 0.000 ; free physical = 13015 ; free virtual = 161226
Sweep | Checksum: 18b05bbd5
INFO: [Opt 31-389] Phase Sweep created 0 cells and removed 1183 cells
INFO: [Opt 31-1021] In phase Sweep, 77 netlist objects are constrained preventing optimization. Please run opt_design with -debug_log to get more detail. 

Phase 6 BUFG optimization
INFO: [Opt 31-1077] Phase BUFG optimization inserted 0 global clock buffer(s) for CLOCK_LOW_FANOUT.
Phase 6 BUFG optimization | Checksum: 18b05bbd5

Time (s): cpu = 00:00:05 ; elapsed = 00:00:03 . Memory (MB): peak = 3450.934 ; gain = 0.000 ; free physical = 13019 ; free virtual = 161230
BUFG optimization | Checksum: 18b05bbd5
INFO: [Opt 31-662] Phase BUFG optimization created 0 cells of which 0 are BUFGs and removed 0 cells.

Phase 7 Shift Register Optimization
WARNING: [Opt 31-1131] Can not pull register out from mem_bd_i/axi_interconnect_0/s00_couplers/auto_pc/inst/gen_axilite.gen_b2s_conv.axilite_b2s/RD.r_channel_0/rd_data_fifo_0/memory_reg[31][0]_srl32 due to none static srl address bits
WARNING: [Opt 31-1131] Can not pull register out from mem_bd_i/axi_interconnect_0/s00_couplers/auto_pc/inst/gen_axilite.gen_b2s_conv.axilite_b2s/RD.r_channel_0/rd_data_fifo_0/memory_reg[31][10]_srl32 due to none static srl address bits
WARNING: [Opt 31-1131] Can not pull register out from mem_bd_i/axi_interconnect_0/s00_couplers/auto_pc/inst/gen_axilite.gen_b2s_conv.axilite_b2s/RD.r_channel_0/rd_data_fifo_0/memory_reg[31][11]_srl32 due to none static srl address bits
WARNING: [Opt 31-1131] Can not pull register out from mem_bd_i/axi_interconnect_0/s00_couplers/auto_pc/inst/gen_axilite.gen_b2s_conv.axilite_b2s/RD.r_channel_0/rd_data_fifo_0/memory_reg[31][12]_srl32 due to none static srl address bits
WARNING: [Opt 31-1131] Can not pull register out from mem_bd_i/axi_interconnect_0/s00_couplers/auto_pc/inst/gen_axilite.gen_b2s_conv.axilite_b2s/RD.r_channel_0/rd_data_fifo_0/memory_reg[31][13]_srl32 due to none static srl address bits
WARNING: [Opt 31-1131] Can not pull register out from mem_bd_i/axi_interconnect_0/s00_couplers/auto_pc/inst/gen_axilite.gen_b2s_conv.axilite_b2s/RD.r_channel_0/rd_data_fifo_0/memory_reg[31][14]_srl32 due to none static srl address bits
WARNING: [Opt 31-1131] Can not pull register out from mem_bd_i/axi_interconnect_0/s00_couplers/auto_pc/inst/gen_axilite.gen_b2s_conv.axilite_b2s/RD.r_channel_0/rd_data_fifo_0/memory_reg[31][15]_srl32 due to none static srl address bits
WARNING: [Opt 31-1131] Can not pull register out from mem_bd_i/axi_interconnect_0/s00_couplers/auto_pc/inst/gen_axilite.gen_b2s_conv.axilite_b2s/RD.r_channel_0/rd_data_fifo_0/memory_reg[31][16]_srl32 due to none static srl address bits
WARNING: [Opt 31-1131] Can not pull register out from mem_bd_i/axi_interconnect_0/s00_couplers/auto_pc/inst/gen_axilite.gen_b2s_conv.axilite_b2s/RD.r_channel_0/rd_data_fifo_0/memory_reg[31][17]_srl32 due to none static srl address bits
WARNING: [Opt 31-1131] Can not pull register out from mem_bd_i/axi_interconnect_0/s00_couplers/auto_pc/inst/gen_axilite.gen_b2s_conv.axilite_b2s/RD.r_channel_0/rd_data_fifo_0/memory_reg[31][18]_srl32 due to none static srl address bits
WARNING: [Opt 31-1131] Can not pull register out from mem_bd_i/axi_interconnect_0/s00_couplers/auto_pc/inst/gen_axilite.gen_b2s_conv.axilite_b2s/RD.r_channel_0/rd_data_fifo_0/memory_reg[31][19]_srl32 due to none static srl address bits
WARNING: [Opt 31-1131] Can not pull register out from mem_bd_i/axi_interconnect_0/s00_couplers/auto_pc/inst/gen_axilite.gen_b2s_conv.axilite_b2s/RD.r_channel_0/rd_data_fifo_0/memory_reg[31][1]_srl32 due to none static srl address bits
WARNING: [Opt 31-1131] Can not pull register out from mem_bd_i/axi_interconnect_0/s00_couplers/auto_pc/inst/gen_axilite.gen_b2s_conv.axilite_b2s/RD.r_channel_0/rd_data_fifo_0/memory_reg[31][20]_srl32 due to none static srl address bits
WARNING: [Opt 31-1131] Can not pull register out from mem_bd_i/axi_interconnect_0/s00_couplers/auto_pc/inst/gen_axilite.gen_b2s_conv.axilite_b2s/RD.r_channel_0/rd_data_fifo_0/memory_reg[31][21]_srl32 due to none static srl address bits
WARNING: [Opt 31-1131] Can not pull register out from mem_bd_i/axi_interconnect_0/s00_couplers/auto_pc/inst/gen_axilite.gen_b2s_conv.axilite_b2s/RD.r_channel_0/rd_data_fifo_0/memory_reg[31][22]_srl32 due to none static srl address bits
WARNING: [Opt 31-1131] Can not pull register out from mem_bd_i/axi_interconnect_0/s00_couplers/auto_pc/inst/gen_axilite.gen_b2s_conv.axilite_b2s/RD.r_channel_0/rd_data_fifo_0/memory_reg[31][23]_srl32 due to none static srl address bits
WARNING: [Opt 31-1131] Can not pull register out from mem_bd_i/axi_interconnect_0/s00_couplers/auto_pc/inst/gen_axilite.gen_b2s_conv.axilite_b2s/RD.r_channel_0/rd_data_fifo_0/memory_reg[31][24]_srl32 due to none static srl address bits
WARNING: [Opt 31-1131] Can not pull register out from mem_bd_i/axi_interconnect_0/s00_couplers/auto_pc/inst/gen_axilite.gen_b2s_conv.axilite_b2s/RD.r_channel_0/rd_data_fifo_0/memory_reg[31][25]_srl32 due to none static srl address bits
WARNING: [Opt 31-1131] Can not pull register out from mem_bd_i/axi_interconnect_0/s00_couplers/auto_pc/inst/gen_axilite.gen_b2s_conv.axilite_b2s/RD.r_channel_0/rd_data_fifo_0/memory_reg[31][26]_srl32 due to none static srl address bits
WARNING: [Opt 31-1131] Can not pull register out from mem_bd_i/axi_interconnect_0/s00_couplers/auto_pc/inst/gen_axilite.gen_b2s_conv.axilite_b2s/RD.r_channel_0/rd_data_fifo_0/memory_reg[31][27]_srl32 due to none static srl address bits
WARNING: [Opt 31-1131] Can not pull register out from mem_bd_i/axi_interconnect_0/s00_couplers/auto_pc/inst/gen_axilite.gen_b2s_conv.axilite_b2s/RD.r_channel_0/rd_data_fifo_0/memory_reg[31][28]_srl32 due to none static srl address bits
WARNING: [Opt 31-1131] Can not pull register out from mem_bd_i/axi_interconnect_0/s00_couplers/auto_pc/inst/gen_axilite.gen_b2s_conv.axilite_b2s/RD.r_channel_0/rd_data_fifo_0/memory_reg[31][29]_srl32 due to none static srl address bits
WARNING: [Opt 31-1131] Can not pull register out from mem_bd_i/axi_interconnect_0/s00_couplers/auto_pc/inst/gen_axilite.gen_b2s_conv.axilite_b2s/RD.r_channel_0/rd_data_fifo_0/memory_reg[31][2]_srl32 due to none static srl address bits
WARNING: [Opt 31-1131] Can not pull register out from mem_bd_i/axi_interconnect_0/s00_couplers/auto_pc/inst/gen_axilite.gen_b2s_conv.axilite_b2s/RD.r_channel_0/rd_data_fifo_0/memory_reg[31][30]_srl32 due to none static srl address bits
WARNING: [Opt 31-1131] Can not pull register out from mem_bd_i/axi_interconnect_0/s00_couplers/auto_pc/inst/gen_axilite.gen_b2s_conv.axilite_b2s/RD.r_channel_0/rd_data_fifo_0/memory_reg[31][31]_srl32 due to none static srl address bits
WARNING: [Opt 31-1131] Can not pull register out from mem_bd_i/axi_interconnect_0/s00_couplers/auto_pc/inst/gen_axilite.gen_b2s_conv.axilite_b2s/RD.r_channel_0/rd_data_fifo_0/memory_reg[31][32]_srl32 due to none static srl address bits
WARNING: [Opt 31-1131] Can not pull register out from mem_bd_i/axi_interconnect_0/s00_couplers/auto_pc/inst/gen_axilite.gen_b2s_conv.axilite_b2s/RD.r_channel_0/rd_data_fifo_0/memory_reg[31][33]_srl32 due to none static srl address bits
WARNING: [Opt 31-1131] Can not pull register out from mem_bd_i/axi_interconnect_0/s00_couplers/auto_pc/inst/gen_axilite.gen_b2s_conv.axilite_b2s/RD.r_channel_0/rd_data_fifo_0/memory_reg[31][3]_srl32 due to none static srl address bits
WARNING: [Opt 31-1131] Can not pull register out from mem_bd_i/axi_interconnect_0/s00_couplers/auto_pc/inst/gen_axilite.gen_b2s_conv.axilite_b2s/RD.r_channel_0/rd_data_fifo_0/memory_reg[31][4]_srl32 due to none static srl address bits
WARNING: [Opt 31-1131] Can not pull register out from mem_bd_i/axi_interconnect_0/s00_couplers/auto_pc/inst/gen_axilite.gen_b2s_conv.axilite_b2s/RD.r_channel_0/rd_data_fifo_0/memory_reg[31][5]_srl32 due to none static srl address bits
WARNING: [Opt 31-1131] Can not pull register out from mem_bd_i/axi_interconnect_0/s00_couplers/auto_pc/inst/gen_axilite.gen_b2s_conv.axilite_b2s/RD.r_channel_0/rd_data_fifo_0/memory_reg[31][6]_srl32 due to none static srl address bits
WARNING: [Opt 31-1131] Can not pull register out from mem_bd_i/axi_interconnect_0/s00_couplers/auto_pc/inst/gen_axilite.gen_b2s_conv.axilite_b2s/RD.r_channel_0/rd_data_fifo_0/memory_reg[31][7]_srl32 due to none static srl address bits
WARNING: [Opt 31-1131] Can not pull register out from mem_bd_i/axi_interconnect_0/s00_couplers/auto_pc/inst/gen_axilite.gen_b2s_conv.axilite_b2s/RD.r_channel_0/rd_data_fifo_0/memory_reg[31][8]_srl32 due to none static srl address bits
WARNING: [Opt 31-1131] Can not pull register out from mem_bd_i/axi_interconnect_0/s00_couplers/auto_pc/inst/gen_axilite.gen_b2s_conv.axilite_b2s/RD.r_channel_0/rd_data_fifo_0/memory_reg[31][9]_srl32 due to none static srl address bits
WARNING: [Opt 31-1131] Can not pull register out from mem_bd_i/axi_interconnect_0/s00_couplers/auto_pc/inst/gen_axilite.gen_b2s_conv.axilite_b2s/RD.r_channel_0/transaction_fifo_0/memory_reg[31][0]_srl32 due to none static srl address bits
WARNING: [Opt 31-1131] Can not pull register out from mem_bd_i/axi_interconnect_0/s00_couplers/auto_pc/inst/gen_axilite.gen_b2s_conv.axilite_b2s/RD.r_channel_0/transaction_fifo_0/memory_reg[31][10]_srl32 due to none static srl address bits
WARNING: [Opt 31-1131] Can not pull register out from mem_bd_i/axi_interconnect_0/s00_couplers/auto_pc/inst/gen_axilite.gen_b2s_conv.axilite_b2s/RD.r_channel_0/transaction_fifo_0/memory_reg[31][11]_srl32 due to none static srl address bits
WARNING: [Opt 31-1131] Can not pull register out from mem_bd_i/axi_interconnect_0/s00_couplers/auto_pc/inst/gen_axilite.gen_b2s_conv.axilite_b2s/RD.r_channel_0/transaction_fifo_0/memory_reg[31][12]_srl32 due to none static srl address bits
WARNING: [Opt 31-1131] Can not pull register out from mem_bd_i/axi_interconnect_0/s00_couplers/auto_pc/inst/gen_axilite.gen_b2s_conv.axilite_b2s/RD.r_channel_0/transaction_fifo_0/memory_reg[31][13]_srl32 due to none static srl address bits
WARNING: [Opt 31-1131] Can not pull register out from mem_bd_i/axi_interconnect_0/s00_couplers/auto_pc/inst/gen_axilite.gen_b2s_conv.axilite_b2s/RD.r_channel_0/transaction_fifo_0/memory_reg[31][14]_srl32 due to none static srl address bits
WARNING: [Opt 31-1131] Can not pull register out from mem_bd_i/axi_interconnect_0/s00_couplers/auto_pc/inst/gen_axilite.gen_b2s_conv.axilite_b2s/RD.r_channel_0/transaction_fifo_0/memory_reg[31][15]_srl32 due to none static srl address bits
WARNING: [Opt 31-1131] Can not pull register out from mem_bd_i/axi_interconnect_0/s00_couplers/auto_pc/inst/gen_axilite.gen_b2s_conv.axilite_b2s/RD.r_channel_0/transaction_fifo_0/memory_reg[31][16]_srl32 due to none static srl address bits
WARNING: [Opt 31-1131] Can not pull register out from mem_bd_i/axi_interconnect_0/s00_couplers/auto_pc/inst/gen_axilite.gen_b2s_conv.axilite_b2s/RD.r_channel_0/transaction_fifo_0/memory_reg[31][1]_srl32 due to none static srl address bits
WARNING: [Opt 31-1131] Can not pull register out from mem_bd_i/axi_interconnect_0/s00_couplers/auto_pc/inst/gen_axilite.gen_b2s_conv.axilite_b2s/RD.r_channel_0/transaction_fifo_0/memory_reg[31][2]_srl32 due to none static srl address bits
WARNING: [Opt 31-1131] Can not pull register out from mem_bd_i/axi_interconnect_0/s00_couplers/auto_pc/inst/gen_axilite.gen_b2s_conv.axilite_b2s/RD.r_channel_0/transaction_fifo_0/memory_reg[31][3]_srl32 due to none static srl address bits
WARNING: [Opt 31-1131] Can not pull register out from mem_bd_i/axi_interconnect_0/s00_couplers/auto_pc/inst/gen_axilite.gen_b2s_conv.axilite_b2s/RD.r_channel_0/transaction_fifo_0/memory_reg[31][4]_srl32 due to none static srl address bits
WARNING: [Opt 31-1131] Can not pull register out from mem_bd_i/axi_interconnect_0/s00_couplers/auto_pc/inst/gen_axilite.gen_b2s_conv.axilite_b2s/RD.r_channel_0/transaction_fifo_0/memory_reg[31][5]_srl32 due to none static srl address bits
WARNING: [Opt 31-1131] Can not pull register out from mem_bd_i/axi_interconnect_0/s00_couplers/auto_pc/inst/gen_axilite.gen_b2s_conv.axilite_b2s/RD.r_channel_0/transaction_fifo_0/memory_reg[31][6]_srl32 due to none static srl address bits
WARNING: [Opt 31-1131] Can not pull register out from mem_bd_i/axi_interconnect_0/s00_couplers/auto_pc/inst/gen_axilite.gen_b2s_conv.axilite_b2s/RD.r_channel_0/transaction_fifo_0/memory_reg[31][7]_srl32 due to none static srl address bits
WARNING: [Opt 31-1131] Can not pull register out from mem_bd_i/axi_interconnect_0/s00_couplers/auto_pc/inst/gen_axilite.gen_b2s_conv.axilite_b2s/RD.r_channel_0/transaction_fifo_0/memory_reg[31][8]_srl32 due to none static srl address bits
WARNING: [Opt 31-1131] Can not pull register out from mem_bd_i/axi_interconnect_0/s00_couplers/auto_pc/inst/gen_axilite.gen_b2s_conv.axilite_b2s/RD.r_channel_0/transaction_fifo_0/memory_reg[31][9]_srl32 due to none static srl address bits
WARNING: [Opt 31-1131] Can not pull register out from mem_bd_i/axi_interconnect_0/s00_couplers/auto_pc/inst/gen_axilite.gen_b2s_conv.axilite_b2s/WR.b_channel_0/bid_fifo_0/memory_reg[3][0]_srl4 due to none static srl address bits
WARNING: [Opt 31-1131] Can not pull register out from mem_bd_i/axi_interconnect_0/s00_couplers/auto_pc/inst/gen_axilite.gen_b2s_conv.axilite_b2s/WR.b_channel_0/bid_fifo_0/memory_reg[3][10]_srl4 due to none static srl address bits
WARNING: [Opt 31-1131] Can not pull register out from mem_bd_i/axi_interconnect_0/s00_couplers/auto_pc/inst/gen_axilite.gen_b2s_conv.axilite_b2s/WR.b_channel_0/bid_fifo_0/memory_reg[3][11]_srl4 due to none static srl address bits
WARNING: [Opt 31-1131] Can not pull register out from mem_bd_i/axi_interconnect_0/s00_couplers/auto_pc/inst/gen_axilite.gen_b2s_conv.axilite_b2s/WR.b_channel_0/bid_fifo_0/memory_reg[3][12]_srl4 due to none static srl address bits
WARNING: [Opt 31-1131] Can not pull register out from mem_bd_i/axi_interconnect_0/s00_couplers/auto_pc/inst/gen_axilite.gen_b2s_conv.axilite_b2s/WR.b_channel_0/bid_fifo_0/memory_reg[3][13]_srl4 due to none static srl address bits
WARNING: [Opt 31-1131] Can not pull register out from mem_bd_i/axi_interconnect_0/s00_couplers/auto_pc/inst/gen_axilite.gen_b2s_conv.axilite_b2s/WR.b_channel_0/bid_fifo_0/memory_reg[3][14]_srl4 due to none static srl address bits
WARNING: [Opt 31-1131] Can not pull register out from mem_bd_i/axi_interconnect_0/s00_couplers/auto_pc/inst/gen_axilite.gen_b2s_conv.axilite_b2s/WR.b_channel_0/bid_fifo_0/memory_reg[3][15]_srl4 due to none static srl address bits
WARNING: [Opt 31-1131] Can not pull register out from mem_bd_i/axi_interconnect_0/s00_couplers/auto_pc/inst/gen_axilite.gen_b2s_conv.axilite_b2s/WR.b_channel_0/bid_fifo_0/memory_reg[3][16]_srl4 due to none static srl address bits
WARNING: [Opt 31-1131] Can not pull register out from mem_bd_i/axi_interconnect_0/s00_couplers/auto_pc/inst/gen_axilite.gen_b2s_conv.axilite_b2s/WR.b_channel_0/bid_fifo_0/memory_reg[3][17]_srl4 due to none static srl address bits
WARNING: [Opt 31-1131] Can not pull register out from mem_bd_i/axi_interconnect_0/s00_couplers/auto_pc/inst/gen_axilite.gen_b2s_conv.axilite_b2s/WR.b_channel_0/bid_fifo_0/memory_reg[3][18]_srl4 due to none static srl address bits
WARNING: [Opt 31-1131] Can not pull register out from mem_bd_i/axi_interconnect_0/s00_couplers/auto_pc/inst/gen_axilite.gen_b2s_conv.axilite_b2s/WR.b_channel_0/bid_fifo_0/memory_reg[3][19]_srl4 due to none static srl address bits
WARNING: [Opt 31-1131] Can not pull register out from mem_bd_i/axi_interconnect_0/s00_couplers/auto_pc/inst/gen_axilite.gen_b2s_conv.axilite_b2s/WR.b_channel_0/bid_fifo_0/memory_reg[3][1]_srl4 due to none static srl address bits
WARNING: [Opt 31-1131] Can not pull register out from mem_bd_i/axi_interconnect_0/s00_couplers/auto_pc/inst/gen_axilite.gen_b2s_conv.axilite_b2s/WR.b_channel_0/bid_fifo_0/memory_reg[3][20]_srl4 due to none static srl address bits
WARNING: [Opt 31-1131] Can not pull register out from mem_bd_i/axi_interconnect_0/s00_couplers/auto_pc/inst/gen_axilite.gen_b2s_conv.axilite_b2s/WR.b_channel_0/bid_fifo_0/memory_reg[3][21]_srl4 due to none static srl address bits
WARNING: [Opt 31-1131] Can not pull register out from mem_bd_i/axi_interconnect_0/s00_couplers/auto_pc/inst/gen_axilite.gen_b2s_conv.axilite_b2s/WR.b_channel_0/bid_fifo_0/memory_reg[3][22]_srl4 due to none static srl address bits
WARNING: [Opt 31-1131] Can not pull register out from mem_bd_i/axi_interconnect_0/s00_couplers/auto_pc/inst/gen_axilite.gen_b2s_conv.axilite_b2s/WR.b_channel_0/bid_fifo_0/memory_reg[3][23]_srl4 due to none static srl address bits
WARNING: [Opt 31-1131] Can not pull register out from mem_bd_i/axi_interconnect_0/s00_couplers/auto_pc/inst/gen_axilite.gen_b2s_conv.axilite_b2s/WR.b_channel_0/bid_fifo_0/memory_reg[3][2]_srl4 due to none static srl address bits
WARNING: [Opt 31-1131] Can not pull register out from mem_bd_i/axi_interconnect_0/s00_couplers/auto_pc/inst/gen_axilite.gen_b2s_conv.axilite_b2s/WR.b_channel_0/bid_fifo_0/memory_reg[3][3]_srl4 due to none static srl address bits
WARNING: [Opt 31-1131] Can not pull register out from mem_bd_i/axi_interconnect_0/s00_couplers/auto_pc/inst/gen_axilite.gen_b2s_conv.axilite_b2s/WR.b_channel_0/bid_fifo_0/memory_reg[3][4]_srl4 due to none static srl address bits
WARNING: [Opt 31-1131] Can not pull register out from mem_bd_i/axi_interconnect_0/s00_couplers/auto_pc/inst/gen_axilite.gen_b2s_conv.axilite_b2s/WR.b_channel_0/bid_fifo_0/memory_reg[3][5]_srl4 due to none static srl address bits
WARNING: [Opt 31-1131] Can not pull register out from mem_bd_i/axi_interconnect_0/s00_couplers/auto_pc/inst/gen_axilite.gen_b2s_conv.axilite_b2s/WR.b_channel_0/bid_fifo_0/memory_reg[3][6]_srl4 due to none static srl address bits
WARNING: [Opt 31-1131] Can not pull register out from mem_bd_i/axi_interconnect_0/s00_couplers/auto_pc/inst/gen_axilite.gen_b2s_conv.axilite_b2s/WR.b_channel_0/bid_fifo_0/memory_reg[3][7]_srl4 due to none static srl address bits
WARNING: [Opt 31-1131] Can not pull register out from mem_bd_i/axi_interconnect_0/s00_couplers/auto_pc/inst/gen_axilite.gen_b2s_conv.axilite_b2s/WR.b_channel_0/bid_fifo_0/memory_reg[3][8]_srl4 due to none static srl address bits
WARNING: [Opt 31-1131] Can not pull register out from mem_bd_i/axi_interconnect_0/s00_couplers/auto_pc/inst/gen_axilite.gen_b2s_conv.axilite_b2s/WR.b_channel_0/bid_fifo_0/memory_reg[3][9]_srl4 due to none static srl address bits
WARNING: [Opt 31-1131] Can not pull register out from mem_bd_i/axi_interconnect_0/s00_couplers/auto_pc/inst/gen_axilite.gen_b2s_conv.axilite_b2s/WR.b_channel_0/bresp_fifo_0/memory_reg[3][0]_srl4 due to none static srl address bits
WARNING: [Opt 31-1131] Can not pull register out from mem_bd_i/axi_interconnect_0/s00_couplers/auto_pc/inst/gen_axilite.gen_b2s_conv.axilite_b2s/WR.b_channel_0/bresp_fifo_0/memory_reg[3][1]_srl4 due to none static srl address bits
WARNING: [Opt 31-1131] Can not pull register out from mem_bd_i/axi_smc/inst/m00_exit_pipeline/m00_exit/inst/exit_inst/gen_r_cmd_fifo.r_cmd_fifo/gen_srls[10].srl_nx1/shift_reg_reg[0]_srl16 due to none static srl address bits
WARNING: [Opt 31-1131] Can not pull register out from mem_bd_i/axi_smc/inst/m00_exit_pipeline/m00_exit/inst/exit_inst/gen_r_cmd_fifo.r_cmd_fifo/gen_srls[11].srl_nx1/shift_reg_reg[0]_srl16 due to none static srl address bits
WARNING: [Opt 31-1131] Can not pull register out from mem_bd_i/axi_smc/inst/m00_exit_pipeline/m00_exit/inst/exit_inst/gen_r_cmd_fifo.r_cmd_fifo/gen_srls[12].srl_nx1/shift_reg_reg[0]_srl16 due to none static srl address bits
WARNING: [Opt 31-1131] Can not pull register out from mem_bd_i/axi_smc/inst/m00_exit_pipeline/m00_exit/inst/exit_inst/gen_r_cmd_fifo.r_cmd_fifo/gen_srls[13].srl_nx1/shift_reg_reg[0]_srl16 due to none static srl address bits
WARNING: [Opt 31-1131] Can not pull register out from mem_bd_i/axi_smc/inst/m00_exit_pipeline/m00_exit/inst/exit_inst/gen_r_cmd_fifo.r_cmd_fifo/gen_srls[14].srl_nx1/shift_reg_reg[0]_srl16 due to none static srl address bits
WARNING: [Opt 31-1131] Can not pull register out from mem_bd_i/axi_smc/inst/m00_exit_pipeline/m00_exit/inst/exit_inst/gen_r_cmd_fifo.r_cmd_fifo/gen_srls[15].srl_nx1/shift_reg_reg[0]_srl16 due to none static srl address bits
WARNING: [Opt 31-1131] Can not pull register out from mem_bd_i/axi_smc/inst/m00_exit_pipeline/m00_exit/inst/exit_inst/gen_r_cmd_fifo.r_cmd_fifo/gen_srls[16].srl_nx1/shift_reg_reg[0]_srl16 due to none static srl address bits
WARNING: [Opt 31-1131] Can not pull register out from mem_bd_i/axi_smc/inst/m00_exit_pipeline/m00_exit/inst/exit_inst/gen_r_cmd_fifo.r_cmd_fifo/gen_srls[1].srl_nx1/shift_reg_reg[0]_srl16 due to none static srl address bits
WARNING: [Opt 31-1131] Can not pull register out from mem_bd_i/axi_smc/inst/m00_exit_pipeline/m00_exit/inst/exit_inst/gen_r_cmd_fifo.r_cmd_fifo/gen_srls[2].srl_nx1/shift_reg_reg[0]_srl16 due to none static srl address bits
WARNING: [Opt 31-1131] Can not pull register out from mem_bd_i/axi_smc/inst/m00_exit_pipeline/m00_exit/inst/exit_inst/gen_r_cmd_fifo.r_cmd_fifo/gen_srls[3].srl_nx1/shift_reg_reg[0]_srl16 due to none static srl address bits
WARNING: [Opt 31-1131] Can not pull register out from mem_bd_i/axi_smc/inst/m00_exit_pipeline/m00_exit/inst/exit_inst/gen_r_cmd_fifo.r_cmd_fifo/gen_srls[4].srl_nx1/shift_reg_reg[0]_srl16 due to none static srl address bits
WARNING: [Opt 31-1131] Can not pull register out from mem_bd_i/axi_smc/inst/m00_exit_pipeline/m00_exit/inst/exit_inst/gen_r_cmd_fifo.r_cmd_fifo/gen_srls[5].srl_nx1/shift_reg_reg[0]_srl16 due to none static srl address bits
WARNING: [Opt 31-1131] Can not pull register out from mem_bd_i/axi_smc/inst/m00_exit_pipeline/m00_exit/inst/exit_inst/gen_r_cmd_fifo.r_cmd_fifo/gen_srls[6].srl_nx1/shift_reg_reg[0]_srl16 due to none static srl address bits
WARNING: [Opt 31-1131] Can not pull register out from mem_bd_i/axi_smc/inst/m00_exit_pipeline/m00_exit/inst/exit_inst/gen_r_cmd_fifo.r_cmd_fifo/gen_srls[7].srl_nx1/shift_reg_reg[0]_srl16 due to none static srl address bits
WARNING: [Opt 31-1131] Can not pull register out from mem_bd_i/axi_smc/inst/m00_exit_pipeline/m00_exit/inst/exit_inst/gen_r_cmd_fifo.r_cmd_fifo/gen_srls[8].srl_nx1/shift_reg_reg[0]_srl16 due to none static srl address bits
WARNING: [Opt 31-1131] Can not pull register out from mem_bd_i/axi_smc/inst/m00_exit_pipeline/m00_exit/inst/exit_inst/gen_r_cmd_fifo.r_cmd_fifo/gen_srls[9].srl_nx1/shift_reg_reg[0]_srl16 due to none static srl address bits
WARNING: [Opt 31-1131] Can not pull register out from mem_bd_i/axi_smc/inst/m00_exit_pipeline/m00_exit/inst/exit_inst/gen_w_cmd_fifo.w_cmd_fifo/gen_srls[1].srl_nx1/shift_reg_reg[0]_srl16 due to none static srl address bits
WARNING: [Opt 31-1131] Can not pull register out from mem_bd_i/axi_smc/inst/m00_exit_pipeline/m00_exit/inst/exit_inst/gen_w_cmd_fifo.w_cmd_fifo/gen_srls[2].srl_nx1/shift_reg_reg[0]_srl16 due to none static srl address bits
WARNING: [Opt 31-1131] Can not pull register out from mem_bd_i/axi_smc/inst/m00_nodes/m00_aw_node/inst/inst_si_handler/gen_m_axis_arb_fifo.inst_axis_arb_fifo/gen_srls[1].srl_nx1/shift_reg_reg[0]_srl16 due to none static srl address bits
WARNING: [Opt 31-1131] Can not pull register out from mem_bd_i/axi_smc/inst/s01_entry_pipeline/s01_si_converter/inst/gen_normal.splitter_inst/gen_no_wsplitter.gen_endpoint_woffset.gen_wbypass_offset_fifo.wbypass_offset_fifo/gen_srls[0].srl_nx1/shift_reg_reg[0]_srl16 due to none static srl address bits
WARNING: [Opt 31-1131] Can not pull register out from mem_bd_i/axi_smc/inst/s01_entry_pipeline/s01_si_converter/inst/gen_normal.splitter_inst/gen_no_wsplitter.gen_endpoint_woffset.gen_wbypass_offset_fifo.wbypass_offset_fifo/gen_srls[10].srl_nx1/shift_reg_reg[0]_srl16 due to none static srl address bits
WARNING: [Opt 31-1131] Can not pull register out from mem_bd_i/axi_smc/inst/s01_entry_pipeline/s01_si_converter/inst/gen_normal.splitter_inst/gen_no_wsplitter.gen_endpoint_woffset.gen_wbypass_offset_fifo.wbypass_offset_fifo/gen_srls[11].srl_nx1/shift_reg_reg[0]_srl16 due to none static srl address bits
WARNING: [Opt 31-1131] Can not pull register out from mem_bd_i/axi_smc/inst/s01_entry_pipeline/s01_si_converter/inst/gen_normal.splitter_inst/gen_no_wsplitter.gen_endpoint_woffset.gen_wbypass_offset_fifo.wbypass_offset_fifo/gen_srls[12].srl_nx1/shift_reg_reg[0]_srl16 due to none static srl address bits
INFO: [Common 17-14] Message 'Opt 31-1131' appears 100 times and further instances of the messages will be disabled. Use the Tcl command set_msg_config to change the current settings.
INFO: [Opt 31-1064] SRL Remap converted 0 SRLs to 0 registers and converted 0 registers of register chains to 0 SRLs
Phase 7 Shift Register Optimization | Checksum: 18b05bbd5

Time (s): cpu = 00:00:05 ; elapsed = 00:00:03 . Memory (MB): peak = 3450.934 ; gain = 0.000 ; free physical = 13008 ; free virtual = 161219
Shift Register Optimization | Checksum: 18b05bbd5
INFO: [Opt 31-389] Phase Shift Register Optimization created 0 cells and removed 0 cells

Phase 8 Post Processing Netlist
Phase 8 Post Processing Netlist | Checksum: 1874afecc

Time (s): cpu = 00:00:05 ; elapsed = 00:00:04 . Memory (MB): peak = 3450.934 ; gain = 0.000 ; free physical = 13001 ; free virtual = 161212
Post Processing Netlist | Checksum: 1874afecc
INFO: [Opt 31-389] Phase Post Processing Netlist created 0 cells and removed 0 cells
INFO: [Opt 31-1021] In phase Post Processing Netlist, 60 netlist objects are constrained preventing optimization. Please run opt_design with -debug_log to get more detail. 

Phase 9 Finalization

Phase 9.1 Finalizing Design Cores and Updating Shapes
Phase 9.1 Finalizing Design Cores and Updating Shapes | Checksum: 19ed24aa6

Time (s): cpu = 00:00:06 ; elapsed = 00:00:04 . Memory (MB): peak = 3450.934 ; gain = 0.000 ; free physical = 13016 ; free virtual = 161227

Phase 9.2 Verifying Netlist Connectivity

Starting Connectivity Check Task

Time (s): cpu = 00:00:00.04 ; elapsed = 00:00:00.04 . Memory (MB): peak = 3450.934 ; gain = 0.000 ; free physical = 13016 ; free virtual = 161227
Phase 9.2 Verifying Netlist Connectivity | Checksum: 19ed24aa6

Time (s): cpu = 00:00:06 ; elapsed = 00:00:04 . Memory (MB): peak = 3450.934 ; gain = 0.000 ; free physical = 13016 ; free virtual = 161227
Phase 9 Finalization | Checksum: 19ed24aa6

Time (s): cpu = 00:00:06 ; elapsed = 00:00:04 . Memory (MB): peak = 3450.934 ; gain = 0.000 ; free physical = 13016 ; free virtual = 161227
Opt_design Change Summary
=========================


-------------------------------------------------------------------------------------------------------------------------
|  Phase                        |  #Cells created  |  #Cells Removed  |  #Constrained objects preventing optimizations  |
-------------------------------------------------------------------------------------------------------------------------
|  Retarget                     |              74  |             439  |                                             60  |
|  Constant propagation         |              40  |             263  |                                             60  |
|  Sweep                        |               0  |            1183  |                                             77  |
|  BUFG optimization            |               0  |               0  |                                              0  |
|  Shift Register Optimization  |               0  |               0  |                                              0  |
|  Post Processing Netlist      |               0  |               0  |                                             60  |
-------------------------------------------------------------------------------------------------------------------------


Ending Logic Optimization Task | Checksum: 19ed24aa6

Time (s): cpu = 00:00:06 ; elapsed = 00:00:04 . Memory (MB): peak = 3450.934 ; gain = 0.000 ; free physical = 13016 ; free virtual = 161227
INFO: [Constraints 18-11670] Building netlist checker database with flags, 0x8
Done building netlist checker database: Time (s): cpu = 00:00:00.02 ; elapsed = 00:00:00.01 . Memory (MB): peak = 3450.934 ; gain = 0.000 ; free physical = 13016 ; free virtual = 161227

Starting Power Optimization Task
INFO: [Pwropt 34-132] Skipping clock gating for clocks with a period < 2.00 ns.
INFO: [Timing 38-35] Done setting XDC timing constraints.
Running Vector-less Activity Propagation...
INFO: [Pwropt 34-9] Applying IDT optimizations ...
INFO: [Pwropt 34-10] Applying ODC optimizations ...

Finished Running Vector-less Activity Propagation


Starting PowerOpt Patch Enables Task
INFO: [Pwropt 34-162] WRITE_MODE attribute of 0 BRAM(s) out of a total of 103 has been updated to save power. Run report_power_opt to get a complete listing of the BRAMs updated.
INFO: [Pwropt 34-201] Structural ODC has moved 2 WE to EN ports
Number of BRAM Ports augmented: 5 newly gated: 18 Total Ports: 206
Ending PowerOpt Patch Enables Task | Checksum: 1bd999e92

Time (s): cpu = 00:00:00.79 ; elapsed = 00:00:00.76 . Memory (MB): peak = 4225.348 ; gain = 0.000 ; free physical = 12340 ; free virtual = 160551
Ending Power Optimization Task | Checksum: 1bd999e92

Time (s): cpu = 00:00:23 ; elapsed = 00:00:13 . Memory (MB): peak = 4225.348 ; gain = 774.414 ; free physical = 12352 ; free virtual = 160563

Starting Final Cleanup Task
Ending Final Cleanup Task | Checksum: 1bd999e92

Time (s): cpu = 00:00:00 ; elapsed = 00:00:00 . Memory (MB): peak = 4225.348 ; gain = 0.000 ; free physical = 12352 ; free virtual = 160563

Starting Netlist Obfuscation Task
Netlist sorting complete. Time (s): cpu = 00:00:00.06 ; elapsed = 00:00:00.06 . Memory (MB): peak = 4225.348 ; gain = 0.000 ; free physical = 12370 ; free virtual = 160581
Ending Netlist Obfuscation Task | Checksum: 106c18a17

Time (s): cpu = 00:00:00.06 ; elapsed = 00:00:00.06 . Memory (MB): peak = 4225.348 ; gain = 0.000 ; free physical = 12370 ; free virtual = 160581
INFO: [Common 17-83] Releasing license: Implementation
52 Infos, 203 Warnings, 0 Critical Warnings and 0 Errors encountered.
opt_design completed successfully
opt_design: Time (s): cpu = 00:00:37 ; elapsed = 00:00:22 . Memory (MB): peak = 4225.348 ; gain = 932.262 ; free physical = 12370 ; free virtual = 160581
INFO: [runtcl-4] Executing : report_drc -file mem_bd_wrapper_drc_opted.rpt -pb mem_bd_wrapper_drc_opted.pb -rpx mem_bd_wrapper_drc_opted.rpx
Command: report_drc -file mem_bd_wrapper_drc_opted.rpt -pb mem_bd_wrapper_drc_opted.pb -rpx mem_bd_wrapper_drc_opted.rpx
INFO: [IP_Flow 19-1839] IP Catalog is up to date.
INFO: [DRC 23-27] Running DRC with 8 threads
INFO: [Vivado_Tcl 2-168] The results of DRC are in file /home/mss464/minitpu/tpu/build/mem_system/mem_system.runs/impl_1/mem_bd_wrapper_drc_opted.rpt.
report_drc completed successfully
INFO: [Timing 38-480] Writing timing data to binary archive.
Write ShapeDB Complete: Time (s): cpu = 00:00:00.15 ; elapsed = 00:00:00.05 . Memory (MB): peak = 4265.367 ; gain = 0.000 ; free physical = 12361 ; free virtual = 160574
INFO: [Common 17-1381] The checkpoint '/home/mss464/minitpu/tpu/build/mem_system/mem_system.runs/impl_1/mem_bd_wrapper_opt.dcp' has been generated.
Command: place_design
Attempting to get a license for feature 'Implementation' and/or device 'xczu3eg'
INFO: [Common 17-349] Got license for feature 'Implementation' and/or device 'xczu3eg'
INFO: [Common 17-83] Releasing license: Implementation
INFO: [DRC 23-27] Running DRC with 8 threads
INFO: [Vivado_Tcl 4-198] DRC finished with 0 Errors
INFO: [Vivado_Tcl 4-199] Please refer to the DRC report (report_drc) for more information.
Running DRC as a precondition to command place_design
INFO: [DRC 23-27] Running DRC with 8 threads
INFO: [Vivado_Tcl 4-198] DRC finished with 0 Errors
INFO: [Vivado_Tcl 4-199] Please refer to the DRC report (report_drc) for more information.
INFO: [Place 30-611] Multithreading enabled for place_design using a maximum of 8 CPUs

Starting Placer Task

Phase 1 Placer Initialization

Phase 1.1 Placer Initialization Netlist Sorting
Netlist sorting complete. Time (s): cpu = 00:00:00 ; elapsed = 00:00:00.01 . Memory (MB): peak = 4265.367 ; gain = 0.000 ; free physical = 12349 ; free virtual = 160569
Phase 1.1 Placer Initialization Netlist Sorting | Checksum: ed88dc0a

Time (s): cpu = 00:00:00.02 ; elapsed = 00:00:00.02 . Memory (MB): peak = 4265.367 ; gain = 0.000 ; free physical = 12349 ; free virtual = 160569
Netlist sorting complete. Time (s): cpu = 00:00:00.01 ; elapsed = 00:00:00 . Memory (MB): peak = 4265.367 ; gain = 0.000 ; free physical = 12349 ; free virtual = 160569

Phase 1.2 IO Placement/ Clock Placement/ Build Placer Device
INFO: [Timing 38-35] Done setting XDC timing constraints.
Phase 1.2 IO Placement/ Clock Placement/ Build Placer Device | Checksum: da7b546e

Time (s): cpu = 00:00:21 ; elapsed = 00:00:18 . Memory (MB): peak = 4683.484 ; gain = 418.117 ; free physical = 11858 ; free virtual = 160078

Phase 1.3 Build Placer Netlist Model
Phase 1.3 Build Placer Netlist Model | Checksum: 1b5d2be0e

Time (s): cpu = 00:00:33 ; elapsed = 00:00:25 . Memory (MB): peak = 4715.500 ; gain = 450.133 ; free physical = 11870 ; free virtual = 160091

Phase 1.4 Constrain Clocks/Macros
Phase 1.4 Constrain Clocks/Macros | Checksum: 1b5d2be0e

Time (s): cpu = 00:00:33 ; elapsed = 00:00:25 . Memory (MB): peak = 4715.500 ; gain = 450.133 ; free physical = 11870 ; free virtual = 160091
Phase 1 Placer Initialization | Checksum: 1b5d2be0e

Time (s): cpu = 00:00:33 ; elapsed = 00:00:25 . Memory (MB): peak = 4715.500 ; gain = 450.133 ; free physical = 11870 ; free virtual = 160091

Phase 2 Global Placement

Phase 2.1 Floorplanning

Phase 2.1.1 Partition Driven Placement

Phase 2.1.1.1 PBP: Partition Driven Placement
Phase 2.1.1.1 PBP: Partition Driven Placement | Checksum: 14d25c0cf

Time (s): cpu = 00:00:51 ; elapsed = 00:00:32 . Memory (MB): peak = 4715.500 ; gain = 450.133 ; free physical = 11870 ; free virtual = 160091

Phase 2.1.1.2 PBP: Clock Region Placement
INFO: [Place 30-3162] Check ILP status : ILP-based clock placer completed successfully.
Phase 2.1.1.2 PBP: Clock Region Placement | Checksum: 14d25c0cf

Time (s): cpu = 00:00:52 ; elapsed = 00:00:32 . Memory (MB): peak = 4715.500 ; gain = 450.133 ; free physical = 11864 ; free virtual = 160084

Phase 2.1.1.3 PBP: Compute Congestion
Phase 2.1.1.3 PBP: Compute Congestion | Checksum: 14d25c0cf

Time (s): cpu = 00:01:05 ; elapsed = 00:00:36 . Memory (MB): peak = 5059.484 ; gain = 794.117 ; free physical = 11474 ; free virtual = 159695

Phase 2.1.1.4 PBP: UpdateTiming
Phase 2.1.1.4 PBP: UpdateTiming | Checksum: 189091cf6

Time (s): cpu = 00:01:07 ; elapsed = 00:00:37 . Memory (MB): peak = 5091.500 ; gain = 826.133 ; free physical = 11471 ; free virtual = 159692

Phase 2.1.1.5 PBP: Add part constraints
Phase 2.1.1.5 PBP: Add part constraints | Checksum: 189091cf6

Time (s): cpu = 00:01:07 ; elapsed = 00:00:37 . Memory (MB): peak = 5091.500 ; gain = 826.133 ; free physical = 11455 ; free virtual = 159676
Phase 2.1.1 Partition Driven Placement | Checksum: 189091cf6

Time (s): cpu = 00:01:07 ; elapsed = 00:00:37 . Memory (MB): peak = 5091.500 ; gain = 826.133 ; free physical = 11455 ; free virtual = 159676
Phase 2.1 Floorplanning | Checksum: 13dadb522

Time (s): cpu = 00:01:07 ; elapsed = 00:00:37 . Memory (MB): peak = 5091.500 ; gain = 826.133 ; free physical = 11472 ; free virtual = 159693

Phase 2.2 Update Timing before SLR Path Opt
Phase 2.2 Update Timing before SLR Path Opt | Checksum: 13dadb522

Time (s): cpu = 00:01:07 ; elapsed = 00:00:37 . Memory (MB): peak = 5091.500 ; gain = 826.133 ; free physical = 11472 ; free virtual = 159693

Phase 2.3 Post-Processing in Floorplanning
Phase 2.3 Post-Processing in Floorplanning | Checksum: 13dadb522

Time (s): cpu = 00:01:07 ; elapsed = 00:00:37 . Memory (MB): peak = 5091.500 ; gain = 826.133 ; free physical = 11472 ; free virtual = 159693

Phase 2.4 Global Placement Core

Phase 2.4.1 UpdateTiming Before Physical Synthesis
Phase 2.4.1 UpdateTiming Before Physical Synthesis | Checksum: 1809ff594

Time (s): cpu = 00:01:54 ; elapsed = 00:00:53 . Memory (MB): peak = 5127.500 ; gain = 862.133 ; free physical = 11443 ; free virtual = 159664

Phase 2.4.2 Physical Synthesis In Placer
INFO: [Physopt 32-1035] Found 0 LUTNM shape to break, 548 LUT instances to create LUTNM shape
INFO: [Physopt 32-1044] Break lutnm for timing: one critical 0, two critical 0, total 0, new lutff created 0
INFO: [Physopt 32-1138] End 1 Pass. Optimized 210 nets or LUTs. Breaked 0 LUT, combined 210 existing LUTs and moved 0 existing LUT
INFO: [Physopt 32-1030] Pass 1. Identified 17 candidate driver sets for equivalent driver rewiring.
INFO: [Physopt 32-661] Optimized 14 nets.  Re-placed 106 instances.
INFO: [Physopt 32-775] End 1 Pass. Optimized 14 nets or cells. Created 134 new cells, deleted 208 existing cells and moved 106 existing cells
Netlist sorting complete. Time (s): cpu = 00:00:00.06 ; elapsed = 00:00:00.05 . Memory (MB): peak = 5127.500 ; gain = 0.000 ; free physical = 11456 ; free virtual = 159676
INFO: [Physopt 32-65] No nets found for high-fanout optimization.
INFO: [Physopt 32-232] Optimized 0 net. Created 0 new instance.
INFO: [Physopt 32-775] End 1 Pass. Optimized 0 net or cell. Created 0 new cell, deleted 0 existing cell and moved 0 existing cell
INFO: [Physopt 32-670] No setup violation found.  DSP Register Optimization was not performed.
INFO: [Physopt 32-670] No setup violation found.  Shift Register to Pipeline Optimization was not performed.
INFO: [Physopt 32-670] No setup violation found.  Shift Register Optimization was not performed.
INFO: [Physopt 32-670] No setup violation found.  BRAM Register Optimization was not performed.
INFO: [Physopt 32-670] No setup violation found.  URAM Register Optimization was not performed.
INFO: [Physopt 32-949] No candidate nets found for dynamic/static region interface net replication
INFO: [Physopt 32-775] End 1 Pass. Optimized 0 net or cell. Created 0 new cell, deleted 0 existing cell and moved 0 existing cell
Netlist sorting complete. Time (s): cpu = 00:00:00 ; elapsed = 00:00:00 . Memory (MB): peak = 5127.500 ; gain = 0.000 ; free physical = 11438 ; free virtual = 159659

Summary of Physical Synthesis Optimizations
============================================


-----------------------------------------------------------------------------------------------------------------------------------------------------------
|  Optimization                                     |  Added Cells  |  Removed Cells  |  Optimized Cells/Nets  |  Dont Touch  |  Iterations  |  Elapsed   |
-----------------------------------------------------------------------------------------------------------------------------------------------------------
|  LUT Combining                                    |            0  |            210  |                   210  |           0  |           1  |  00:00:00  |
|  Retime                                           |            0  |              0  |                     0  |           0  |           1  |  00:00:00  |
|  Equivalent Driver Rewiring                       |          134  |            208  |                    14  |           0  |           1  |  00:00:01  |
|  Very High Fanout                                 |            0  |              0  |                     0  |           0  |           1  |  00:00:00  |
|  DSP Register                                     |            0  |              0  |                     0  |           0  |           0  |  00:00:00  |
|  Shift Register to Pipeline                       |            0  |              0  |                     0  |           0  |           0  |  00:00:00  |
|  Shift Register                                   |            0  |              0  |                     0  |           0  |           0  |  00:00:00  |
|  BRAM Register                                    |            0  |              0  |                     0  |           0  |           0  |  00:00:00  |
|  URAM Register                                    |            0  |              0  |                     0  |           0  |           0  |  00:00:00  |
|  Dynamic/Static Region Interface Net Replication  |            0  |              0  |                     0  |           0  |           1  |  00:00:00  |
|  Total                                            |          134  |            418  |                   224  |           0  |           5  |  00:00:02  |
-----------------------------------------------------------------------------------------------------------------------------------------------------------


Phase 2.4.2 Physical Synthesis In Placer | Checksum: 165845527

Time (s): cpu = 00:01:59 ; elapsed = 00:00:57 . Memory (MB): peak = 5127.500 ; gain = 862.133 ; free physical = 11447 ; free virtual = 159667
Phase 2.4 Global Placement Core | Checksum: 1a69153d1

Time (s): cpu = 00:02:14 ; elapsed = 00:01:02 . Memory (MB): peak = 5127.500 ; gain = 862.133 ; free physical = 11451 ; free virtual = 159672
Phase 2 Global Placement | Checksum: 1a69153d1

Time (s): cpu = 00:02:14 ; elapsed = 00:01:02 . Memory (MB): peak = 5127.500 ; gain = 862.133 ; free physical = 11451 ; free virtual = 159672

Phase 3 Detail Placement

Phase 3.1 Commit Multi Column Macros
Phase 3.1 Commit Multi Column Macros | Checksum: d2c29503

Time (s): cpu = 00:02:30 ; elapsed = 00:01:06 . Memory (MB): peak = 5127.500 ; gain = 862.133 ; free physical = 11453 ; free virtual = 159674

Phase 3.2 Commit Most Macros & LUTRAMs
Phase 3.2 Commit Most Macros & LUTRAMs | Checksum: 13ca362ce

Time (s): cpu = 00:02:35 ; elapsed = 00:01:09 . Memory (MB): peak = 5127.500 ; gain = 862.133 ; free physical = 11460 ; free virtual = 159681

Phase 3.3 Small Shape DP

Phase 3.3.1 Small Shape Clustering
Phase 3.3.1 Small Shape Clustering | Checksum: 8b547014

Time (s): cpu = 00:02:50 ; elapsed = 00:01:13 . Memory (MB): peak = 5127.500 ; gain = 862.133 ; free physical = 11433 ; free virtual = 159654

Phase 3.3.2 Slice Area Swap

Phase 3.3.2.1 Slice Area Swap Initial
Phase 3.3.2.1 Slice Area Swap Initial | Checksum: 11c8440bc

Time (s): cpu = 00:02:51 ; elapsed = 00:01:14 . Memory (MB): peak = 5127.500 ; gain = 862.133 ; free physical = 11405 ; free virtual = 159626
Phase 3.3.2 Slice Area Swap | Checksum: 11c8440bc

Time (s): cpu = 00:02:51 ; elapsed = 00:01:14 . Memory (MB): peak = 5127.500 ; gain = 862.133 ; free physical = 11433 ; free virtual = 159654
Phase 3.3 Small Shape DP | Checksum: 1d07e8d2f

Time (s): cpu = 00:02:57 ; elapsed = 00:01:16 . Memory (MB): peak = 5127.500 ; gain = 862.133 ; free physical = 11452 ; free virtual = 159673

Phase 3.4 Re-assign LUT pins
Phase 3.4 Re-assign LUT pins | Checksum: 14bc42784

Time (s): cpu = 00:02:58 ; elapsed = 00:01:17 . Memory (MB): peak = 5127.500 ; gain = 862.133 ; free physical = 11447 ; free virtual = 159668

Phase 3.5 Pipeline Register Optimization
Phase 3.5 Pipeline Register Optimization | Checksum: 5d9ed722

Time (s): cpu = 00:02:58 ; elapsed = 00:01:17 . Memory (MB): peak = 5127.500 ; gain = 862.133 ; free physical = 11447 ; free virtual = 159668
Phase 3 Detail Placement | Checksum: 5d9ed722

Time (s): cpu = 00:02:58 ; elapsed = 00:01:17 . Memory (MB): peak = 5127.500 ; gain = 862.133 ; free physical = 11443 ; free virtual = 159664

Phase 4 Post Placement Optimization and Clean-Up

Phase 4.1 Post Commit Optimization
INFO: [Timing 38-35] Done setting XDC timing constraints.

Phase 4.1.1 Post Placement Optimization
Post Placement Optimization Initialization | Checksum: 157038e04

Phase 4.1.1.1 BUFG Insertion

Starting Physical Synthesis Task

Phase 1 Physical Synthesis Initialization
INFO: [Physopt 32-721] Multithreading enabled for phys_opt_design using a maximum of 8 CPUs
INFO: [Physopt 32-619] Estimated Timing Summary | WNS=15.869 | TNS=0.000 |
Phase 1 Physical Synthesis Initialization | Checksum: 9e2ce988

Time (s): cpu = 00:00:02 ; elapsed = 00:00:00.54 . Memory (MB): peak = 5127.500 ; gain = 0.000 ; free physical = 11451 ; free virtual = 159671
INFO: [Place 46-35] Processed net mem_bd_i/axi_dma_0/U0/I_PRMRY_DATAMOVER/GEN_S2MM_FULL.I_S2MM_FULL_WRAPPER/I_RESET/sig_cmd_stat_rst_user_reg_n_cdc_from, inserted BUFG to drive 1116 loads.
INFO: [Place 46-45] Replicated bufg driver mem_bd_i/axi_dma_0/U0/I_PRMRY_DATAMOVER/GEN_S2MM_FULL.I_S2MM_FULL_WRAPPER/I_RESET/sig_cmd_stat_rst_user_reg_n_cdc_from_reg_replica
INFO: [Place 46-56] BUFG insertion identified 1 candidate nets. Inserted BUFG: 1, Replicated BUFG Driver: 1, Skipped due to Placement/Routing Conflicts: 0, Skipped due to Timing Degradation: 0, Skipped due to netlist editing failed: 0.
Ending Physical Synthesis Task | Checksum: 15a16cad7

Time (s): cpu = 00:00:03 ; elapsed = 00:00:01 . Memory (MB): peak = 5127.500 ; gain = 0.000 ; free physical = 11453 ; free virtual = 159674
Phase 4.1.1.1 BUFG Insertion | Checksum: 15de16ff7

Time (s): cpu = 00:03:29 ; elapsed = 00:01:28 . Memory (MB): peak = 5127.500 ; gain = 862.133 ; free physical = 11454 ; free virtual = 159675

Phase 4.1.1.2 Post Placement Timing Optimization
INFO: [Place 30-746] Post Placement Timing Summary WNS=15.869. For the most accurate timing information please run report_timing.
Phase 4.1.1.2 Post Placement Timing Optimization | Checksum: 12f460566

Time (s): cpu = 00:03:29 ; elapsed = 00:01:28 . Memory (MB): peak = 5127.500 ; gain = 862.133 ; free physical = 11452 ; free virtual = 159672

Time (s): cpu = 00:03:29 ; elapsed = 00:01:28 . Memory (MB): peak = 5127.500 ; gain = 862.133 ; free physical = 11452 ; free virtual = 159672
Phase 4.1 Post Commit Optimization | Checksum: 12f460566

Time (s): cpu = 00:03:29 ; elapsed = 00:01:28 . Memory (MB): peak = 5127.500 ; gain = 862.133 ; free physical = 11452 ; free virtual = 159672
Netlist sorting complete. Time (s): cpu = 00:00:00.05 ; elapsed = 00:00:00.05 . Memory (MB): peak = 5149.484 ; gain = 0.000 ; free physical = 11385 ; free virtual = 159606

Phase 4.2 Post Placement Cleanup
Phase 4.2 Post Placement Cleanup | Checksum: 18500726a

Time (s): cpu = 00:03:46 ; elapsed = 00:01:34 . Memory (MB): peak = 5149.484 ; gain = 884.117 ; free physical = 11384 ; free virtual = 159604

Phase 4.3 Placer Reporting

Phase 4.3.1 Print Estimated Congestion
INFO: [Place 30-612] Post-Placement Estimated Congestion 
 ________________________________________________________________________
|           | Global Congestion | Long Congestion   | Short Congestion  |
| Direction | Region Size       | Region Size       | Region Size       |
|___________|___________________|___________________|___________________|
|      North|                1x1|                1x1|                1x1|
|___________|___________________|___________________|___________________|
|      South|                1x1|                1x1|                2x2|
|___________|___________________|___________________|___________________|
|       East|                1x1|                1x1|                4x4|
|___________|___________________|___________________|___________________|
|       West|                1x1|                1x1|                4x4|
|___________|___________________|___________________|___________________|

Phase 4.3.1 Print Estimated Congestion | Checksum: 18500726a

Time (s): cpu = 00:03:46 ; elapsed = 00:01:35 . Memory (MB): peak = 5149.484 ; gain = 884.117 ; free physical = 11357 ; free virtual = 159577
Phase 4.3 Placer Reporting | Checksum: 18500726a

Time (s): cpu = 00:03:46 ; elapsed = 00:01:35 . Memory (MB): peak = 5149.484 ; gain = 884.117 ; free physical = 11379 ; free virtual = 159600

Phase 4.4 Final Placement Cleanup
Netlist sorting complete. Time (s): cpu = 00:00:00 ; elapsed = 00:00:00.01 . Memory (MB): peak = 5149.484 ; gain = 0.000 ; free physical = 11379 ; free virtual = 159600

Time (s): cpu = 00:03:46 ; elapsed = 00:01:35 . Memory (MB): peak = 5149.484 ; gain = 884.117 ; free physical = 11379 ; free virtual = 159600
Phase 4 Post Placement Optimization and Clean-Up | Checksum: 1eee027aa

Time (s): cpu = 00:03:47 ; elapsed = 00:01:35 . Memory (MB): peak = 5149.484 ; gain = 884.117 ; free physical = 11385 ; free virtual = 159606
Ending Placer Task | Checksum: 1ec5025e7

Time (s): cpu = 00:03:47 ; elapsed = 00:01:35 . Memory (MB): peak = 5149.484 ; gain = 884.117 ; free physical = 11385 ; free virtual = 159606
93 Infos, 203 Warnings, 0 Critical Warnings and 0 Errors encountered.
place_design completed successfully
place_design: Time (s): cpu = 00:03:51 ; elapsed = 00:01:36 . Memory (MB): peak = 5149.484 ; gain = 884.117 ; free physical = 11385 ; free virtual = 159606
INFO: [runtcl-4] Executing : report_io -file mem_bd_wrapper_io_placed.rpt
report_io: Time (s): cpu = 00:00:00.11 ; elapsed = 00:00:00.21 . Memory (MB): peak = 5149.484 ; gain = 0.000 ; free physical = 11389 ; free virtual = 159610
INFO: [runtcl-4] Executing : report_utilization -file mem_bd_wrapper_utilization_placed.rpt -pb mem_bd_wrapper_utilization_placed.pb
INFO: [runtcl-4] Executing : report_control_sets -verbose -file mem_bd_wrapper_control_sets_placed.rpt
report_control_sets: Time (s): cpu = 00:00:00.11 ; elapsed = 00:00:00.21 . Memory (MB): peak = 5149.484 ; gain = 0.000 ; free physical = 11393 ; free virtual = 159614
INFO: [Timing 38-480] Writing timing data to binary archive.
Write ShapeDB Complete: Time (s): cpu = 00:00:00.45 ; elapsed = 00:00:00.1 . Memory (MB): peak = 5149.484 ; gain = 0.000 ; free physical = 11387 ; free virtual = 159614
Wrote PlaceDB: Time (s): cpu = 00:00:03 ; elapsed = 00:00:01 . Memory (MB): peak = 5149.484 ; gain = 0.000 ; free physical = 11350 ; free virtual = 159598
Wrote PulsedLatchDB: Time (s): cpu = 00:00:00 ; elapsed = 00:00:00 . Memory (MB): peak = 5149.484 ; gain = 0.000 ; free physical = 11350 ; free virtual = 159598
Writing XDEF routing.
Writing XDEF routing logical nets.
Writing XDEF routing special nets.
Wrote RouteStorage: Time (s): cpu = 00:00:00.28 ; elapsed = 00:00:00.11 . Memory (MB): peak = 5149.484 ; gain = 0.000 ; free physical = 11349 ; free virtual = 159599
Wrote Netlist Cache: Time (s): cpu = 00:00:00.07 ; elapsed = 00:00:00.04 . Memory (MB): peak = 5149.484 ; gain = 0.000 ; free physical = 11347 ; free virtual = 159598
Wrote Device Cache: Time (s): cpu = 00:00:00.07 ; elapsed = 00:00:00.04 . Memory (MB): peak = 5149.484 ; gain = 0.000 ; free physical = 11343 ; free virtual = 159598
Write Physdb Complete: Time (s): cpu = 00:00:04 ; elapsed = 00:00:01 . Memory (MB): peak = 5149.484 ; gain = 0.000 ; free physical = 11343 ; free virtual = 159598
INFO: [Common 17-1381] The checkpoint '/home/mss464/minitpu/tpu/build/mem_system/mem_system.runs/impl_1/mem_bd_wrapper_placed.dcp' has been generated.
write_checkpoint: Time (s): cpu = 00:00:10 ; elapsed = 00:00:05 . Memory (MB): peak = 5173.496 ; gain = 24.012 ; free physical = 11365 ; free virtual = 159600
Command: phys_opt_design
Attempting to get a license for feature 'Implementation' and/or device 'xczu3eg'
INFO: [Common 17-349] Got license for feature 'Implementation' and/or device 'xczu3eg'

Starting Initial Update Timing Task

Time (s): cpu = 00:00:12 ; elapsed = 00:00:03 . Memory (MB): peak = 5173.496 ; gain = 0.000 ; free physical = 11344 ; free virtual = 159578
INFO: [Vivado_Tcl 4-383] Design worst setup slack (WNS) is greater than or equal to 0.000 ns. Skipping all physical synthesis optimizations.
INFO: [Vivado_Tcl 4-232] No setup violation found. The netlist was not modified.
INFO: [Common 17-83] Releasing license: Implementation
102 Infos, 203 Warnings, 0 Critical Warnings and 0 Errors encountered.
phys_opt_design completed successfully
INFO: [Timing 38-480] Writing timing data to binary archive.
Write ShapeDB Complete: Time (s): cpu = 00:00:00.44 ; elapsed = 00:00:00.1 . Memory (MB): peak = 5173.496 ; gain = 0.000 ; free physical = 11368 ; free virtual = 159609
Wrote PlaceDB: Time (s): cpu = 00:00:03 ; elapsed = 00:00:01 . Memory (MB): peak = 5173.496 ; gain = 0.000 ; free physical = 11346 ; free virtual = 159608
Wrote PulsedLatchDB: Time (s): cpu = 00:00:00 ; elapsed = 00:00:00 . Memory (MB): peak = 5173.496 ; gain = 0.000 ; free physical = 11346 ; free virtual = 159608
Writing XDEF routing.
Writing XDEF routing logical nets.
Writing XDEF routing special nets.
Wrote RouteStorage: Time (s): cpu = 00:00:00.24 ; elapsed = 00:00:00.11 . Memory (MB): peak = 5173.496 ; gain = 0.000 ; free physical = 11345 ; free virtual = 159608
Wrote Netlist Cache: Time (s): cpu = 00:00:00.09 ; elapsed = 00:00:00.03 . Memory (MB): peak = 5173.496 ; gain = 0.000 ; free physical = 11344 ; free virtual = 159609
Wrote Device Cache: Time (s): cpu = 00:00:00.08 ; elapsed = 00:00:00.04 . Memory (MB): peak = 5173.496 ; gain = 0.000 ; free physical = 11341 ; free virtual = 159609
Write Physdb Complete: Time (s): cpu = 00:00:04 ; elapsed = 00:00:01 . Memory (MB): peak = 5173.496 ; gain = 0.000 ; free physical = 11341 ; free virtual = 159609
INFO: [Common 17-1381] The checkpoint '/home/mss464/minitpu/tpu/build/mem_system/mem_system.runs/impl_1/mem_bd_wrapper_physopt.dcp' has been generated.
Command: route_design
Attempting to get a license for feature 'Implementation' and/or device 'xczu3eg'
INFO: [Common 17-349] Got license for feature 'Implementation' and/or device 'xczu3eg'
Running DRC as a precondition to command route_design
INFO: [DRC 23-27] Running DRC with 8 threads
INFO: [Vivado_Tcl 4-198] DRC finished with 0 Errors
INFO: [Vivado_Tcl 4-199] Please refer to the DRC report (report_drc) for more information.


Starting Routing Task
INFO: [Route 35-254] Multithreading enabled for route_design using a maximum of 8 CPUs

Phase 1 Build RT Design
Checksum: PlaceDB: c92bd4fe ConstDB: 0 ShapeSum: cd69e3e5 RouteDB: 55ba6d04
Nodegraph reading from file.  Time (s): cpu = 00:00:00.54 ; elapsed = 00:00:00.54 . Memory (MB): peak = 5181.500 ; gain = 0.000 ; free physical = 11330 ; free virtual = 159578
Post Restoration Checksum: NetGraph: 3e6846ad | NumContArr: 92494fe3 | Constraints: 816cefcc | Timing: c2a8fa9d
Phase 1 Build RT Design | Checksum: 214c780f9

Time (s): cpu = 00:00:14 ; elapsed = 00:00:04 . Memory (MB): peak = 5181.500 ; gain = 0.000 ; free physical = 11316 ; free virtual = 159565

Phase 2 Router Initialization

Phase 2.1 Fix Topology Constraints
Phase 2.1 Fix Topology Constraints | Checksum: 214c780f9

Time (s): cpu = 00:00:14 ; elapsed = 00:00:04 . Memory (MB): peak = 5181.500 ; gain = 0.000 ; free physical = 11316 ; free virtual = 159565

Phase 2.2 Pre Route Cleanup
Phase 2.2 Pre Route Cleanup | Checksum: 214c780f9

Time (s): cpu = 00:00:14 ; elapsed = 00:00:04 . Memory (MB): peak = 5181.500 ; gain = 0.000 ; free physical = 11316 ; free virtual = 159565

Phase 2.3 Global Clock Net Routing
 Number of Nodes with overlaps = 0
Phase 2.3 Global Clock Net Routing | Checksum: 2d94ca24e

Time (s): cpu = 00:00:16 ; elapsed = 00:00:04 . Memory (MB): peak = 5181.500 ; gain = 0.000 ; free physical = 11329 ; free virtual = 159577

Phase 2.4 Update Timing
Phase 2.4 Update Timing | Checksum: 27f9ac946

Time (s): cpu = 00:00:24 ; elapsed = 00:00:08 . Memory (MB): peak = 5181.500 ; gain = 0.000 ; free physical = 11329 ; free virtual = 159577
INFO: [Route 35-416] Intermediate Timing Summary | WNS=15.912 | TNS=0.000  | WHS=-0.054 | THS=-11.171|


Router Utilization Summary
  Global Vertical Routing Utilization    = 0 %
  Global Horizontal Routing Utilization  = 0 %
  Routable Net Status*
  *Does not include unroutable nets such as driverless and loadless.
  Run report_route_status for detailed report.
  Number of Failed Nets               = 21781
    (Failed Nets is the sum of unrouted and partially routed nets)
  Number of Unrouted Nets             = 19163
  Number of Partially Routed Nets     = 2618
  Number of Node Overlaps             = 0

Phase 2 Router Initialization | Checksum: 23b7af2af

Time (s): cpu = 00:00:38 ; elapsed = 00:00:12 . Memory (MB): peak = 5181.500 ; gain = 0.000 ; free physical = 11328 ; free virtual = 159576

Phase 3 Initial Routing

Phase 3.1 Global Routing
Phase 3.1 Global Routing | Checksum: 23b7af2af

Time (s): cpu = 00:00:38 ; elapsed = 00:00:12 . Memory (MB): peak = 5181.500 ; gain = 0.000 ; free physical = 11328 ; free virtual = 159576

Phase 3.2 Initial Net Routing
Phase 3.2 Initial Net Routing | Checksum: 83964029

Time (s): cpu = 00:00:49 ; elapsed = 00:00:15 . Memory (MB): peak = 5181.500 ; gain = 0.000 ; free physical = 11310 ; free virtual = 159558
Phase 3 Initial Routing | Checksum: 1d4f2d355

Time (s): cpu = 00:00:50 ; elapsed = 00:00:16 . Memory (MB): peak = 5181.500 ; gain = 0.000 ; free physical = 11302 ; free virtual = 159550

Phase 4 Rip-up And Reroute

Phase 4.1 Global Iteration 0
 Number of Nodes with overlaps = 3174
 Number of Nodes with overlaps = 157
 Number of Nodes with overlaps = 2
 Number of Nodes with overlaps = 0
INFO: [Route 35-416] Intermediate Timing Summary | WNS=13.750 | TNS=0.000  | WHS=-0.042 | THS=-1.657 |

Phase 4.1 Global Iteration 0 | Checksum: 191550809

Time (s): cpu = 00:02:00 ; elapsed = 00:00:56 . Memory (MB): peak = 5181.500 ; gain = 0.000 ; free physical = 11333 ; free virtual = 159581

Phase 4.2 Global Iteration 1
 Number of Nodes with overlaps = 0
INFO: [Route 35-416] Intermediate Timing Summary | WNS=13.750 | TNS=0.000  | WHS=N/A    | THS=N/A    |

Phase 4.2 Global Iteration 1 | Checksum: 19675a308

Time (s): cpu = 00:02:03 ; elapsed = 00:00:57 . Memory (MB): peak = 5181.500 ; gain = 0.000 ; free physical = 11326 ; free virtual = 159574
Phase 4 Rip-up And Reroute | Checksum: 19675a308

Time (s): cpu = 00:02:04 ; elapsed = 00:00:57 . Memory (MB): peak = 5181.500 ; gain = 0.000 ; free physical = 11326 ; free virtual = 159574

Phase 5 Delay and Skew Optimization

Phase 5.1 Delay CleanUp

Phase 5.1.1 Update Timing
Phase 5.1.1 Update Timing | Checksum: 15c12811d

Time (s): cpu = 00:02:10 ; elapsed = 00:00:59 . Memory (MB): peak = 5181.500 ; gain = 0.000 ; free physical = 11317 ; free virtual = 159566
INFO: [Route 35-416] Intermediate Timing Summary | WNS=13.750 | TNS=0.000  | WHS=0.010  | THS=0.000  |


Phase 5.1.2 Update Timing
Phase 5.1.2 Update Timing | Checksum: 14901e0b9

Time (s): cpu = 00:02:15 ; elapsed = 00:01:01 . Memory (MB): peak = 5181.500 ; gain = 0.000 ; free physical = 11321 ; free virtual = 159569
INFO: [Route 35-416] Intermediate Timing Summary | WNS=13.750 | TNS=0.000  | WHS=0.010  | THS=0.000  |

Phase 5.1 Delay CleanUp | Checksum: 14901e0b9

Time (s): cpu = 00:02:15 ; elapsed = 00:01:01 . Memory (MB): peak = 5181.500 ; gain = 0.000 ; free physical = 11321 ; free virtual = 159569

Phase 5.2 Clock Skew Optimization
Phase 5.2 Clock Skew Optimization | Checksum: 14901e0b9

Time (s): cpu = 00:02:15 ; elapsed = 00:01:01 . Memory (MB): peak = 5181.500 ; gain = 0.000 ; free physical = 11321 ; free virtual = 159569
Phase 5 Delay and Skew Optimization | Checksum: 14901e0b9

Time (s): cpu = 00:02:15 ; elapsed = 00:01:01 . Memory (MB): peak = 5181.500 ; gain = 0.000 ; free physical = 11321 ; free virtual = 159569

Phase 6 Post Hold Fix

Phase 6.1 Hold Fix Iter

Phase 6.1.1 Update Timing
Phase 6.1.1 Update Timing | Checksum: 1cb89cdca

Time (s): cpu = 00:02:20 ; elapsed = 00:01:03 . Memory (MB): peak = 5181.500 ; gain = 0.000 ; free physical = 11326 ; free virtual = 159574
INFO: [Route 35-416] Intermediate Timing Summary | WNS=13.750 | TNS=0.000  | WHS=0.010  | THS=0.000  |

Phase 6.1 Hold Fix Iter | Checksum: e24bd311

Time (s): cpu = 00:02:20 ; elapsed = 00:01:03 . Memory (MB): peak = 5181.500 ; gain = 0.000 ; free physical = 11326 ; free virtual = 159574
Phase 6 Post Hold Fix | Checksum: e24bd311

Time (s): cpu = 00:02:20 ; elapsed = 00:01:03 . Memory (MB): peak = 5181.500 ; gain = 0.000 ; free physical = 11326 ; free virtual = 159574

Phase 7 Route finalize

Router Utilization Summary
  Global Vertical Routing Utilization    = 4.48933 %
  Global Horizontal Routing Utilization  = 5.3331 %
  Routable Net Status*
  *Does not include unroutable nets such as driverless and loadless.
  Run report_route_status for detailed report.
  Number of Failed Nets               = 0
    (Failed Nets is the sum of unrouted and partially routed nets)
  Number of Unrouted Nets             = 0
  Number of Partially Routed Nets     = 0
  Number of Node Overlaps             = 0

Phase 7 Route finalize | Checksum: e24bd311

Time (s): cpu = 00:02:21 ; elapsed = 00:01:03 . Memory (MB): peak = 5181.500 ; gain = 0.000 ; free physical = 11325 ; free virtual = 159573

Phase 8 Verifying routed nets

 Verification completed successfully
Phase 8 Verifying routed nets | Checksum: e24bd311

Time (s): cpu = 00:02:21 ; elapsed = 00:01:03 . Memory (MB): peak = 5181.500 ; gain = 0.000 ; free physical = 11325 ; free virtual = 159573

Phase 9 Depositing Routes
Phase 9 Depositing Routes | Checksum: e24bd311

Time (s): cpu = 00:02:23 ; elapsed = 00:01:04 . Memory (MB): peak = 5181.500 ; gain = 0.000 ; free physical = 11322 ; free virtual = 159571

Phase 10 Resolve XTalk
Phase 10 Resolve XTalk | Checksum: e24bd311

Time (s): cpu = 00:02:23 ; elapsed = 00:01:04 . Memory (MB): peak = 5181.500 ; gain = 0.000 ; free physical = 11322 ; free virtual = 159571

Phase 11 Post Router Timing
INFO: [Route 35-57] Estimated Timing Summary | WNS=13.750 | TNS=0.000  | WHS=0.010  | THS=0.000  |

INFO: [Route 35-327] The final timing numbers are based on the router estimated timing analysis. For a complete and accurate timing signoff, please run report_timing_summary.
Phase 11 Post Router Timing | Checksum: e24bd311

Time (s): cpu = 00:02:26 ; elapsed = 00:01:05 . Memory (MB): peak = 5181.500 ; gain = 0.000 ; free physical = 11320 ; free virtual = 159569
INFO: [Route 35-16] Router Completed Successfully

Phase 12 Post-Route Event Processing
Phase 12 Post-Route Event Processing | Checksum: 1a1eee4ce

Time (s): cpu = 00:02:26 ; elapsed = 00:01:05 . Memory (MB): peak = 5181.500 ; gain = 0.000 ; free physical = 11318 ; free virtual = 159567
Ending Routing Task | Checksum: 1a1eee4ce

Time (s): cpu = 00:02:27 ; elapsed = 00:01:06 . Memory (MB): peak = 5181.500 ; gain = 0.000 ; free physical = 11323 ; free virtual = 159571

Routing Is Done.
INFO: [Common 17-83] Releasing license: Implementation
119 Infos, 203 Warnings, 0 Critical Warnings and 0 Errors encountered.
route_design completed successfully
route_design: Time (s): cpu = 00:02:32 ; elapsed = 00:01:07 . Memory (MB): peak = 5181.500 ; gain = 8.004 ; free physical = 11323 ; free virtual = 159571
INFO: [runtcl-4] Executing : report_drc -file mem_bd_wrapper_drc_routed.rpt -pb mem_bd_wrapper_drc_routed.pb -rpx mem_bd_wrapper_drc_routed.rpx
Command: report_drc -file mem_bd_wrapper_drc_routed.rpt -pb mem_bd_wrapper_drc_routed.pb -rpx mem_bd_wrapper_drc_routed.rpx
INFO: [IP_Flow 19-1839] IP Catalog is up to date.
INFO: [DRC 23-27] Running DRC with 8 threads
INFO: [Vivado_Tcl 2-168] The results of DRC are in file /home/mss464/minitpu/tpu/build/mem_system/mem_system.runs/impl_1/mem_bd_wrapper_drc_routed.rpt.
report_drc completed successfully
INFO: [runtcl-4] Executing : report_methodology -file mem_bd_wrapper_methodology_drc_routed.rpt -pb mem_bd_wrapper_methodology_drc_routed.pb -rpx mem_bd_wrapper_methodology_drc_routed.rpx
Command: report_methodology -file mem_bd_wrapper_methodology_drc_routed.rpt -pb mem_bd_wrapper_methodology_drc_routed.pb -rpx mem_bd_wrapper_methodology_drc_routed.rpx
INFO: [Timing 38-35] Done setting XDC timing constraints.
INFO: [DRC 23-133] Running Methodology with 8 threads
INFO: [Vivado_Tcl 2-1520] The results of Report Methodology are in file /home/mss464/minitpu/tpu/build/mem_system/mem_system.runs/impl_1/mem_bd_wrapper_methodology_drc_routed.rpt.
report_methodology completed successfully
INFO: [runtcl-4] Executing : report_power -file mem_bd_wrapper_power_routed.rpt -pb mem_bd_wrapper_power_summary_routed.pb -rpx mem_bd_wrapper_power_routed.rpx
Command: report_power -file mem_bd_wrapper_power_routed.rpt -pb mem_bd_wrapper_power_summary_routed.pb -rpx mem_bd_wrapper_power_routed.rpx
INFO: [Timing 38-35] Done setting XDC timing constraints.
Running Vector-less Activity Propagation...

Finished Running Vector-less Activity Propagation
WARNING: [Power 33-332] Found switching activity that implies high-fanout reset nets being asserted for excessive periods of time which may result in inaccurate power analysis.
Resolution: To review and fix problems, please run Power Constraints Advisor in the GUI from Tools > Power Constraints Advisor or run report_power with the -advisory option to generate a text report.
129 Infos, 204 Warnings, 0 Critical Warnings and 0 Errors encountered.
report_power completed successfully
report_power: Time (s): cpu = 00:00:18 ; elapsed = 00:00:10 . Memory (MB): peak = 5237.527 ; gain = 0.000 ; free physical = 11336 ; free virtual = 159596
INFO: [runtcl-4] Executing : report_route_status -file mem_bd_wrapper_route_status.rpt -pb mem_bd_wrapper_route_status.pb
INFO: [runtcl-4] Executing : report_timing_summary -max_paths 10 -report_unconstrained -file mem_bd_wrapper_timing_summary_routed.rpt -pb mem_bd_wrapper_timing_summary_routed.pb -rpx mem_bd_wrapper_timing_summary_routed.rpx -warn_on_violation 
INFO: [Timing 38-91] UpdateTimingParams: Speed grade: -1, Temperature grade: I, Delay Type: min_max.
INFO: [Timing 38-191] Multithreading enabled for timing update using a maximum of 8 CPUs
INFO: [runtcl-4] Executing : report_incremental_reuse -file mem_bd_wrapper_incremental_reuse_routed.rpt
INFO: [Vivado_Tcl 4-1062] Incremental flow is disabled. No incremental reuse Info to report.
INFO: [runtcl-4] Executing : report_clock_utilization -file mem_bd_wrapper_clock_utilization_routed.rpt
INFO: [runtcl-4] Executing : report_bus_skew -warn_on_violation -file mem_bd_wrapper_bus_skew_routed.rpt -pb mem_bd_wrapper_bus_skew_routed.pb -rpx mem_bd_wrapper_bus_skew_routed.rpx
INFO: [Timing 38-91] UpdateTimingParams: Speed grade: -1, Temperature grade: I, Delay Type: min_max.
INFO: [Timing 38-191] Multithreading enabled for timing update using a maximum of 8 CPUs
INFO: [Timing 38-480] Writing timing data to binary archive.
Write ShapeDB Complete: Time (s): cpu = 00:00:00.44 ; elapsed = 00:00:00.1 . Memory (MB): peak = 5237.527 ; gain = 0.000 ; free physical = 11329 ; free virtual = 159598
Wrote PlaceDB: Time (s): cpu = 00:00:03 ; elapsed = 00:00:01 . Memory (MB): peak = 5237.527 ; gain = 0.000 ; free physical = 11314 ; free virtual = 159603
Wrote PulsedLatchDB: Time (s): cpu = 00:00:00 ; elapsed = 00:00:00 . Memory (MB): peak = 5237.527 ; gain = 0.000 ; free physical = 11314 ; free virtual = 159603
Writing XDEF routing.
Writing XDEF routing logical nets.
Writing XDEF routing special nets.
Wrote RouteStorage: Time (s): cpu = 00:00:00.87 ; elapsed = 00:00:00.35 . Memory (MB): peak = 5237.527 ; gain = 0.000 ; free physical = 11290 ; free virtual = 159586
Wrote Netlist Cache: Time (s): cpu = 00:00:00.07 ; elapsed = 00:00:00.04 . Memory (MB): peak = 5237.527 ; gain = 0.000 ; free physical = 11291 ; free virtual = 159589
Wrote Device Cache: Time (s): cpu = 00:00:00.08 ; elapsed = 00:00:00.03 . Memory (MB): peak = 5237.527 ; gain = 0.000 ; free physical = 11288 ; free virtual = 159589
Write Physdb Complete: Time (s): cpu = 00:00:04 ; elapsed = 00:00:02 . Memory (MB): peak = 5237.527 ; gain = 0.000 ; free physical = 11288 ; free virtual = 159589
INFO: [Common 17-1381] The checkpoint '/home/mss464/minitpu/tpu/build/mem_system/mem_system.runs/impl_1/mem_bd_wrapper_routed.dcp' has been generated.
INFO: [Common 17-206] Exiting Vivado at Mon Apr  6 13:45:59 2026...

*** Running vivado
    with args -log mem_bd_wrapper.vdi -applog -m64 -product Vivado -messageDb vivado.pb -mode batch -source mem_bd_wrapper.tcl -notrace


****** Vivado v2023.2 (64-bit)
  **** SW Build 4029153 on Fri Oct 13 20:13:54 MDT 2023
  **** IP Build 4028589 on Sat Oct 14 00:45:43 MDT 2023
  **** SharedData Build 4025554 on Tue Oct 10 17:18:54 MDT 2023
    ** Copyright 1986-2022 Xilinx, Inc. All Rights Reserved.
    ** Copyright 2022-2023 Advanced Micro Devices, Inc. All Rights Reserved.

source mem_bd_wrapper.tcl -notrace
Command: open_checkpoint mem_bd_wrapper_routed.dcp
INFO: [Device 21-403] Loading part xczu3eg-sbva484-1-i
Netlist sorting complete. Time (s): cpu = 00:00:00.55 ; elapsed = 00:00:00.54 . Memory (MB): peak = 2444.090 ; gain = 0.000 ; free physical = 13708 ; free virtual = 161985
INFO: [Netlist 29-17] Analyzing 314 Unisim elements for replacement
INFO: [Netlist 29-28] Unisim Transformation completed in 0 CPU seconds
INFO: [Project 1-479] Netlist was created with Vivado 2023.2
INFO: [Project 1-570] Preparing netlist for logic optimization
Read ShapeDB Complete: Time (s): cpu = 00:00:00.1 ; elapsed = 00:00:00.1 . Memory (MB): peak = 2536.309 ; gain = 9.250 ; free physical = 13580 ; free virtual = 161857
INFO: [Timing 38-478] Restoring timing data from binary archive.
INFO: [Timing 38-479] Binary timing data restore complete.
INFO: [Project 1-856] Restoring constraints from binary archive.
INFO: [Project 1-853] Binary constraint restore complete.
INFO: [Designutils 20-5722] Start Reading Physical Databases.
Reading placement.
Read Netlist Cache: Time (s): cpu = 00:00:00.02 ; elapsed = 00:00:00.03 . Memory (MB): peak = 3011.113 ; gain = 0.000 ; free physical = 13299 ; free virtual = 161576
Reading placer database...
Read Device Cache: Time (s): cpu = 00:00:00.04 ; elapsed = 00:00:00.05 . Memory (MB): peak = 3011.113 ; gain = 0.000 ; free physical = 13305 ; free virtual = 161582
Read PlaceDB: Time (s): cpu = 00:00:01 ; elapsed = 00:00:01 . Memory (MB): peak = 3027.074 ; gain = 15.961 ; free physical = 13279 ; free virtual = 161556
Read PulsedLatchDB: Time (s): cpu = 00:00:00 ; elapsed = 00:00:00 . Memory (MB): peak = 3027.074 ; gain = 0.000 ; free physical = 13279 ; free virtual = 161556
Reading routing.
Read RouteStorage: Time (s): cpu = 00:00:00.5 ; elapsed = 00:00:00.53 . Memory (MB): peak = 3057.887 ; gain = 30.812 ; free physical = 13269 ; free virtual = 161546
Read Physdb Files: Time (s): cpu = 00:00:02 ; elapsed = 00:00:02 . Memory (MB): peak = 3057.887 ; gain = 46.773 ; free physical = 13269 ; free virtual = 161546
Restored from archive | CPU: 2.100000 secs | Memory: 28.371529 MB |
Finished XDEF File Restore: Time (s): cpu = 00:00:02 ; elapsed = 00:00:02 . Memory (MB): peak = 3057.887 ; gain = 46.773 ; free physical = 13269 ; free virtual = 161546
Netlist sorting complete. Time (s): cpu = 00:00:00 ; elapsed = 00:00:00.01 . Memory (MB): peak = 3425.559 ; gain = 0.000 ; free physical = 12853 ; free virtual = 161130
INFO: [Project 1-111] Unisim Transformation Summary:
  A total of 186 instances were transformed.
  RAM16X1D => RAM32X1D (RAMD32(x2)): 1 instance 
  RAM32M16 => RAM32M16 (RAMD32(x14), RAMS32(x2)): 148 instances
  RAM64M8 => RAM64M8 (RAMD64E(x8)): 37 instances

INFO: [Project 1-604] Checkpoint was created with Vivado v2023.2 (64-bit) build 4029153
open_checkpoint: Time (s): cpu = 00:00:32 ; elapsed = 00:00:33 . Memory (MB): peak = 3425.594 ; gain = 1904.730 ; free physical = 12885 ; free virtual = 161163
INFO: [Memdata 28-167] Found XPM memory block mem_bd_i/axi_smc_full/inst/s00_nodes/s00_w_node/inst/inst_mi_handler/gen_normal_area.inst_fifo_node_payld/gen_xpm_memory_fifo.inst_fifo/gen_mem_rep[0].inst_xpm_memory/xpm_memory_base_inst with a P_MEMORY_PRIMITIVE property set to distributed. A value of block is required. You will not be able to use the updatemem program to update the bitstream with new data for the mem_bd_i/axi_smc_full/inst/s00_nodes/s00_w_node/inst/inst_mi_handler/gen_normal_area.inst_fifo_node_payld/gen_xpm_memory_fifo.inst_fifo/gen_mem_rep[0].inst_xpm_memory/xpm_memory_base_inst block.
INFO: [Memdata 28-167] Found XPM memory block mem_bd_i/axi_smc_full/inst/s00_nodes/s00_r_node/inst/inst_mi_handler/gen_normal_area.inst_fifo_node_payld/gen_xpm_memory_fifo.inst_fifo/gen_mem_rep[0].inst_xpm_memory/xpm_memory_base_inst with a P_MEMORY_PRIMITIVE property set to distributed. A value of block is required. You will not be able to use the updatemem program to update the bitstream with new data for the mem_bd_i/axi_smc_full/inst/s00_nodes/s00_r_node/inst/inst_mi_handler/gen_normal_area.inst_fifo_node_payld/gen_xpm_memory_fifo.inst_fifo/gen_mem_rep[0].inst_xpm_memory/xpm_memory_base_inst block.
INFO: [Memdata 28-167] Found XPM memory block mem_bd_i/axi_smc_full/inst/s00_nodes/s00_b_node/inst/inst_mi_handler/gen_normal_area.inst_fifo_node_payld/gen_xpm_memory_fifo.inst_fifo/gen_mem_rep[0].inst_xpm_memory/xpm_memory_base_inst with a P_MEMORY_PRIMITIVE property set to distributed. A value of block is required. You will not be able to use the updatemem program to update the bitstream with new data for the mem_bd_i/axi_smc_full/inst/s00_nodes/s00_b_node/inst/inst_mi_handler/gen_normal_area.inst_fifo_node_payld/gen_xpm_memory_fifo.inst_fifo/gen_mem_rep[0].inst_xpm_memory/xpm_memory_base_inst block.
INFO: [Memdata 28-167] Found XPM memory block mem_bd_i/axi_smc_full/inst/s00_nodes/s00_aw_node/inst/inst_mi_handler/gen_normal_area.inst_fifo_node_payld/gen_xpm_memory_fifo.inst_fifo/gen_mem_rep[0].inst_xpm_memory/xpm_memory_base_inst with a P_MEMORY_PRIMITIVE property set to distributed. A value of block is required. You will not be able to use the updatemem program to update the bitstream with new data for the mem_bd_i/axi_smc_full/inst/s00_nodes/s00_aw_node/inst/inst_mi_handler/gen_normal_area.inst_fifo_node_payld/gen_xpm_memory_fifo.inst_fifo/gen_mem_rep[0].inst_xpm_memory/xpm_memory_base_inst block.
INFO: [Memdata 28-167] Found XPM memory block mem_bd_i/axi_smc_full/inst/s00_nodes/s00_ar_node/inst/inst_mi_handler/gen_normal_area.inst_fifo_node_payld/gen_xpm_memory_fifo.inst_fifo/gen_mem_rep[0].inst_xpm_memory/xpm_memory_base_inst with a P_MEMORY_PRIMITIVE property set to distributed. A value of block is required. You will not be able to use the updatemem program to update the bitstream with new data for the mem_bd_i/axi_smc_full/inst/s00_nodes/s00_ar_node/inst/inst_mi_handler/gen_normal_area.inst_fifo_node_payld/gen_xpm_memory_fifo.inst_fifo/gen_mem_rep[0].inst_xpm_memory/xpm_memory_base_inst block.
INFO: [Memdata 28-167] Found XPM memory block mem_bd_i/axi_smc/inst/s01_nodes/s01_w_node/inst/inst_mi_handler/gen_normal_area.inst_fifo_node_payld/gen_xpm_memory_fifo.inst_fifo/gen_mem_rep[1].inst_xpm_memory/xpm_memory_base_inst with a P_MEMORY_PRIMITIVE property set to distributed. A value of block is required. You will not be able to use the updatemem program to update the bitstream with new data for the mem_bd_i/axi_smc/inst/s01_nodes/s01_w_node/inst/inst_mi_handler/gen_normal_area.inst_fifo_node_payld/gen_xpm_memory_fifo.inst_fifo/gen_mem_rep[1].inst_xpm_memory/xpm_memory_base_inst block.
INFO: [Memdata 28-167] Found XPM memory block mem_bd_i/axi_smc/inst/s01_nodes/s01_w_node/inst/inst_mi_handler/gen_normal_area.inst_fifo_node_payld/gen_xpm_memory_fifo.inst_fifo/gen_mem_rep[0].inst_xpm_memory/xpm_memory_base_inst with a P_MEMORY_PRIMITIVE property set to distributed. A value of block is required. You will not be able to use the updatemem program to update the bitstream with new data for the mem_bd_i/axi_smc/inst/s01_nodes/s01_w_node/inst/inst_mi_handler/gen_normal_area.inst_fifo_node_payld/gen_xpm_memory_fifo.inst_fifo/gen_mem_rep[0].inst_xpm_memory/xpm_memory_base_inst block.
INFO: [Memdata 28-167] Found XPM memory block mem_bd_i/axi_smc/inst/s01_nodes/s01_w_node/inst/inst_mi_handler/gen_normal_area.gen_fifo_req.inst_fifo_req/gen_xpm_memory_fifo.inst_fifo/gen_mem_rep[0].inst_xpm_memory/xpm_memory_base_inst with a P_MEMORY_PRIMITIVE property set to distributed. A value of block is required. You will not be able to use the updatemem program to update the bitstream with new data for the mem_bd_i/axi_smc/inst/s01_nodes/s01_w_node/inst/inst_mi_handler/gen_normal_area.gen_fifo_req.inst_fifo_req/gen_xpm_memory_fifo.inst_fifo/gen_mem_rep[0].inst_xpm_memory/xpm_memory_base_inst block.
INFO: [Memdata 28-167] Found XPM memory block mem_bd_i/axi_smc/inst/s01_nodes/s01_b_node/inst/inst_mi_handler/gen_normal_area.inst_fifo_node_payld/gen_xpm_memory_fifo.inst_fifo/gen_mem_rep[0].inst_xpm_memory/xpm_memory_base_inst with a P_MEMORY_PRIMITIVE property set to distributed. A value of block is required. You will not be able to use the updatemem program to update the bitstream with new data for the mem_bd_i/axi_smc/inst/s01_nodes/s01_b_node/inst/inst_mi_handler/gen_normal_area.inst_fifo_node_payld/gen_xpm_memory_fifo.inst_fifo/gen_mem_rep[0].inst_xpm_memory/xpm_memory_base_inst block.
INFO: [Memdata 28-167] Found XPM memory block mem_bd_i/axi_smc/inst/s01_nodes/s01_aw_node/inst/inst_mi_handler/gen_normal_area.inst_fifo_node_payld/gen_xpm_memory_fifo.inst_fifo/gen_mem_rep[0].inst_xpm_memory/xpm_memory_base_inst with a P_MEMORY_PRIMITIVE property set to distributed. A value of block is required. You will not be able to use the updatemem program to update the bitstream with new data for the mem_bd_i/axi_smc/inst/s01_nodes/s01_aw_node/inst/inst_mi_handler/gen_normal_area.inst_fifo_node_payld/gen_xpm_memory_fifo.inst_fifo/gen_mem_rep[0].inst_xpm_memory/xpm_memory_base_inst block.
INFO: [Memdata 28-167] Found XPM memory block mem_bd_i/axi_smc/inst/s00_nodes/s00_r_node/inst/inst_mi_handler/gen_normal_area.inst_fifo_node_payld/gen_xpm_memory_fifo.inst_fifo/gen_mem_rep[1].inst_xpm_memory/xpm_memory_base_inst with a P_MEMORY_PRIMITIVE property set to distributed. A value of block is required. You will not be able to use the updatemem program to update the bitstream with new data for the mem_bd_i/axi_smc/inst/s00_nodes/s00_r_node/inst/inst_mi_handler/gen_normal_area.inst_fifo_node_payld/gen_xpm_memory_fifo.inst_fifo/gen_mem_rep[1].inst_xpm_memory/xpm_memory_base_inst block.
INFO: [Memdata 28-167] Found XPM memory block mem_bd_i/axi_smc/inst/s00_nodes/s00_r_node/inst/inst_mi_handler/gen_normal_area.inst_fifo_node_payld/gen_xpm_memory_fifo.inst_fifo/gen_mem_rep[0].inst_xpm_memory/xpm_memory_base_inst with a P_MEMORY_PRIMITIVE property set to distributed. A value of block is required. You will not be able to use the updatemem program to update the bitstream with new data for the mem_bd_i/axi_smc/inst/s00_nodes/s00_r_node/inst/inst_mi_handler/gen_normal_area.inst_fifo_node_payld/gen_xpm_memory_fifo.inst_fifo/gen_mem_rep[0].inst_xpm_memory/xpm_memory_base_inst block.
INFO: [Memdata 28-167] Found XPM memory block mem_bd_i/axi_smc/inst/s00_nodes/s00_ar_node/inst/inst_mi_handler/gen_normal_area.inst_fifo_node_payld/gen_xpm_memory_fifo.inst_fifo/gen_mem_rep[0].inst_xpm_memory/xpm_memory_base_inst with a P_MEMORY_PRIMITIVE property set to distributed. A value of block is required. You will not be able to use the updatemem program to update the bitstream with new data for the mem_bd_i/axi_smc/inst/s00_nodes/s00_ar_node/inst/inst_mi_handler/gen_normal_area.inst_fifo_node_payld/gen_xpm_memory_fifo.inst_fifo/gen_mem_rep[0].inst_xpm_memory/xpm_memory_base_inst block.
INFO: [Memdata 28-167] Found XPM memory block mem_bd_i/axi_smc/inst/m00_nodes/m00_w_node/inst/inst_si_handler/gen_si_handler.gen_request_fifos.gen_req_fifo[1].inst_req_fifo/gen_xpm_memory_fifo.inst_fifo/gen_mem_rep[0].inst_xpm_memory/xpm_memory_base_inst with a P_MEMORY_PRIMITIVE property set to distributed. A value of block is required. You will not be able to use the updatemem program to update the bitstream with new data for the mem_bd_i/axi_smc/inst/m00_nodes/m00_w_node/inst/inst_si_handler/gen_si_handler.gen_request_fifos.gen_req_fifo[1].inst_req_fifo/gen_xpm_memory_fifo.inst_fifo/gen_mem_rep[0].inst_xpm_memory/xpm_memory_base_inst block.
INFO: [Memdata 28-167] Found XPM memory block mem_bd_i/axi_smc/inst/m00_nodes/m00_w_node/inst/inst_mi_handler/gen_normal_area.inst_fifo_node_payld/gen_xpm_memory_fifo.inst_fifo/gen_mem_rep[1].inst_xpm_memory/xpm_memory_base_inst with a P_MEMORY_PRIMITIVE property set to distributed. A value of block is required. You will not be able to use the updatemem program to update the bitstream with new data for the mem_bd_i/axi_smc/inst/m00_nodes/m00_w_node/inst/inst_mi_handler/gen_normal_area.inst_fifo_node_payld/gen_xpm_memory_fifo.inst_fifo/gen_mem_rep[1].inst_xpm_memory/xpm_memory_base_inst block.
INFO: [Memdata 28-167] Found XPM memory block mem_bd_i/axi_smc/inst/m00_nodes/m00_w_node/inst/inst_mi_handler/gen_normal_area.inst_fifo_node_payld/gen_xpm_memory_fifo.inst_fifo/gen_mem_rep[0].inst_xpm_memory/xpm_memory_base_inst with a P_MEMORY_PRIMITIVE property set to distributed. A value of block is required. You will not be able to use the updatemem program to update the bitstream with new data for the mem_bd_i/axi_smc/inst/m00_nodes/m00_w_node/inst/inst_mi_handler/gen_normal_area.inst_fifo_node_payld/gen_xpm_memory_fifo.inst_fifo/gen_mem_rep[0].inst_xpm_memory/xpm_memory_base_inst block.
INFO: [Memdata 28-167] Found XPM memory block mem_bd_i/axi_smc/inst/m00_nodes/m00_r_node/inst/inst_mi_handler/gen_normal_area.inst_fifo_node_payld/gen_xpm_memory_fifo.inst_fifo/gen_mem_rep[1].inst_xpm_memory/xpm_memory_base_inst with a P_MEMORY_PRIMITIVE property set to distributed. A value of block is required. You will not be able to use the updatemem program to update the bitstream with new data for the mem_bd_i/axi_smc/inst/m00_nodes/m00_r_node/inst/inst_mi_handler/gen_normal_area.inst_fifo_node_payld/gen_xpm_memory_fifo.inst_fifo/gen_mem_rep[1].inst_xpm_memory/xpm_memory_base_inst block.
INFO: [Memdata 28-167] Found XPM memory block mem_bd_i/axi_smc/inst/m00_nodes/m00_r_node/inst/inst_mi_handler/gen_normal_area.inst_fifo_node_payld/gen_xpm_memory_fifo.inst_fifo/gen_mem_rep[0].inst_xpm_memory/xpm_memory_base_inst with a P_MEMORY_PRIMITIVE property set to distributed. A value of block is required. You will not be able to use the updatemem program to update the bitstream with new data for the mem_bd_i/axi_smc/inst/m00_nodes/m00_r_node/inst/inst_mi_handler/gen_normal_area.inst_fifo_node_payld/gen_xpm_memory_fifo.inst_fifo/gen_mem_rep[0].inst_xpm_memory/xpm_memory_base_inst block.
INFO: [Memdata 28-167] Found XPM memory block mem_bd_i/axi_smc/inst/m00_nodes/m00_r_node/inst/inst_mi_handler/gen_normal_area.gen_fifo_req.inst_fifo_req/gen_xpm_memory_fifo.inst_fifo/gen_mem_rep[0].inst_xpm_memory/xpm_memory_base_inst with a P_MEMORY_PRIMITIVE property set to distributed. A value of block is required. You will not be able to use the updatemem program to update the bitstream with new data for the mem_bd_i/axi_smc/inst/m00_nodes/m00_r_node/inst/inst_mi_handler/gen_normal_area.gen_fifo_req.inst_fifo_req/gen_xpm_memory_fifo.inst_fifo/gen_mem_rep[0].inst_xpm_memory/xpm_memory_base_inst block.
INFO: [Memdata 28-167] Found XPM memory block mem_bd_i/axi_smc/inst/m00_nodes/m00_b_node/inst/inst_mi_handler/gen_normal_area.inst_fifo_node_payld/gen_xpm_memory_fifo.inst_fifo/gen_mem_rep[0].inst_xpm_memory/xpm_memory_base_inst with a P_MEMORY_PRIMITIVE property set to distributed. A value of block is required. You will not be able to use the updatemem program to update the bitstream with new data for the mem_bd_i/axi_smc/inst/m00_nodes/m00_b_node/inst/inst_mi_handler/gen_normal_area.inst_fifo_node_payld/gen_xpm_memory_fifo.inst_fifo/gen_mem_rep[0].inst_xpm_memory/xpm_memory_base_inst block.
INFO: [Memdata 28-167] Found XPM memory block mem_bd_i/axi_smc/inst/m00_nodes/m00_b_node/inst/inst_mi_handler/gen_normal_area.gen_fifo_req.inst_fifo_req/gen_xpm_memory_fifo.inst_fifo/gen_mem_rep[0].inst_xpm_memory/xpm_memory_base_inst with a P_MEMORY_PRIMITIVE property set to distributed. A value of block is required. You will not be able to use the updatemem program to update the bitstream with new data for the mem_bd_i/axi_smc/inst/m00_nodes/m00_b_node/inst/inst_mi_handler/gen_normal_area.gen_fifo_req.inst_fifo_req/gen_xpm_memory_fifo.inst_fifo/gen_mem_rep[0].inst_xpm_memory/xpm_memory_base_inst block.
INFO: [Memdata 28-167] Found XPM memory block mem_bd_i/axi_smc/inst/m00_nodes/m00_aw_node/inst/inst_mi_handler/gen_normal_area.inst_fifo_node_payld/gen_xpm_memory_fifo.inst_fifo/gen_mem_rep[0].inst_xpm_memory/xpm_memory_base_inst with a P_MEMORY_PRIMITIVE property set to distributed. A value of block is required. You will not be able to use the updatemem program to update the bitstream with new data for the mem_bd_i/axi_smc/inst/m00_nodes/m00_aw_node/inst/inst_mi_handler/gen_normal_area.inst_fifo_node_payld/gen_xpm_memory_fifo.inst_fifo/gen_mem_rep[0].inst_xpm_memory/xpm_memory_base_inst block.
INFO: [Memdata 28-167] Found XPM memory block mem_bd_i/axi_smc/inst/m00_nodes/m00_ar_node/inst/inst_mi_handler/gen_normal_area.inst_fifo_node_payld/gen_xpm_memory_fifo.inst_fifo/gen_mem_rep[0].inst_xpm_memory/xpm_memory_base_inst with a P_MEMORY_PRIMITIVE property set to distributed. A value of block is required. You will not be able to use the updatemem program to update the bitstream with new data for the mem_bd_i/axi_smc/inst/m00_nodes/m00_ar_node/inst/inst_mi_handler/gen_normal_area.inst_fifo_node_payld/gen_xpm_memory_fifo.inst_fifo/gen_mem_rep[0].inst_xpm_memory/xpm_memory_base_inst block.
INFO: [Memdata 28-167] Found XPM memory block mem_bd_i/axi_dma_0/U0/I_PRMRY_DATAMOVER/GEN_S2MM_FULL.I_S2MM_FULL_WRAPPER/GEN_INCLUDE_REALIGNER.I_S2MM_REALIGNER/GEN_INCLUDE_SCATTER.I_S2MM_SCATTER/I_TSTRB_FIFO/USE_SYNC_FIFO.I_SYNC_FIFO/NON_BLK_MEM.I_SYNC_FIFOGEN_FIFO/xpm_fifo_instance.xpm_fifo_sync_inst/xpm_fifo_base_inst/gen_sdpram.xpm_memory_base_inst with a P_MEMORY_PRIMITIVE property set to auto. A value of block is required. You will not be able to use the updatemem program to update the bitstream with new data for the mem_bd_i/axi_dma_0/U0/I_PRMRY_DATAMOVER/GEN_S2MM_FULL.I_S2MM_FULL_WRAPPER/GEN_INCLUDE_REALIGNER.I_S2MM_REALIGNER/GEN_INCLUDE_SCATTER.I_S2MM_SCATTER/I_TSTRB_FIFO/USE_SYNC_FIFO.I_SYNC_FIFO/NON_BLK_MEM.I_SYNC_FIFOGEN_FIFO/xpm_fifo_instance.xpm_fifo_sync_inst/xpm_fifo_base_inst/gen_sdpram.xpm_memory_base_inst block.
INFO: [Memdata 28-167] Found XPM memory block mem_bd_i/axi_dma_0/U0/I_PRMRY_DATAMOVER/GEN_S2MM_FULL.I_S2MM_FULL_WRAPPER/GEN_ENABLE_INDET_BTT_SF.I_INDET_BTT/I_XD_FIFO/NON_BLK_MEM.I_SYNC_FIFOGEN_FIFO/xpm_fifo_instance.xpm_fifo_sync_inst/xpm_fifo_base_inst/gen_sdpram.xpm_memory_base_inst with a P_MEMORY_PRIMITIVE property set to auto. A value of block is required. You will not be able to use the updatemem program to update the bitstream with new data for the mem_bd_i/axi_dma_0/U0/I_PRMRY_DATAMOVER/GEN_S2MM_FULL.I_S2MM_FULL_WRAPPER/GEN_ENABLE_INDET_BTT_SF.I_INDET_BTT/I_XD_FIFO/NON_BLK_MEM.I_SYNC_FIFOGEN_FIFO/xpm_fifo_instance.xpm_fifo_sync_inst/xpm_fifo_base_inst/gen_sdpram.xpm_memory_base_inst block.
INFO: [Memdata 28-208] The XPM instance: <mem_bd_i/axi_dma_0/U0/I_PRMRY_DATAMOVER/GEN_S2MM_FULL.I_S2MM_FULL_WRAPPER/GEN_ENABLE_INDET_BTT_SF.I_INDET_BTT/I_DATA_FIFO/BLK_MEM.I_SYNC_FIFOGEN_FIFO/xpm_fifo_instance.xpm_fifo_sync_inst/xpm_fifo_base_inst/gen_sdpram.xpm_memory_base_inst> is part of IP: <mem_bd_i/axi_dma_0>. This XPM instance will be excluded from the .mmi because updatemem is prohibited from making changes to an XPM that is part of an IP.
INFO: [Memdata 28-208] The XPM instance: <mem_bd_i/axi_dma_0/U0/I_PRMRY_DATAMOVER/GEN_MM2S_FULL.I_MM2S_FULL_WRAPPER/GEN_INCLUDE_MM2S_SF.I_RD_SF/I_DATA_FIFO/BLK_MEM.I_SYNC_FIFOGEN_FIFO/xpm_fifo_instance.xpm_fifo_sync_inst/xpm_fifo_base_inst/gen_sdpram.xpm_memory_base_inst> is part of IP: <mem_bd_i/axi_dma_0>. This XPM instance will be excluded from the .mmi because updatemem is prohibited from making changes to an XPM that is part of an IP.
Command: write_bitstream -force mem_bd_wrapper.bit
Attempting to get a license for feature 'Implementation' and/or device 'xczu3eg'
INFO: [Common 17-349] Got license for feature 'Implementation' and/or device 'xczu3eg'
Running DRC as a precondition to command write_bitstream
INFO: [IP_Flow 19-234] Refreshing IP repositories
INFO: [IP_Flow 19-1704] No user IP repositories specified
INFO: [IP_Flow 19-2313] Loaded Vivado IP repository '/opt/xilinx/Vivado/2023.2/data/ip'.
INFO: [DRC 23-27] Running DRC with 8 threads
WARNING: [DRC REQP-1934] RAMB18E2_nochange_collision_advisory: Synchronous clocking is detected for BRAM (mem_bd_i/axi_dma_0/U0/I_PRMRY_DATAMOVER/GEN_MM2S_FULL.I_MM2S_FULL_WRAPPER/GEN_INCLUDE_MM2S_SF.I_RD_SF/I_DATA_FIFO/BLK_MEM.I_SYNC_FIFOGEN_FIFO/xpm_fifo_instance.xpm_fifo_sync_inst/xpm_fifo_base_inst/gen_sdpram.xpm_memory_base_inst/gen_wr_a.gen_word_narrow.mem_reg_4) in SDP mode with NO_CHANGE write-mode. This is the preferred mode for best power characteristics. However, NO_CHANGE may exhibit address collisions if the same address appears on both read and write ports resulting in unknown or corrupted read data. It is suggested to confirm via simulation that an address collision never occurs and if so it is suggested to try and avoid this situation. If address collisions cannot be avoided, the write-mode may be set to READ_FIRST which guarantees that the read data is the prior contents of the memory at the cost of additional power in the design. See the FPGA Memory Resources User Guide for additional information.
WARNING: [DRC REQP-1934] RAMB18E2_nochange_collision_advisory: Synchronous clocking is detected for BRAM (mem_bd_i/axi_dma_0/U0/I_PRMRY_DATAMOVER/GEN_S2MM_FULL.I_S2MM_FULL_WRAPPER/GEN_ENABLE_INDET_BTT_SF.I_INDET_BTT/I_DATA_FIFO/BLK_MEM.I_SYNC_FIFOGEN_FIFO/xpm_fifo_instance.xpm_fifo_sync_inst/xpm_fifo_base_inst/gen_sdpram.xpm_memory_base_inst/gen_wr_a.gen_word_narrow.mem_reg_4) in SDP mode with NO_CHANGE write-mode. This is the preferred mode for best power characteristics. However, NO_CHANGE may exhibit address collisions if the same address appears on both read and write ports resulting in unknown or corrupted read data. It is suggested to confirm via simulation that an address collision never occurs and if so it is suggested to try and avoid this situation. If address collisions cannot be avoided, the write-mode may be set to READ_FIRST which guarantees that the read data is the prior contents of the memory at the cost of additional power in the design. See the FPGA Memory Resources User Guide for additional information.
WARNING: [DRC REQP-1935] RAMB36E2_nochange_collision_advisory: Synchronous clocking is detected for BRAM (mem_bd_i/axi_dma_0/U0/I_PRMRY_DATAMOVER/GEN_MM2S_FULL.I_MM2S_FULL_WRAPPER/GEN_INCLUDE_MM2S_SF.I_RD_SF/I_DATA_FIFO/BLK_MEM.I_SYNC_FIFOGEN_FIFO/xpm_fifo_instance.xpm_fifo_sync_inst/xpm_fifo_base_inst/gen_sdpram.xpm_memory_base_inst/gen_wr_a.gen_word_narrow.mem_reg_0) in SDP mode with NO_CHANGE write-mode. This is the preferred mode for best power characteristics. However, NO_CHANGE may exhibit address collisions if the same address appears on both read and write ports resulting in unknown or corrupted read data. It is suggested to confirm via simulation that an address collision never occurs and if so it is suggested to try and avoid this situation. If address collisions cannot be avoided, the write-mode may be set to READ_FIRST which guarantees that the read data is the prior contents of the memory at the cost of additional power in the design. See the FPGA Memory Resources User Guide for additional information.
WARNING: [DRC REQP-1935] RAMB36E2_nochange_collision_advisory: Synchronous clocking is detected for BRAM (mem_bd_i/axi_dma_0/U0/I_PRMRY_DATAMOVER/GEN_MM2S_FULL.I_MM2S_FULL_WRAPPER/GEN_INCLUDE_MM2S_SF.I_RD_SF/I_DATA_FIFO/BLK_MEM.I_SYNC_FIFOGEN_FIFO/xpm_fifo_instance.xpm_fifo_sync_inst/xpm_fifo_base_inst/gen_sdpram.xpm_memory_base_inst/gen_wr_a.gen_word_narrow.mem_reg_1) in SDP mode with NO_CHANGE write-mode. This is the preferred mode for best power characteristics. However, NO_CHANGE may exhibit address collisions if the same address appears on both read and write ports resulting in unknown or corrupted read data. It is suggested to confirm via simulation that an address collision never occurs and if so it is suggested to try and avoid this situation. If address collisions cannot be avoided, the write-mode may be set to READ_FIRST which guarantees that the read data is the prior contents of the memory at the cost of additional power in the design. See the FPGA Memory Resources User Guide for additional information.
WARNING: [DRC REQP-1935] RAMB36E2_nochange_collision_advisory: Synchronous clocking is detected for BRAM (mem_bd_i/axi_dma_0/U0/I_PRMRY_DATAMOVER/GEN_MM2S_FULL.I_MM2S_FULL_WRAPPER/GEN_INCLUDE_MM2S_SF.I_RD_SF/I_DATA_FIFO/BLK_MEM.I_SYNC_FIFOGEN_FIFO/xpm_fifo_instance.xpm_fifo_sync_inst/xpm_fifo_base_inst/gen_sdpram.xpm_memory_base_inst/gen_wr_a.gen_word_narrow.mem_reg_2) in SDP mode with NO_CHANGE write-mode. This is the preferred mode for best power characteristics. However, NO_CHANGE may exhibit address collisions if the same address appears on both read and write ports resulting in unknown or corrupted read data. It is suggested to confirm via simulation that an address collision never occurs and if so it is suggested to try and avoid this situation. If address collisions cannot be avoided, the write-mode may be set to READ_FIRST which guarantees that the read data is the prior contents of the memory at the cost of additional power in the design. See the FPGA Memory Resources User Guide for additional information.
WARNING: [DRC REQP-1935] RAMB36E2_nochange_collision_advisory: Synchronous clocking is detected for BRAM (mem_bd_i/axi_dma_0/U0/I_PRMRY_DATAMOVER/GEN_MM2S_FULL.I_MM2S_FULL_WRAPPER/GEN_INCLUDE_MM2S_SF.I_RD_SF/I_DATA_FIFO/BLK_MEM.I_SYNC_FIFOGEN_FIFO/xpm_fifo_instance.xpm_fifo_sync_inst/xpm_fifo_base_inst/gen_sdpram.xpm_memory_base_inst/gen_wr_a.gen_word_narrow.mem_reg_3) in SDP mode with NO_CHANGE write-mode. This is the preferred mode for best power characteristics. However, NO_CHANGE may exhibit address collisions if the same address appears on both read and write ports resulting in unknown or corrupted read data. It is suggested to confirm via simulation that an address collision never occurs and if so it is suggested to try and avoid this situation. If address collisions cannot be avoided, the write-mode may be set to READ_FIRST which guarantees that the read data is the prior contents of the memory at the cost of additional power in the design. See the FPGA Memory Resources User Guide for additional information.
WARNING: [DRC REQP-1935] RAMB36E2_nochange_collision_advisory: Synchronous clocking is detected for BRAM (mem_bd_i/axi_dma_0/U0/I_PRMRY_DATAMOVER/GEN_S2MM_FULL.I_S2MM_FULL_WRAPPER/GEN_ENABLE_INDET_BTT_SF.I_INDET_BTT/I_DATA_FIFO/BLK_MEM.I_SYNC_FIFOGEN_FIFO/xpm_fifo_instance.xpm_fifo_sync_inst/xpm_fifo_base_inst/gen_sdpram.xpm_memory_base_inst/gen_wr_a.gen_word_narrow.mem_reg_0) in SDP mode with NO_CHANGE write-mode. This is the preferred mode for best power characteristics. However, NO_CHANGE may exhibit address collisions if the same address appears on both read and write ports resulting in unknown or corrupted read data. It is suggested to confirm via simulation that an address collision never occurs and if so it is suggested to try and avoid this situation. If address collisions cannot be avoided, the write-mode may be set to READ_FIRST which guarantees that the read data is the prior contents of the memory at the cost of additional power in the design. See the FPGA Memory Resources User Guide for additional information.
WARNING: [DRC REQP-1935] RAMB36E2_nochange_collision_advisory: Synchronous clocking is detected for BRAM (mem_bd_i/axi_dma_0/U0/I_PRMRY_DATAMOVER/GEN_S2MM_FULL.I_S2MM_FULL_WRAPPER/GEN_ENABLE_INDET_BTT_SF.I_INDET_BTT/I_DATA_FIFO/BLK_MEM.I_SYNC_FIFOGEN_FIFO/xpm_fifo_instance.xpm_fifo_sync_inst/xpm_fifo_base_inst/gen_sdpram.xpm_memory_base_inst/gen_wr_a.gen_word_narrow.mem_reg_1) in SDP mode with NO_CHANGE write-mode. This is the preferred mode for best power characteristics. However, NO_CHANGE may exhibit address collisions if the same address appears on both read and write ports resulting in unknown or corrupted read data. It is suggested to confirm via simulation that an address collision never occurs and if so it is suggested to try and avoid this situation. If address collisions cannot be avoided, the write-mode may be set to READ_FIRST which guarantees that the read data is the prior contents of the memory at the cost of additional power in the design. See the FPGA Memory Resources User Guide for additional information.
WARNING: [DRC REQP-1935] RAMB36E2_nochange_collision_advisory: Synchronous clocking is detected for BRAM (mem_bd_i/axi_dma_0/U0/I_PRMRY_DATAMOVER/GEN_S2MM_FULL.I_S2MM_FULL_WRAPPER/GEN_ENABLE_INDET_BTT_SF.I_INDET_BTT/I_DATA_FIFO/BLK_MEM.I_SYNC_FIFOGEN_FIFO/xpm_fifo_instance.xpm_fifo_sync_inst/xpm_fifo_base_inst/gen_sdpram.xpm_memory_base_inst/gen_wr_a.gen_word_narrow.mem_reg_2) in SDP mode with NO_CHANGE write-mode. This is the preferred mode for best power characteristics. However, NO_CHANGE may exhibit address collisions if the same address appears on both read and write ports resulting in unknown or corrupted read data. It is suggested to confirm via simulation that an address collision never occurs and if so it is suggested to try and avoid this situation. If address collisions cannot be avoided, the write-mode may be set to READ_FIRST which guarantees that the read data is the prior contents of the memory at the cost of additional power in the design. See the FPGA Memory Resources User Guide for additional information.
WARNING: [DRC REQP-1935] RAMB36E2_nochange_collision_advisory: Synchronous clocking is detected for BRAM (mem_bd_i/axi_dma_0/U0/I_PRMRY_DATAMOVER/GEN_S2MM_FULL.I_S2MM_FULL_WRAPPER/GEN_ENABLE_INDET_BTT_SF.I_INDET_BTT/I_DATA_FIFO/BLK_MEM.I_SYNC_FIFOGEN_FIFO/xpm_fifo_instance.xpm_fifo_sync_inst/xpm_fifo_base_inst/gen_sdpram.xpm_memory_base_inst/gen_wr_a.gen_word_narrow.mem_reg_3) in SDP mode with NO_CHANGE write-mode. This is the preferred mode for best power characteristics. However, NO_CHANGE may exhibit address collisions if the same address appears on both read and write ports resulting in unknown or corrupted read data. It is suggested to confirm via simulation that an address collision never occurs and if so it is suggested to try and avoid this situation. If address collisions cannot be avoided, the write-mode may be set to READ_FIRST which guarantees that the read data is the prior contents of the memory at the cost of additional power in the design. See the FPGA Memory Resources User Guide for additional information.
INFO: [Vivado 12-3199] DRC finished with 0 Errors, 10 Warnings
INFO: [Vivado 12-3200] Please refer to the DRC report (report_drc) for more information.
INFO: [Designutils 20-2272] Running write_bitstream with 8 threads.
Loading data files...
Loading site data...
Loading route data...
Processing options...
Creating bitmap...
Creating bitstream...
Writing bitstream ./mem_bd_wrapper.bit...
INFO: [Vivado 12-1842] Bitgen Completed Successfully.
INFO: [Project 1-1876] WebTalk data collection is mandatory when using a ULT device. To see the specific WebTalk data collected for your design, open the usage_statistics_webtalk.html or usage_statistics_webtalk.xml file in the implementation directory.
INFO: [Common 17-83] Releasing license: Implementation
50 Infos, 10 Warnings, 0 Critical Warnings and 0 Errors encountered.
write_bitstream completed successfully
write_bitstream: Time (s): cpu = 00:00:27 ; elapsed = 00:00:22 . Memory (MB): peak = 3821.109 ; gain = 385.645 ; free physical = 12604 ; free virtual = 160887
INFO: [Common 17-206] Exiting Vivado at Mon Apr  6 13:47:12 2026...
