#-----------------------------------------------------------
# Vivado v2023.2 (64-bit)
# SW Build 4029153 on Fri Oct 13 20:13:54 MDT 2023
# IP Build 4028589 on Sat Oct 14 00:45:43 MDT 2023
# SharedData Build 4025554 on Tue Oct 10 17:18:54 MDT 2023
# Start of session at: Sun May 10 23:26:33 2026
# Process ID: 4010971
# Current directory: /home/mss464/minitpu/tpu
# Command line: vivado -mode batch -nojournal -source scripts/build_mem_bitstream.tcl -tclargs -proj_name mem_system -part xczu3eg-sbva484-1-i -ip_repo_path ultra96-v2/ip_repo -out_dir ultra96-v2/output -bd_name mem_bd
# Log file: /home/mss464/minitpu/tpu/vivado.log
# Journal file: 
# Running On: brg-zhang-xcel.ece.cornell.edu, OS: Linux, CPU Frequency: 2700.000 MHz, CPU Physical cores: 19, Host memory: 235732 MB
#-----------------------------------------------------------
source scripts/build_mem_bitstream.tcl
# set proj_name    "mem_system"
# set part         "xczu3eg-sbva484-1-i"
# set ip_repo_path ""
# set out_dir      ""
# set bd_name      "mem_bd"
# proc parse_args {} {
#     global argc argv
#     global proj_name part ip_repo_path out_dir bd_name
# 
#     for {set i 0} {$i < $argc} {incr i} {
#         set arg [lindex $argv $i]
#         switch -exact -- $arg {
#             "-proj_name" { incr i; set proj_name [lindex $argv $i] }
#             "-part"      { incr i; set part [lindex $argv $i] }
#             "-ip_repo_path" { incr i; set ip_repo_path [lindex $argv $i] }
#             "-out_dir"   { incr i; set out_dir [lindex $argv $i] }
#             "-bd_name"   { incr i; set bd_name [lindex $argv $i] }
#             "-help" {
#                 puts "Usage: vivado -mode batch -source build_mem_bitstream.tcl -tclargs <options>"
#                 puts "  -proj_name <name>       Project name"
#                 puts "  -part <part>            FPGA part number"
#                 puts "  -ip_repo_path <path>    IP repository path"
#                 puts "  -out_dir <dir>          Output directory"
#                 puts "  -bd_name <name>         Block design name"
#                 exit 0
#             }
#             default { puts "WARNING: Unknown argument: $arg" }
#         }
#     }
# 
#     if {$ip_repo_path eq ""} { puts "ERROR: -ip_repo_path required"; exit 1 }
#     if {$out_dir eq ""}      { puts "ERROR: -out_dir required"; exit 1 }
# }
# parse_args
# set ip_repo_path [file normalize $ip_repo_path]
# set out_dir [file normalize $out_dir]
# puts "============================================================"
============================================================
# puts "Memory Subsystem Block Design & Bitstream Build"
Memory Subsystem Block Design & Bitstream Build
# puts "============================================================"
============================================================
# puts "Project:     $proj_name"
Project:     mem_system
# puts "Part:        $part"
Part:        xczu3eg-sbva484-1-i
# puts "IP Repo:     $ip_repo_path"
IP Repo:     /home/mss464/minitpu/tpu/ultra96-v2/ip_repo
# puts "Output Dir:  $out_dir"
Output Dir:  /home/mss464/minitpu/tpu/ultra96-v2/output
# puts "BD Name:     $bd_name"
BD Name:     mem_bd
# puts "============================================================"
============================================================
# set proj_dir [file join $out_dir $proj_name]
# set artifacts_dir [file join $out_dir "artifacts"]
# file mkdir $out_dir
# file mkdir $artifacts_dir
# puts "\n>>> Step 1: Creating project..."

>>> Step 1: Creating project...
# if {[file exists $proj_dir]} {
#     # Try clean delete first; if NFS stale handles block it, rename out of the way
#     if {[catch {file delete -force $proj_dir}]} {
#         set stale_dir "${proj_dir}_stale_[clock seconds]"
#         puts "  WARNING: Cannot delete $proj_dir (NFS stale handles), renaming to $stale_dir"
#         catch {file rename -force $proj_dir $stale_dir}
#     }
# }
# create_project $proj_name $proj_dir -part $part -force
create_project: Time (s): cpu = 00:00:07 ; elapsed = 00:00:07 . Memory (MB): peak = 1564.766 ; gain = 0.023 ; free physical = 10904 ; free virtual = 148517
# set_property verilog_define {TARGET_FPGA=1} [current_fileset]
# puts "\n>>> Step 2: Adding IP repository..."

>>> Step 2: Adding IP repository...
# set_property ip_repo_paths $ip_repo_path [current_project]
# update_ip_catalog -rebuild
INFO: [IP_Flow 19-234] Refreshing IP repositories
INFO: [IP_Flow 19-1700] Loaded user IP repository '/home/mss464/minitpu/tpu/ultra96-v2/ip_repo'.
INFO: [IP_Flow 19-2313] Loaded Vivado IP repository '/opt/xilinx/Vivado/2023.2/data/ip'.
# set mem_ip [get_ipdefs -filter "NAME =~ *mem_subsys*"]
# if {$mem_ip eq ""} {
#     set mem_ip [get_ipdefs -filter "NAME =~ *mem*"]
# }
# if {$mem_ip eq ""} {
#     puts "ERROR: Memory subsystem IP not found in: $ip_repo_path"
#     foreach ip [get_ipdefs] { puts "  $ip" }
#     close_project
#     exit 1
# }
# puts "  Found Memory IP: $mem_ip"
  Found Memory IP: user.org:user:mem_subsys:1.0
# puts "\n>>> Step 3: Creating block design..."

>>> Step 3: Creating block design...
# create_bd_design $bd_name
Wrote  : </home/mss464/minitpu/tpu/ultra96-v2/output/mem_system/mem_system.srcs/sources_1/bd/mem_bd/mem_bd.bd> 
# puts "\n>>> Step 4: Adding Zynq UltraScale+ MPSoC..."

>>> Step 4: Adding Zynq UltraScale+ MPSoC...
# set ps [create_bd_cell -type ip -vlnv xilinx.com:ip:zynq_ultra_ps_e:3.5 zynq_ps]
# set_property -dict [list \
#     CONFIG.PSU__USE__M_AXI_GP0 {1} \
#     CONFIG.PSU__USE__M_AXI_GP1 {0} \
#     CONFIG.PSU__USE__M_AXI_GP2 {1} \
#     CONFIG.PSU__USE__S_AXI_GP0 {0} \
#     CONFIG.PSU__USE__S_AXI_GP2 {1} \
#     CONFIG.PSU__USE__S_AXI_GP3 {0} \
#     CONFIG.PSU__USE__S_AXI_GP4 {0} \
#     CONFIG.PSU__USE__S_AXI_GP5 {0} \
#     CONFIG.PSU__USE__S_AXI_GP6 {0} \
#     CONFIG.PSU__FPGA_PL0_ENABLE {1} \
#     CONFIG.PSU__CRL_APB__PL0_REF_CTRL__FREQMHZ {50} \
# ] $ps
# puts "\n>>> Step 5: Adding Processor System Reset..."

>>> Step 5: Adding Processor System Reset...
# set ps_reset [create_bd_cell -type ip -vlnv xilinx.com:ip:proc_sys_reset:5.0 proc_sys_reset_0]
# set_property -dict [list CONFIG.C_EXT_RESET_HIGH {0}] $ps_reset
CRITICAL WARNING: [BD 41-737] Cannot set the parameter C_EXT_RESET_HIGH on /proc_sys_reset_0. It is read-only.
# puts "\n>>> Step 6: Adding AXI DMA..."

>>> Step 6: Adding AXI DMA...
# set dma [create_bd_cell -type ip -vlnv xilinx.com:ip:axi_dma:7.1 axi_dma_0]
# set_property -dict [list \
#     CONFIG.c_include_sg {0} \
#     CONFIG.c_sg_include_stscntrl_strm {0} \
#     CONFIG.c_include_mm2s {1} \
#     CONFIG.c_include_s2mm {1} \
#     CONFIG.c_mm2s_burst_size {16} \
#     CONFIG.c_s2mm_burst_size {16} \
#     CONFIG.c_m_axi_mm2s_data_width {256} \
#     CONFIG.c_m_axis_mm2s_tdata_width {256} \
#     CONFIG.c_m_axi_s2mm_data_width {256} \
#     CONFIG.c_s_axis_s2mm_tdata_width {256} \
# ] $dma
# puts "\n>>> Step 7: Adding Memory Subsystem IP..."

>>> Step 7: Adding Memory Subsystem IP...
# set mem [create_bd_cell -type ip -vlnv $mem_ip mem_top_0]
# puts "\n>>> Step 8: Adding AXI Interconnect for control..."

>>> Step 8: Adding AXI Interconnect for control...
# set axi_ic [create_bd_cell -type ip -vlnv xilinx.com:ip:axi_interconnect:2.1 axi_interconnect_0]
# set_property -dict [list \
#     CONFIG.NUM_MI {2} \
#     CONFIG.NUM_SI {1} \
# ] $axi_ic
# puts "\n>>> Step 9: Adding SmartConnect for DMA..."

>>> Step 9: Adding SmartConnect for DMA...
# set axi_sc [create_bd_cell -type ip -vlnv xilinx.com:ip:smartconnect:1.0 axi_smc]
# set_property -dict [list \
#     CONFIG.NUM_SI {2} \
#     CONFIG.NUM_MI {1} \
# ] $axi_sc
# puts "\n>>> Step 10: Connecting AXI control path..."

>>> Step 10: Connecting AXI control path...
# connect_bd_intf_net [get_bd_intf_pins zynq_ps/M_AXI_HPM0_LPD] \
#                     [get_bd_intf_pins axi_interconnect_0/S00_AXI]
# connect_bd_intf_net [get_bd_intf_pins axi_interconnect_0/M00_AXI] \
#                     [get_bd_intf_pins axi_dma_0/S_AXI_LITE]
# connect_bd_intf_net [get_bd_intf_pins axi_interconnect_0/M01_AXI] \
#                     [get_bd_intf_pins mem_top_0/s00_axi]
# puts "\n>>> Step 11: Connecting AXI4-Full MMIO path..."

>>> Step 11: Connecting AXI4-Full MMIO path...
# set axi_sc_full [create_bd_cell -type ip -vlnv xilinx.com:ip:smartconnect:1.0 axi_smc_full]
# set_property -dict [list \
#     CONFIG.NUM_SI {1} \
#     CONFIG.NUM_MI {1} \
# ] $axi_sc_full
# connect_bd_intf_net [get_bd_intf_pins zynq_ps/M_AXI_HPM0_FPD] \
#                     [get_bd_intf_pins axi_smc_full/S00_AXI]
# connect_bd_intf_net [get_bd_intf_pins axi_smc_full/M00_AXI] \
#                     [get_bd_intf_pins mem_top_0/s01_axi]
# puts "\n>>> Step 12: Connecting AXI-Stream data path..."

>>> Step 12: Connecting AXI-Stream data path...
# connect_bd_intf_net [get_bd_intf_pins axi_dma_0/M_AXIS_MM2S] \
#                     [get_bd_intf_pins mem_top_0/s00_axis]
# connect_bd_intf_net [get_bd_intf_pins mem_top_0/m00_axis] \
#                     [get_bd_intf_pins axi_dma_0/S_AXIS_S2MM]
# set_property -dict [list \
#     CONFIG.c_m_axi_mm2s_data_width {256} \
#     CONFIG.c_m_axis_mm2s_tdata_width {256} \
#     CONFIG.c_m_axi_s2mm_data_width {256} \
#     CONFIG.c_s_axis_s2mm_tdata_width {256} \
# ] [get_bd_cells axi_dma_0]
# puts "\n>>> Step 13: Connecting DMA memory interfaces..."

>>> Step 13: Connecting DMA memory interfaces...
# connect_bd_intf_net [get_bd_intf_pins axi_dma_0/M_AXI_MM2S] \
#                     [get_bd_intf_pins axi_smc/S00_AXI]
# connect_bd_intf_net [get_bd_intf_pins axi_dma_0/M_AXI_S2MM] \
#                     [get_bd_intf_pins axi_smc/S01_AXI]
# connect_bd_intf_net [get_bd_intf_pins axi_smc/M00_AXI] \
#                     [get_bd_intf_pins zynq_ps/S_AXI_HP0_FPD]
# puts "\n>>> Step 14: Connecting clocks..."

>>> Step 14: Connecting clocks...
# set pl_clk [get_bd_pins zynq_ps/pl_clk0]
# connect_bd_net $pl_clk [get_bd_pins proc_sys_reset_0/slowest_sync_clk]
# connect_bd_net $pl_clk [get_bd_pins axi_dma_0/s_axi_lite_aclk]
# connect_bd_net $pl_clk [get_bd_pins axi_dma_0/m_axi_mm2s_aclk]
# connect_bd_net $pl_clk [get_bd_pins axi_dma_0/m_axi_s2mm_aclk]
# connect_bd_net $pl_clk [get_bd_pins axi_interconnect_0/ACLK]
# connect_bd_net $pl_clk [get_bd_pins axi_interconnect_0/S00_ACLK]
# connect_bd_net $pl_clk [get_bd_pins axi_interconnect_0/M00_ACLK]
# connect_bd_net $pl_clk [get_bd_pins axi_interconnect_0/M01_ACLK]
# connect_bd_net $pl_clk [get_bd_pins axi_smc/aclk]
# connect_bd_net $pl_clk [get_bd_pins axi_smc_full/aclk]
# connect_bd_net $pl_clk [get_bd_pins zynq_ps/maxihpm0_lpd_aclk]
# connect_bd_net $pl_clk [get_bd_pins zynq_ps/maxihpm0_fpd_aclk]
# connect_bd_net $pl_clk [get_bd_pins zynq_ps/saxihp0_fpd_aclk]
# connect_bd_net $pl_clk [get_bd_pins mem_top_0/s00_axi_aclk]
# connect_bd_net $pl_clk [get_bd_pins mem_top_0/s00_axis_aclk]
# connect_bd_net $pl_clk [get_bd_pins mem_top_0/m00_axis_aclk]
# connect_bd_net $pl_clk [get_bd_pins mem_top_0/s01_axi_aclk]
# puts "\n>>> Step 15: Connecting resets..."

>>> Step 15: Connecting resets...
# connect_bd_net [get_bd_pins zynq_ps/pl_resetn0] [get_bd_pins proc_sys_reset_0/ext_reset_in]
# set ic_resetn [get_bd_pins proc_sys_reset_0/interconnect_aresetn]
# connect_bd_net $ic_resetn [get_bd_pins axi_interconnect_0/ARESETN]
# connect_bd_net $ic_resetn [get_bd_pins axi_interconnect_0/S00_ARESETN]
# connect_bd_net $ic_resetn [get_bd_pins axi_interconnect_0/M00_ARESETN]
# connect_bd_net $ic_resetn [get_bd_pins axi_interconnect_0/M01_ARESETN]
# connect_bd_net $ic_resetn [get_bd_pins axi_smc/aresetn]
# connect_bd_net $ic_resetn [get_bd_pins axi_smc_full/aresetn]
# set periph_resetn [get_bd_pins proc_sys_reset_0/peripheral_aresetn]
# connect_bd_net $periph_resetn [get_bd_pins axi_dma_0/axi_resetn]
# connect_bd_net $periph_resetn [get_bd_pins mem_top_0/s00_axi_aresetn]
# connect_bd_net $periph_resetn [get_bd_pins mem_top_0/s00_axis_aresetn]
# connect_bd_net $periph_resetn [get_bd_pins mem_top_0/m00_axis_aresetn]
# connect_bd_net $periph_resetn [get_bd_pins mem_top_0/s01_axi_aresetn]
# puts "\n>>> Step 16: Assigning addresses..."

>>> Step 16: Assigning addresses...
# assign_bd_address -target_address_space /zynq_ps/Data [get_bd_addr_segs axi_dma_0/S_AXI_LITE/Reg] -force
Slave segment '/axi_dma_0/S_AXI_LITE/Reg' is being assigned into address space '/zynq_ps/Data' at <0x8000_0000 [ 64K ]>.
# assign_bd_address -target_address_space /zynq_ps/Data [get_bd_addr_segs mem_top_0/s00_axi/reg0] -force
Slave segment '/mem_top_0/s00_axi/reg0' is being assigned into address space '/zynq_ps/Data' at <0x8001_0000 [ 4K ]>.
WARNING: [BD 5-699] No address segments matched 'get_bd_addr_segs mem_top_0/s01_axi/mem0'
# assign_bd_address -target_address_space /zynq_ps/Data [get_bd_addr_segs mem_top_0/s01_axi/mem0] -force
Slave segment '/mem_top_0/s01_axi/reg0' is being assigned into address space '/zynq_ps/Data' at <0xA000_0000 [ 256K ]>.
# assign_bd_address -target_address_space /axi_dma_0/Data_MM2S [get_bd_addr_segs zynq_ps/SAXIGP2/HP0_DDR_LOW] -force
Slave segment '/zynq_ps/SAXIGP2/HP0_DDR_LOW' is being assigned into address space '/axi_dma_0/Data_MM2S' at <0x0000_0000 [ 2G ]>.
# assign_bd_address -target_address_space /axi_dma_0/Data_S2MM [get_bd_addr_segs zynq_ps/SAXIGP2/HP0_DDR_LOW] -force
Slave segment '/zynq_ps/SAXIGP2/HP0_DDR_LOW' is being assigned into address space '/axi_dma_0/Data_S2MM' at <0x0000_0000 [ 2G ]>.
# puts "\n  Address Map:"

  Address Map:
# foreach seg [get_bd_addr_segs] {
#     if {[get_property OFFSET $seg] ne ""} {
#         set offset [format "0x%08X" [get_property OFFSET $seg]]
#         set range [format "0x%08X" [get_property RANGE $seg]]
#         puts "    [get_property PATH $seg]: Offset=$offset, Range=$range"
#     }
# }
    /axi_dma_0/Data_MM2S/SEG_zynq_ps_HP0_DDR_LOW: Offset=0x00000000, Range=0x80000000
    /axi_dma_0/Data_S2MM/SEG_zynq_ps_HP0_DDR_LOW: Offset=0x00000000, Range=0x80000000
    /zynq_ps/Data/SEG_axi_dma_0_Reg: Offset=0x80000000, Range=0x00010000
    /zynq_ps/Data/SEG_mem_top_0_reg0: Offset=0x80010000, Range=0x00001000
    /zynq_ps/Data/SEG_mem_top_0_reg0_1: Offset=0xA0000000, Range=0x00040000
# puts "\n>>> Step 17: Validating block design..."

>>> Step 17: Validating block design...
# validate_bd_design
INFO: [BD 5-943] Reserving offset range <0xA000_0000 [ 256K ]> from slave interface '/axi_smc_full/S00_AXI' to master interface '/axi_smc_full/M00_AXI'. This will be used by smartconnect on path for routing.
INFO: [xilinx.com:ip:smartconnect:1.0-1] mem_bd_axi_smc_full_0: SmartConnect mem_bd_axi_smc_full_0 is in High-performance Mode.
INFO: [BD 5-943] Reserving offset range <0x0000_0000 [ 2G ]> from slave interface '/axi_smc/S00_AXI' to master interface '/axi_smc/M00_AXI'. This will be used by smartconnect on path for routing.
INFO: [BD 5-943] Reserving offset range <0x0000_0000 [ 2G ]> from slave interface '/axi_smc/S01_AXI' to master interface '/axi_smc/M00_AXI'. This will be used by smartconnect on path for routing.
INFO: [xilinx.com:ip:smartconnect:1.0-1] mem_bd_axi_smc_0: SmartConnect mem_bd_axi_smc_0 is in High-performance Mode.
WARNING: [BD 41-237] Bus Interface property AWUSER_WIDTH does not match between /axi_interconnect_0/s00_couplers/auto_pc/S_AXI(0) and /zynq_ps/M_AXI_HPM0_LPD(16)
WARNING: [BD 41-237] Bus Interface property ARUSER_WIDTH does not match between /axi_interconnect_0/s00_couplers/auto_pc/S_AXI(0) and /zynq_ps/M_AXI_HPM0_LPD(16)
WARNING: [BD 41-237] Bus Interface property AWUSER_WIDTH does not match between /zynq_ps/S_AXI_HP0_FPD(1) and /axi_smc/M00_AXI(0)
WARNING: [BD 41-237] Bus Interface property ARUSER_WIDTH does not match between /zynq_ps/S_AXI_HP0_FPD(1) and /axi_smc/M00_AXI(0)
WARNING: [BD 41-237] Bus Interface property AWUSER_WIDTH does not match between /mem_top_0/s01_axi(0) and /axi_smc_full/M00_AXI(16)
WARNING: [BD 41-237] Bus Interface property ARUSER_WIDTH does not match between /mem_top_0/s01_axi(0) and /axi_smc_full/M00_AXI(16)
validate_bd_design: Time (s): cpu = 00:00:09 ; elapsed = 00:00:10 . Memory (MB): peak = 1889.402 ; gain = 84.250 ; free physical = 10614 ; free virtual = 148254
# save_bd_design
Wrote  : </home/mss464/minitpu/tpu/ultra96-v2/output/mem_system/mem_system.srcs/sources_1/bd/mem_bd/mem_bd.bd> 
# puts "\n>>> Step 18: Generating output products..."

>>> Step 18: Generating output products...
# generate_target all [get_files [file join $proj_dir $proj_name.srcs sources_1 bd $bd_name $bd_name.bd]]
INFO: [BD 41-1662] The design 'mem_bd.bd' is already validated. Therefore parameter propagation will not be re-run.
Verilog Output written to : /home/mss464/minitpu/tpu/ultra96-v2/output/mem_system/mem_system.gen/sources_1/bd/mem_bd/synth/mem_bd.v
Verilog Output written to : /home/mss464/minitpu/tpu/ultra96-v2/output/mem_system/mem_system.gen/sources_1/bd/mem_bd/sim/mem_bd.v
Verilog Output written to : /home/mss464/minitpu/tpu/ultra96-v2/output/mem_system/mem_system.gen/sources_1/bd/mem_bd/hdl/mem_bd_wrapper.v
INFO: [xilinx.com:ip:zynq_ultra_ps_e:3.5-0] mem_bd_zynq_ps_0: 
Changes in your design (including the PCW configuration settings) are not automatically exported from Vivado to Xilinx's SDK, Petalinux or Yocto.
This is by design to avoid disrupting existing embedded development efforts. To have any changes of your design taking effect in the embedded software flow please export your
design by going through Vivado's main menu, click on File, then Export finally select Export Hardware, please ensure you click on the Include BitStream option.
The auto-generated HDF file is all you need to import in Xilinx's SDK, Petalinux or Yocto for your changes to be reflected in the Embedded Software Flow.
For more information, please consult PG201, section: Exporting PCW Settings to Embedded Software Flows
INFO: [PSU-0] Address Range of DDR (0x1ff00000 to 0x1fffffff) is reserved by PMU for internal purpose.
INFO: [IP_Flow 19-5611] Unable to find an associated reset port for the interface 'M_AXI_HPM0_FPD'. A default connection has been created.
INFO: [IP_Flow 19-5611] Unable to find an associated reset port for the interface 'M_AXI_HPM0_LPD'. A default connection has been created.
INFO: [IP_Flow 19-5611] Unable to find an associated reset port for the interface 'S_AXI_HP0_FPD'. A default connection has been created.
INFO: [BD 41-1029] Generation completed for the IP Integrator block zynq_ps .
INFO: [BD 41-1029] Generation completed for the IP Integrator block proc_sys_reset_0 .
INFO: [BD 41-1029] Generation completed for the IP Integrator block axi_dma_0 .
INFO: [BD 41-1029] Generation completed for the IP Integrator block mem_top_0 .
INFO: [BD 41-1029] Generation completed for the IP Integrator block axi_interconnect_0/xbar .
WARNING: [IP_Flow 19-4994] Overwriting existing constraint file '/home/mss464/minitpu/tpu/ultra96-v2/output/mem_system/mem_system.gen/sources_1/bd/mem_bd/ip/mem_bd_auto_pc_0/mem_bd_auto_pc_0_ooc.xdc'
INFO: [BD 41-1029] Generation completed for the IP Integrator block axi_interconnect_0/s00_couplers/auto_pc .
Exporting to file /home/mss464/minitpu/tpu/ultra96-v2/output/mem_system/mem_system.gen/sources_1/bd/mem_bd/ip/mem_bd_axi_smc_0/bd_0/hw_handoff/mem_bd_axi_smc_0.hwh
Generated Hardware Definition File /home/mss464/minitpu/tpu/ultra96-v2/output/mem_system/mem_system.gen/sources_1/bd/mem_bd/ip/mem_bd_axi_smc_0/bd_0/synth/mem_bd_axi_smc_0.hwdef
INFO: [BD 41-1029] Generation completed for the IP Integrator block axi_smc .
Exporting to file /home/mss464/minitpu/tpu/ultra96-v2/output/mem_system/mem_system.gen/sources_1/bd/mem_bd/ip/mem_bd_axi_smc_full_0/bd_0/hw_handoff/mem_bd_axi_smc_full_0.hwh
Generated Hardware Definition File /home/mss464/minitpu/tpu/ultra96-v2/output/mem_system/mem_system.gen/sources_1/bd/mem_bd/ip/mem_bd_axi_smc_full_0/bd_0/synth/mem_bd_axi_smc_full_0.hwdef
INFO: [BD 41-1029] Generation completed for the IP Integrator block axi_smc_full .
Exporting to file /home/mss464/minitpu/tpu/ultra96-v2/output/mem_system/mem_system.gen/sources_1/bd/mem_bd/hw_handoff/mem_bd.hwh
Generated Hardware Definition File /home/mss464/minitpu/tpu/ultra96-v2/output/mem_system/mem_system.gen/sources_1/bd/mem_bd/synth/mem_bd.hwdef
generate_target: Time (s): cpu = 00:00:35 ; elapsed = 00:00:37 . Memory (MB): peak = 2171.934 ; gain = 282.531 ; free physical = 10012 ; free virtual = 147796
# puts "\n>>> Step 19: Creating HDL wrapper..."

>>> Step 19: Creating HDL wrapper...
# set bd_file [get_files [file join $proj_dir $proj_name.srcs sources_1 bd $bd_name $bd_name.bd]]
# set wrapper [make_wrapper -files $bd_file -top]
# add_files -norecurse $wrapper
# set_property top ${bd_name}_wrapper [current_fileset]
# update_compile_order -fileset sources_1
# puts "\n>>> Step 20: Running synthesis..."

>>> Step 20: Running synthesis...
# reset_run synth_1
# launch_runs synth_1 -jobs 4
INFO: [IP_Flow 19-6930] IPCACHE: runCacheChecks() number of threads = 8
INFO: [IP_Flow 19-6921] IPCACHE: Adding cache check func to thread queue for IP mem_bd_auto_pc_0
INFO: [IP_Flow 19-6921] IPCACHE: Adding cache check func to thread queue for IP mem_bd_axi_dma_0_0
INFO: [IP_Flow 19-6921] IPCACHE: Adding cache check func to thread queue for IP mem_bd_axi_smc_0
INFO: [IP_Flow 19-6921] IPCACHE: Adding cache check func to thread queue for IP mem_bd_axi_smc_full_0
INFO: [IP_Flow 19-6921] IPCACHE: Adding cache check func to thread queue for IP mem_bd_mem_top_0_0
INFO: [IP_Flow 19-6921] IPCACHE: Adding cache check func to thread queue for IP mem_bd_proc_sys_reset_0_0
INFO: [IP_Flow 19-6921] IPCACHE: Adding cache check func to thread queue for IP mem_bd_xbar_0
INFO: [IP_Flow 19-6921] IPCACHE: Adding cache check func to thread queue for IP mem_bd_zynq_ps_0
INFO: [IP_Flow 19-8020] IPCACHE: runCacheChecks() calling threadPool finishWork()
INFO: [IP_Flow 19-6924] IPCACHE: Running cache check for IP inst: mem_bd_auto_pc_0
INFO: [IP_Flow 19-6924] IPCACHE: Running cache check for IP inst: mem_bd_axi_dma_0_0
INFO: [IP_Flow 19-6924] IPCACHE: Running cache check for IP inst: mem_bd_axi_smc_0
INFO: [IP_Flow 19-6924] IPCACHE: Running cache check for IP inst: mem_bd_axi_smc_full_0
INFO: [IP_Flow 19-6924] IPCACHE: Running cache check for IP inst: mem_bd_mem_top_0_0
INFO: [IP_Flow 19-6924] IPCACHE: Running cache check for IP inst: mem_bd_proc_sys_reset_0_0
INFO: [IP_Flow 19-6924] IPCACHE: Running cache check for IP inst: mem_bd_xbar_0
INFO: [IP_Flow 19-6924] IPCACHE: Running cache check for IP inst: mem_bd_zynq_ps_0
WARNING: [Vivado 12-7122] Auto Incremental Compile:: No reference checkpoint was found in run synth_1. Auto-incremental flow will not be run, the standard flow will be run instead.
[Sun May 10 23:27:44 2026] Launched mem_bd_auto_pc_0_synth_1, mem_bd_axi_dma_0_0_synth_1, mem_bd_axi_smc_full_0_synth_1, mem_bd_mem_top_0_0_synth_1, mem_bd_xbar_0_synth_1, mem_bd_axi_smc_0_synth_1, mem_bd_proc_sys_reset_0_0_synth_1, mem_bd_zynq_ps_0_synth_1...
Run output will be captured here:
mem_bd_auto_pc_0_synth_1: /home/mss464/minitpu/tpu/ultra96-v2/output/mem_system/mem_system.runs/mem_bd_auto_pc_0_synth_1/runme.log
mem_bd_axi_dma_0_0_synth_1: /home/mss464/minitpu/tpu/ultra96-v2/output/mem_system/mem_system.runs/mem_bd_axi_dma_0_0_synth_1/runme.log
mem_bd_axi_smc_full_0_synth_1: /home/mss464/minitpu/tpu/ultra96-v2/output/mem_system/mem_system.runs/mem_bd_axi_smc_full_0_synth_1/runme.log
mem_bd_mem_top_0_0_synth_1: /home/mss464/minitpu/tpu/ultra96-v2/output/mem_system/mem_system.runs/mem_bd_mem_top_0_0_synth_1/runme.log
mem_bd_xbar_0_synth_1: /home/mss464/minitpu/tpu/ultra96-v2/output/mem_system/mem_system.runs/mem_bd_xbar_0_synth_1/runme.log
mem_bd_axi_smc_0_synth_1: /home/mss464/minitpu/tpu/ultra96-v2/output/mem_system/mem_system.runs/mem_bd_axi_smc_0_synth_1/runme.log
mem_bd_proc_sys_reset_0_0_synth_1: /home/mss464/minitpu/tpu/ultra96-v2/output/mem_system/mem_system.runs/mem_bd_proc_sys_reset_0_0_synth_1/runme.log
mem_bd_zynq_ps_0_synth_1: /home/mss464/minitpu/tpu/ultra96-v2/output/mem_system/mem_system.runs/mem_bd_zynq_ps_0_synth_1/runme.log
[Sun May 10 23:27:44 2026] Launched synth_1...
Run output will be captured here: /home/mss464/minitpu/tpu/ultra96-v2/output/mem_system/mem_system.runs/synth_1/runme.log
# wait_on_run synth_1
[Sun May 10 23:27:44 2026] Waiting for synth_1 to finish...

*** Running vivado
    with args -log mem_bd_wrapper.vds -m64 -product Vivado -mode batch -messageDb vivado.pb -notrace -source mem_bd_wrapper.tcl


****** Vivado v2023.2 (64-bit)
  **** SW Build 4029153 on Fri Oct 13 20:13:54 MDT 2023
  **** IP Build 4028589 on Sat Oct 14 00:45:43 MDT 2023
  **** SharedData Build 4025554 on Tue Oct 10 17:18:54 MDT 2023
    ** Copyright 1986-2022 Xilinx, Inc. All Rights Reserved.
    ** Copyright 2022-2023 Advanced Micro Devices, Inc. All Rights Reserved.

source mem_bd_wrapper.tcl -notrace
create_project: Time (s): cpu = 00:00:07 ; elapsed = 00:00:07 . Memory (MB): peak = 1555.969 ; gain = 34.836 ; free physical = 11939 ; free virtual = 147154
INFO: [IP_Flow 19-234] Refreshing IP repositories
INFO: [IP_Flow 19-1700] Loaded user IP repository '/home/mss464/minitpu/tpu/ultra96-v2/ip_repo'.
INFO: [IP_Flow 19-2313] Loaded Vivado IP repository '/opt/xilinx/Vivado/2023.2/data/ip'.
Command: synth_design -top mem_bd_wrapper -part xczu3eg-sbva484-1-i
Starting synth_design
Attempting to get a license for feature 'Synthesis' and/or device 'xczu3eg'
INFO: [Common 17-349] Got license for feature 'Synthesis' and/or device 'xczu3eg'
INFO: [Device 21-403] Loading part xczu3eg-sbva484-1-i
INFO: [Synth 8-7079] Multithreading enabled for synth_design using a maximum of 4 processes.
INFO: [Synth 8-7078] Launching helper process for spawning children vivado processes
INFO: [Synth 8-7075] Helper process launched with PID 4016792
---------------------------------------------------------------------------------
Starting RTL Elaboration : Time (s): cpu = 00:00:04 ; elapsed = 00:00:05 . Memory (MB): peak = 2786.230 ; gain = 291.746 ; free physical = 10476 ; free virtual = 145677
---------------------------------------------------------------------------------
INFO: [Synth 8-6157] synthesizing module 'mem_bd_wrapper' [/home/mss464/minitpu/tpu/ultra96-v2/output/mem_system/mem_system.gen/sources_1/bd/mem_bd/hdl/mem_bd_wrapper.v:13]
INFO: [Synth 8-6157] synthesizing module 'mem_bd' [/home/mss464/minitpu/tpu/ultra96-v2/output/mem_system/mem_system.gen/sources_1/bd/mem_bd/synth/mem_bd.v:284]
INFO: [Synth 8-6157] synthesizing module 'mem_bd_axi_dma_0_0' [/home/mss464/minitpu/tpu/ultra96-v2/output/mem_system/mem_system.runs/synth_1/.Xil/Vivado-4016353-brg-zhang-xcel.ece.cornell.edu/realtime/mem_bd_axi_dma_0_0_stub.v:6]
INFO: [Synth 8-6155] done synthesizing module 'mem_bd_axi_dma_0_0' (0#1) [/home/mss464/minitpu/tpu/ultra96-v2/output/mem_system/mem_system.runs/synth_1/.Xil/Vivado-4016353-brg-zhang-xcel.ece.cornell.edu/realtime/mem_bd_axi_dma_0_0_stub.v:6]
WARNING: [Synth 8-7071] port 'mm2s_prmry_reset_out_n' of module 'mem_bd_axi_dma_0_0' is unconnected for instance 'axi_dma_0' [/home/mss464/minitpu/tpu/ultra96-v2/output/mem_system/mem_system.gen/sources_1/bd/mem_bd/synth/mem_bd.v:500]
WARNING: [Synth 8-7071] port 'm_axis_mm2s_tkeep' of module 'mem_bd_axi_dma_0_0' is unconnected for instance 'axi_dma_0' [/home/mss464/minitpu/tpu/ultra96-v2/output/mem_system/mem_system.gen/sources_1/bd/mem_bd/synth/mem_bd.v:500]
WARNING: [Synth 8-7071] port 's2mm_prmry_reset_out_n' of module 'mem_bd_axi_dma_0_0' is unconnected for instance 'axi_dma_0' [/home/mss464/minitpu/tpu/ultra96-v2/output/mem_system/mem_system.gen/sources_1/bd/mem_bd/synth/mem_bd.v:500]
WARNING: [Synth 8-7071] port 'mm2s_introut' of module 'mem_bd_axi_dma_0_0' is unconnected for instance 'axi_dma_0' [/home/mss464/minitpu/tpu/ultra96-v2/output/mem_system/mem_system.gen/sources_1/bd/mem_bd/synth/mem_bd.v:500]
WARNING: [Synth 8-7071] port 's2mm_introut' of module 'mem_bd_axi_dma_0_0' is unconnected for instance 'axi_dma_0' [/home/mss464/minitpu/tpu/ultra96-v2/output/mem_system/mem_system.gen/sources_1/bd/mem_bd/synth/mem_bd.v:500]
WARNING: [Synth 8-7071] port 'axi_dma_tstvec' of module 'mem_bd_axi_dma_0_0' is unconnected for instance 'axi_dma_0' [/home/mss464/minitpu/tpu/ultra96-v2/output/mem_system/mem_system.gen/sources_1/bd/mem_bd/synth/mem_bd.v:500]
WARNING: [Synth 8-7023] instance 'axi_dma_0' of module 'mem_bd_axi_dma_0_0' has 64 connections declared, but only 58 given [/home/mss464/minitpu/tpu/ultra96-v2/output/mem_system/mem_system.gen/sources_1/bd/mem_bd/synth/mem_bd.v:500]
INFO: [Synth 8-6157] synthesizing module 'mem_bd_axi_interconnect_0_0' [/home/mss464/minitpu/tpu/ultra96-v2/output/mem_system/mem_system.gen/sources_1/bd/mem_bd/synth/mem_bd.v:968]
INFO: [Synth 8-6157] synthesizing module 'm00_couplers_imp_RBVKZV' [/home/mss464/minitpu/tpu/ultra96-v2/output/mem_system/mem_system.gen/sources_1/bd/mem_bd/synth/mem_bd.v:13]
INFO: [Synth 8-6155] done synthesizing module 'm00_couplers_imp_RBVKZV' (0#1) [/home/mss464/minitpu/tpu/ultra96-v2/output/mem_system/mem_system.gen/sources_1/bd/mem_bd/synth/mem_bd.v:13]
INFO: [Synth 8-6157] synthesizing module 'm01_couplers_imp_1KMLNYY' [/home/mss464/minitpu/tpu/ultra96-v2/output/mem_system/mem_system.gen/sources_1/bd/mem_bd/synth/mem_bd.v:138]
INFO: [Synth 8-6155] done synthesizing module 'm01_couplers_imp_1KMLNYY' (0#1) [/home/mss464/minitpu/tpu/ultra96-v2/output/mem_system/mem_system.gen/sources_1/bd/mem_bd/synth/mem_bd.v:138]
INFO: [Synth 8-6157] synthesizing module 's00_couplers_imp_NUHEHM' [/home/mss464/minitpu/tpu/ultra96-v2/output/mem_system/mem_system.gen/sources_1/bd/mem_bd/synth/mem_bd.v:1520]
INFO: [Synth 8-6157] synthesizing module 'mem_bd_auto_pc_0' [/home/mss464/minitpu/tpu/ultra96-v2/output/mem_system/mem_system.runs/synth_1/.Xil/Vivado-4016353-brg-zhang-xcel.ece.cornell.edu/realtime/mem_bd_auto_pc_0_stub.v:6]
INFO: [Synth 8-6155] done synthesizing module 'mem_bd_auto_pc_0' (0#1) [/home/mss464/minitpu/tpu/ultra96-v2/output/mem_system/mem_system.runs/synth_1/.Xil/Vivado-4016353-brg-zhang-xcel.ece.cornell.edu/realtime/mem_bd_auto_pc_0_stub.v:6]
INFO: [Synth 8-6155] done synthesizing module 's00_couplers_imp_NUHEHM' (0#1) [/home/mss464/minitpu/tpu/ultra96-v2/output/mem_system/mem_system.gen/sources_1/bd/mem_bd/synth/mem_bd.v:1520]
INFO: [Synth 8-6157] synthesizing module 'mem_bd_xbar_0' [/home/mss464/minitpu/tpu/ultra96-v2/output/mem_system/mem_system.runs/synth_1/.Xil/Vivado-4016353-brg-zhang-xcel.ece.cornell.edu/realtime/mem_bd_xbar_0_stub.v:6]
INFO: [Synth 8-6155] done synthesizing module 'mem_bd_xbar_0' (0#1) [/home/mss464/minitpu/tpu/ultra96-v2/output/mem_system/mem_system.runs/synth_1/.Xil/Vivado-4016353-brg-zhang-xcel.ece.cornell.edu/realtime/mem_bd_xbar_0_stub.v:6]
INFO: [Synth 8-6155] done synthesizing module 'mem_bd_axi_interconnect_0_0' (0#1) [/home/mss464/minitpu/tpu/ultra96-v2/output/mem_system/mem_system.gen/sources_1/bd/mem_bd/synth/mem_bd.v:968]
INFO: [Synth 8-6157] synthesizing module 'mem_bd_axi_smc_0' [/home/mss464/minitpu/tpu/ultra96-v2/output/mem_system/mem_system.runs/synth_1/.Xil/Vivado-4016353-brg-zhang-xcel.ece.cornell.edu/realtime/mem_bd_axi_smc_0_stub.v:6]
INFO: [Synth 8-6155] done synthesizing module 'mem_bd_axi_smc_0' (0#1) [/home/mss464/minitpu/tpu/ultra96-v2/output/mem_system/mem_system.runs/synth_1/.Xil/Vivado-4016353-brg-zhang-xcel.ece.cornell.edu/realtime/mem_bd_axi_smc_0_stub.v:6]
INFO: [Synth 8-6157] synthesizing module 'mem_bd_axi_smc_full_0' [/home/mss464/minitpu/tpu/ultra96-v2/output/mem_system/mem_system.runs/synth_1/.Xil/Vivado-4016353-brg-zhang-xcel.ece.cornell.edu/realtime/mem_bd_axi_smc_full_0_stub.v:6]
INFO: [Synth 8-6155] done synthesizing module 'mem_bd_axi_smc_full_0' (0#1) [/home/mss464/minitpu/tpu/ultra96-v2/output/mem_system/mem_system.runs/synth_1/.Xil/Vivado-4016353-brg-zhang-xcel.ece.cornell.edu/realtime/mem_bd_axi_smc_full_0_stub.v:6]
WARNING: [Synth 8-7071] port 'M00_AXI_awlock' of module 'mem_bd_axi_smc_full_0' is unconnected for instance 'axi_smc_full' [/home/mss464/minitpu/tpu/ultra96-v2/output/mem_system/mem_system.gen/sources_1/bd/mem_bd/synth/mem_bd.v:709]
WARNING: [Synth 8-7071] port 'M00_AXI_awcache' of module 'mem_bd_axi_smc_full_0' is unconnected for instance 'axi_smc_full' [/home/mss464/minitpu/tpu/ultra96-v2/output/mem_system/mem_system.gen/sources_1/bd/mem_bd/synth/mem_bd.v:709]
WARNING: [Synth 8-7071] port 'M00_AXI_awprot' of module 'mem_bd_axi_smc_full_0' is unconnected for instance 'axi_smc_full' [/home/mss464/minitpu/tpu/ultra96-v2/output/mem_system/mem_system.gen/sources_1/bd/mem_bd/synth/mem_bd.v:709]
WARNING: [Synth 8-7071] port 'M00_AXI_awqos' of module 'mem_bd_axi_smc_full_0' is unconnected for instance 'axi_smc_full' [/home/mss464/minitpu/tpu/ultra96-v2/output/mem_system/mem_system.gen/sources_1/bd/mem_bd/synth/mem_bd.v:709]
WARNING: [Synth 8-7071] port 'M00_AXI_awuser' of module 'mem_bd_axi_smc_full_0' is unconnected for instance 'axi_smc_full' [/home/mss464/minitpu/tpu/ultra96-v2/output/mem_system/mem_system.gen/sources_1/bd/mem_bd/synth/mem_bd.v:709]
WARNING: [Synth 8-7071] port 'M00_AXI_arlock' of module 'mem_bd_axi_smc_full_0' is unconnected for instance 'axi_smc_full' [/home/mss464/minitpu/tpu/ultra96-v2/output/mem_system/mem_system.gen/sources_1/bd/mem_bd/synth/mem_bd.v:709]
WARNING: [Synth 8-7071] port 'M00_AXI_arcache' of module 'mem_bd_axi_smc_full_0' is unconnected for instance 'axi_smc_full' [/home/mss464/minitpu/tpu/ultra96-v2/output/mem_system/mem_system.gen/sources_1/bd/mem_bd/synth/mem_bd.v:709]
WARNING: [Synth 8-7071] port 'M00_AXI_arprot' of module 'mem_bd_axi_smc_full_0' is unconnected for instance 'axi_smc_full' [/home/mss464/minitpu/tpu/ultra96-v2/output/mem_system/mem_system.gen/sources_1/bd/mem_bd/synth/mem_bd.v:709]
WARNING: [Synth 8-7071] port 'M00_AXI_arqos' of module 'mem_bd_axi_smc_full_0' is unconnected for instance 'axi_smc_full' [/home/mss464/minitpu/tpu/ultra96-v2/output/mem_system/mem_system.gen/sources_1/bd/mem_bd/synth/mem_bd.v:709]
WARNING: [Synth 8-7071] port 'M00_AXI_aruser' of module 'mem_bd_axi_smc_full_0' is unconnected for instance 'axi_smc_full' [/home/mss464/minitpu/tpu/ultra96-v2/output/mem_system/mem_system.gen/sources_1/bd/mem_bd/synth/mem_bd.v:709]
WARNING: [Synth 8-7023] instance 'axi_smc_full' of module 'mem_bd_axi_smc_full_0' has 76 connections declared, but only 66 given [/home/mss464/minitpu/tpu/ultra96-v2/output/mem_system/mem_system.gen/sources_1/bd/mem_bd/synth/mem_bd.v:709]
INFO: [Synth 8-6157] synthesizing module 'mem_bd_mem_top_0_0' [/home/mss464/minitpu/tpu/ultra96-v2/output/mem_system/mem_system.runs/synth_1/.Xil/Vivado-4016353-brg-zhang-xcel.ece.cornell.edu/realtime/mem_bd_mem_top_0_0_stub.v:6]
INFO: [Synth 8-6155] done synthesizing module 'mem_bd_mem_top_0_0' (0#1) [/home/mss464/minitpu/tpu/ultra96-v2/output/mem_system/mem_system.runs/synth_1/.Xil/Vivado-4016353-brg-zhang-xcel.ece.cornell.edu/realtime/mem_bd_mem_top_0_0_stub.v:6]
WARNING: [Synth 8-7071] port 'm00_axis_tstrb' of module 'mem_bd_mem_top_0_0' is unconnected for instance 'mem_top_0' [/home/mss464/minitpu/tpu/ultra96-v2/output/mem_system/mem_system.gen/sources_1/bd/mem_bd/synth/mem_bd.v:776]
WARNING: [Synth 8-7023] instance 'mem_top_0' of module 'mem_bd_mem_top_0_0' has 63 connections declared, but only 62 given [/home/mss464/minitpu/tpu/ultra96-v2/output/mem_system/mem_system.gen/sources_1/bd/mem_bd/synth/mem_bd.v:776]
INFO: [Synth 8-6157] synthesizing module 'mem_bd_proc_sys_reset_0_0' [/home/mss464/minitpu/tpu/ultra96-v2/output/mem_system/mem_system.runs/synth_1/.Xil/Vivado-4016353-brg-zhang-xcel.ece.cornell.edu/realtime/mem_bd_proc_sys_reset_0_0_stub.v:6]
INFO: [Synth 8-6155] done synthesizing module 'mem_bd_proc_sys_reset_0_0' (0#1) [/home/mss464/minitpu/tpu/ultra96-v2/output/mem_system/mem_system.runs/synth_1/.Xil/Vivado-4016353-brg-zhang-xcel.ece.cornell.edu/realtime/mem_bd_proc_sys_reset_0_0_stub.v:6]
WARNING: [Synth 8-7071] port 'mb_reset' of module 'mem_bd_proc_sys_reset_0_0' is unconnected for instance 'proc_sys_reset_0' [/home/mss464/minitpu/tpu/ultra96-v2/output/mem_system/mem_system.gen/sources_1/bd/mem_bd/synth/mem_bd.v:839]
WARNING: [Synth 8-7071] port 'bus_struct_reset' of module 'mem_bd_proc_sys_reset_0_0' is unconnected for instance 'proc_sys_reset_0' [/home/mss464/minitpu/tpu/ultra96-v2/output/mem_system/mem_system.gen/sources_1/bd/mem_bd/synth/mem_bd.v:839]
WARNING: [Synth 8-7071] port 'peripheral_reset' of module 'mem_bd_proc_sys_reset_0_0' is unconnected for instance 'proc_sys_reset_0' [/home/mss464/minitpu/tpu/ultra96-v2/output/mem_system/mem_system.gen/sources_1/bd/mem_bd/synth/mem_bd.v:839]
WARNING: [Synth 8-7023] instance 'proc_sys_reset_0' of module 'mem_bd_proc_sys_reset_0_0' has 10 connections declared, but only 7 given [/home/mss464/minitpu/tpu/ultra96-v2/output/mem_system/mem_system.gen/sources_1/bd/mem_bd/synth/mem_bd.v:839]
INFO: [Synth 8-6157] synthesizing module 'mem_bd_zynq_ps_0' [/home/mss464/minitpu/tpu/ultra96-v2/output/mem_system/mem_system.runs/synth_1/.Xil/Vivado-4016353-brg-zhang-xcel.ece.cornell.edu/realtime/mem_bd_zynq_ps_0_stub.v:6]
INFO: [Synth 8-6155] done synthesizing module 'mem_bd_zynq_ps_0' (0#1) [/home/mss464/minitpu/tpu/ultra96-v2/output/mem_system/mem_system.runs/synth_1/.Xil/Vivado-4016353-brg-zhang-xcel.ece.cornell.edu/realtime/mem_bd_zynq_ps_0_stub.v:6]
WARNING: [Synth 8-7071] port 'maxigp2_awuser' of module 'mem_bd_zynq_ps_0' is unconnected for instance 'zynq_ps' [/home/mss464/minitpu/tpu/ultra96-v2/output/mem_system/mem_system.gen/sources_1/bd/mem_bd/synth/mem_bd.v:847]
WARNING: [Synth 8-7071] port 'maxigp2_aruser' of module 'mem_bd_zynq_ps_0' is unconnected for instance 'zynq_ps' [/home/mss464/minitpu/tpu/ultra96-v2/output/mem_system/mem_system.gen/sources_1/bd/mem_bd/synth/mem_bd.v:847]
WARNING: [Synth 8-7071] port 'saxigp2_bid' of module 'mem_bd_zynq_ps_0' is unconnected for instance 'zynq_ps' [/home/mss464/minitpu/tpu/ultra96-v2/output/mem_system/mem_system.gen/sources_1/bd/mem_bd/synth/mem_bd.v:847]
WARNING: [Synth 8-7071] port 'saxigp2_rid' of module 'mem_bd_zynq_ps_0' is unconnected for instance 'zynq_ps' [/home/mss464/minitpu/tpu/ultra96-v2/output/mem_system/mem_system.gen/sources_1/bd/mem_bd/synth/mem_bd.v:847]
WARNING: [Synth 8-7023] instance 'zynq_ps' of module 'mem_bd_zynq_ps_0' has 122 connections declared, but only 118 given [/home/mss464/minitpu/tpu/ultra96-v2/output/mem_system/mem_system.gen/sources_1/bd/mem_bd/synth/mem_bd.v:847]
INFO: [Synth 8-6155] done synthesizing module 'mem_bd' (0#1) [/home/mss464/minitpu/tpu/ultra96-v2/output/mem_system/mem_system.gen/sources_1/bd/mem_bd/synth/mem_bd.v:284]
INFO: [Synth 8-6155] done synthesizing module 'mem_bd_wrapper' (0#1) [/home/mss464/minitpu/tpu/ultra96-v2/output/mem_system/mem_system.gen/sources_1/bd/mem_bd/hdl/mem_bd_wrapper.v:13]
WARNING: [Synth 8-7129] Port M_ACLK in module s00_couplers_imp_NUHEHM is either unconnected or has no load
WARNING: [Synth 8-7129] Port M_ARESETN in module s00_couplers_imp_NUHEHM is either unconnected or has no load
WARNING: [Synth 8-7129] Port M_ACLK in module m01_couplers_imp_1KMLNYY is either unconnected or has no load
WARNING: [Synth 8-7129] Port M_ARESETN in module m01_couplers_imp_1KMLNYY is either unconnected or has no load
WARNING: [Synth 8-7129] Port S_ACLK in module m01_couplers_imp_1KMLNYY is either unconnected or has no load
WARNING: [Synth 8-7129] Port S_ARESETN in module m01_couplers_imp_1KMLNYY is either unconnected or has no load
WARNING: [Synth 8-7129] Port M_ACLK in module m00_couplers_imp_RBVKZV is either unconnected or has no load
WARNING: [Synth 8-7129] Port M_ARESETN in module m00_couplers_imp_RBVKZV is either unconnected or has no load
WARNING: [Synth 8-7129] Port S_ACLK in module m00_couplers_imp_RBVKZV is either unconnected or has no load
WARNING: [Synth 8-7129] Port S_ARESETN in module m00_couplers_imp_RBVKZV is either unconnected or has no load
WARNING: [Synth 8-7129] Port M00_ACLK in module mem_bd_axi_interconnect_0_0 is either unconnected or has no load
WARNING: [Synth 8-7129] Port M00_ARESETN in module mem_bd_axi_interconnect_0_0 is either unconnected or has no load
WARNING: [Synth 8-7129] Port M01_ACLK in module mem_bd_axi_interconnect_0_0 is either unconnected or has no load
WARNING: [Synth 8-7129] Port M01_ARESETN in module mem_bd_axi_interconnect_0_0 is either unconnected or has no load
WARNING: [Synth 8-7129] Port S00_ACLK in module mem_bd_axi_interconnect_0_0 is either unconnected or has no load
WARNING: [Synth 8-7129] Port S00_ARESETN in module mem_bd_axi_interconnect_0_0 is either unconnected or has no load
---------------------------------------------------------------------------------
Finished RTL Elaboration : Time (s): cpu = 00:00:06 ; elapsed = 00:00:07 . Memory (MB): peak = 2868.199 ; gain = 373.715 ; free physical = 10381 ; free virtual = 145586
---------------------------------------------------------------------------------
---------------------------------------------------------------------------------
Start Handling Custom Attributes
---------------------------------------------------------------------------------
---------------------------------------------------------------------------------
Finished Handling Custom Attributes : Time (s): cpu = 00:00:06 ; elapsed = 00:00:07 . Memory (MB): peak = 2871.168 ; gain = 376.684 ; free physical = 10381 ; free virtual = 145586
---------------------------------------------------------------------------------
---------------------------------------------------------------------------------
Finished RTL Optimization Phase 1 : Time (s): cpu = 00:00:06 ; elapsed = 00:00:07 . Memory (MB): peak = 2871.168 ; gain = 376.684 ; free physical = 10381 ; free virtual = 145586
---------------------------------------------------------------------------------
Netlist sorting complete. Time (s): cpu = 00:00:00.01 ; elapsed = 00:00:00.02 . Memory (MB): peak = 2871.168 ; gain = 0.000 ; free physical = 10380 ; free virtual = 145585
INFO: [Project 1-570] Preparing netlist for logic optimization

Processing XDC Constraints
Initializing timing engine
Parsing XDC File [/home/mss464/minitpu/tpu/ultra96-v2/output/mem_system/mem_system.gen/sources_1/bd/mem_bd/ip/mem_bd_zynq_ps_0/mem_bd_zynq_ps_0/mem_bd_zynq_ps_0_in_context.xdc] for cell 'mem_bd_i/zynq_ps'
create_clock: Time (s): cpu = 00:00:05 ; elapsed = 00:00:05 . Memory (MB): peak = 2938.168 ; gain = 0.000 ; free physical = 10403 ; free virtual = 145618
Finished Parsing XDC File [/home/mss464/minitpu/tpu/ultra96-v2/output/mem_system/mem_system.gen/sources_1/bd/mem_bd/ip/mem_bd_zynq_ps_0/mem_bd_zynq_ps_0/mem_bd_zynq_ps_0_in_context.xdc] for cell 'mem_bd_i/zynq_ps'
Parsing XDC File [/home/mss464/minitpu/tpu/ultra96-v2/output/mem_system/mem_system.gen/sources_1/bd/mem_bd/ip/mem_bd_proc_sys_reset_0_0/mem_bd_proc_sys_reset_0_0/mem_bd_proc_sys_reset_0_0_in_context.xdc] for cell 'mem_bd_i/proc_sys_reset_0'
Finished Parsing XDC File [/home/mss464/minitpu/tpu/ultra96-v2/output/mem_system/mem_system.gen/sources_1/bd/mem_bd/ip/mem_bd_proc_sys_reset_0_0/mem_bd_proc_sys_reset_0_0/mem_bd_proc_sys_reset_0_0_in_context.xdc] for cell 'mem_bd_i/proc_sys_reset_0'
Parsing XDC File [/home/mss464/minitpu/tpu/ultra96-v2/output/mem_system/mem_system.gen/sources_1/bd/mem_bd/ip/mem_bd_axi_dma_0_0/mem_bd_axi_dma_0_0/mem_bd_axi_dma_0_0_in_context.xdc] for cell 'mem_bd_i/axi_dma_0'
Finished Parsing XDC File [/home/mss464/minitpu/tpu/ultra96-v2/output/mem_system/mem_system.gen/sources_1/bd/mem_bd/ip/mem_bd_axi_dma_0_0/mem_bd_axi_dma_0_0/mem_bd_axi_dma_0_0_in_context.xdc] for cell 'mem_bd_i/axi_dma_0'
Parsing XDC File [/home/mss464/minitpu/tpu/ultra96-v2/output/mem_system/mem_system.gen/sources_1/bd/mem_bd/ip/mem_bd_mem_top_0_0/mem_bd_mem_top_0_0/mem_bd_mem_top_0_0_in_context.xdc] for cell 'mem_bd_i/mem_top_0'
Finished Parsing XDC File [/home/mss464/minitpu/tpu/ultra96-v2/output/mem_system/mem_system.gen/sources_1/bd/mem_bd/ip/mem_bd_mem_top_0_0/mem_bd_mem_top_0_0/mem_bd_mem_top_0_0_in_context.xdc] for cell 'mem_bd_i/mem_top_0'
Parsing XDC File [/home/mss464/minitpu/tpu/ultra96-v2/output/mem_system/mem_system.gen/sources_1/bd/mem_bd/ip/mem_bd_xbar_0/mem_bd_xbar_0/mem_bd_xbar_0_in_context.xdc] for cell 'mem_bd_i/axi_interconnect_0/xbar'
Finished Parsing XDC File [/home/mss464/minitpu/tpu/ultra96-v2/output/mem_system/mem_system.gen/sources_1/bd/mem_bd/ip/mem_bd_xbar_0/mem_bd_xbar_0/mem_bd_xbar_0_in_context.xdc] for cell 'mem_bd_i/axi_interconnect_0/xbar'
Parsing XDC File [/home/mss464/minitpu/tpu/ultra96-v2/output/mem_system/mem_system.gen/sources_1/bd/mem_bd/ip/mem_bd_auto_pc_0/mem_bd_auto_pc_0/mem_bd_auto_pc_0_in_context.xdc] for cell 'mem_bd_i/axi_interconnect_0/s00_couplers/auto_pc'
Finished Parsing XDC File [/home/mss464/minitpu/tpu/ultra96-v2/output/mem_system/mem_system.gen/sources_1/bd/mem_bd/ip/mem_bd_auto_pc_0/mem_bd_auto_pc_0/mem_bd_auto_pc_0_in_context.xdc] for cell 'mem_bd_i/axi_interconnect_0/s00_couplers/auto_pc'
Parsing XDC File [/home/mss464/minitpu/tpu/ultra96-v2/output/mem_system/mem_system.gen/sources_1/bd/mem_bd/ip/mem_bd_axi_smc_0/mem_bd_axi_smc_0/mem_bd_axi_smc_0_in_context.xdc] for cell 'mem_bd_i/axi_smc'
Finished Parsing XDC File [/home/mss464/minitpu/tpu/ultra96-v2/output/mem_system/mem_system.gen/sources_1/bd/mem_bd/ip/mem_bd_axi_smc_0/mem_bd_axi_smc_0/mem_bd_axi_smc_0_in_context.xdc] for cell 'mem_bd_i/axi_smc'
Parsing XDC File [/home/mss464/minitpu/tpu/ultra96-v2/output/mem_system/mem_system.gen/sources_1/bd/mem_bd/ip/mem_bd_axi_smc_full_0/mem_bd_axi_smc_full_0/mem_bd_axi_smc_full_0_in_context.xdc] for cell 'mem_bd_i/axi_smc_full'
Finished Parsing XDC File [/home/mss464/minitpu/tpu/ultra96-v2/output/mem_system/mem_system.gen/sources_1/bd/mem_bd/ip/mem_bd_axi_smc_full_0/mem_bd_axi_smc_full_0/mem_bd_axi_smc_full_0_in_context.xdc] for cell 'mem_bd_i/axi_smc_full'
Parsing XDC File [/home/mss464/minitpu/tpu/ultra96-v2/output/mem_system/mem_system.runs/synth_1/dont_touch.xdc]
Finished Parsing XDC File [/home/mss464/minitpu/tpu/ultra96-v2/output/mem_system/mem_system.runs/synth_1/dont_touch.xdc]
Completed Processing XDC Constraints

Netlist sorting complete. Time (s): cpu = 00:00:00 ; elapsed = 00:00:00 . Memory (MB): peak = 2938.168 ; gain = 0.000 ; free physical = 10402 ; free virtual = 145617
INFO: [Project 1-111] Unisim Transformation Summary:
No Unisim elements were transformed.

Constraint Validation Runtime : Time (s): cpu = 00:00:00 ; elapsed = 00:00:00 . Memory (MB): peak = 2938.203 ; gain = 0.000 ; free physical = 10400 ; free virtual = 145615
---------------------------------------------------------------------------------
Finished Constraint Validation : Time (s): cpu = 00:00:18 ; elapsed = 00:00:18 . Memory (MB): peak = 2938.203 ; gain = 443.719 ; free physical = 10370 ; free virtual = 145592
---------------------------------------------------------------------------------
---------------------------------------------------------------------------------
Start Loading Part and Timing Information
---------------------------------------------------------------------------------
Loading part: xczu3eg-sbva484-1-i
INFO: [Synth 8-6742] Reading net delay rules and data
---------------------------------------------------------------------------------
Finished Loading Part and Timing Information : Time (s): cpu = 00:00:18 ; elapsed = 00:00:18 . Memory (MB): peak = 2938.203 ; gain = 443.719 ; free physical = 10369 ; free virtual = 145591
---------------------------------------------------------------------------------
---------------------------------------------------------------------------------
Start Applying 'set_property' XDC Constraints
---------------------------------------------------------------------------------
Applied set_property KEEP_HIERARCHY = SOFT for mem_bd_i. (constraint file  auto generated constraint).
Applied set_property KEEP_HIERARCHY = SOFT for mem_bd_i/zynq_ps. (constraint file  auto generated constraint).
Applied set_property KEEP_HIERARCHY = SOFT for mem_bd_i/proc_sys_reset_0. (constraint file  auto generated constraint).
Applied set_property KEEP_HIERARCHY = SOFT for mem_bd_i/axi_dma_0. (constraint file  auto generated constraint).
Applied set_property KEEP_HIERARCHY = SOFT for mem_bd_i/mem_top_0. (constraint file  auto generated constraint).
Applied set_property KEEP_HIERARCHY = SOFT for mem_bd_i/axi_interconnect_0/xbar. (constraint file  auto generated constraint).
Applied set_property KEEP_HIERARCHY = SOFT for mem_bd_i/axi_interconnect_0/s00_couplers/auto_pc. (constraint file  auto generated constraint).
Applied set_property KEEP_HIERARCHY = SOFT for mem_bd_i/axi_interconnect_0. (constraint file  auto generated constraint).
Applied set_property KEEP_HIERARCHY = SOFT for mem_bd_i/axi_smc. (constraint file  auto generated constraint).
Applied set_property KEEP_HIERARCHY = SOFT for mem_bd_i/axi_smc_full. (constraint file  auto generated constraint).
---------------------------------------------------------------------------------
Finished applying 'set_property' XDC Constraints : Time (s): cpu = 00:00:18 ; elapsed = 00:00:18 . Memory (MB): peak = 2938.203 ; gain = 443.719 ; free physical = 10369 ; free virtual = 145592
---------------------------------------------------------------------------------
---------------------------------------------------------------------------------
Finished RTL Optimization Phase 2 : Time (s): cpu = 00:00:18 ; elapsed = 00:00:19 . Memory (MB): peak = 2938.203 ; gain = 443.719 ; free physical = 10366 ; free virtual = 145589
---------------------------------------------------------------------------------
---------------------------------------------------------------------------------
Start RTL Component Statistics 
---------------------------------------------------------------------------------
Detailed RTL Component Info : 
---------------------------------------------------------------------------------
Finished RTL Component Statistics 
---------------------------------------------------------------------------------
---------------------------------------------------------------------------------
Start Part Resource Summary
---------------------------------------------------------------------------------
Part Resources:
DSPs: 360 (col length:72)
BRAMs: 432 (col length: RAMB18 72 RAMB36 36)
---------------------------------------------------------------------------------
Finished Part Resource Summary
---------------------------------------------------------------------------------
---------------------------------------------------------------------------------
Start Cross Boundary and Area Optimization
---------------------------------------------------------------------------------
WARNING: [Synth 8-7080] Parallel synthesis criteria is not met
WARNING: [Synth 8-7129] Port M00_ACLK in module mem_bd_axi_interconnect_0_0 is either unconnected or has no load
WARNING: [Synth 8-7129] Port M00_ARESETN in module mem_bd_axi_interconnect_0_0 is either unconnected or has no load
WARNING: [Synth 8-7129] Port M01_ACLK in module mem_bd_axi_interconnect_0_0 is either unconnected or has no load
WARNING: [Synth 8-7129] Port M01_ARESETN in module mem_bd_axi_interconnect_0_0 is either unconnected or has no load
WARNING: [Synth 8-7129] Port S00_ACLK in module mem_bd_axi_interconnect_0_0 is either unconnected or has no load
WARNING: [Synth 8-7129] Port S00_ARESETN in module mem_bd_axi_interconnect_0_0 is either unconnected or has no load
---------------------------------------------------------------------------------
Finished Cross Boundary and Area Optimization : Time (s): cpu = 00:00:20 ; elapsed = 00:00:20 . Memory (MB): peak = 2938.203 ; gain = 443.719 ; free physical = 10361 ; free virtual = 145591
---------------------------------------------------------------------------------
---------------------------------------------------------------------------------
Start Applying XDC Timing Constraints
---------------------------------------------------------------------------------
---------------------------------------------------------------------------------
Finished Applying XDC Timing Constraints : Time (s): cpu = 00:00:28 ; elapsed = 00:00:29 . Memory (MB): peak = 3413.129 ; gain = 918.645 ; free physical = 9896 ; free virtual = 145138
---------------------------------------------------------------------------------
---------------------------------------------------------------------------------
Start Timing Optimization
---------------------------------------------------------------------------------
---------------------------------------------------------------------------------
Finished Timing Optimization : Time (s): cpu = 00:00:28 ; elapsed = 00:00:29 . Memory (MB): peak = 3413.129 ; gain = 918.645 ; free physical = 9896 ; free virtual = 145138
---------------------------------------------------------------------------------
---------------------------------------------------------------------------------
Start Technology Mapping
---------------------------------------------------------------------------------
---------------------------------------------------------------------------------
Finished Technology Mapping : Time (s): cpu = 00:00:28 ; elapsed = 00:00:29 . Memory (MB): peak = 3424.137 ; gain = 929.652 ; free physical = 9887 ; free virtual = 145129
---------------------------------------------------------------------------------
---------------------------------------------------------------------------------
Start IO Insertion
---------------------------------------------------------------------------------
---------------------------------------------------------------------------------
Start Flattening Before IO Insertion
---------------------------------------------------------------------------------
---------------------------------------------------------------------------------
Finished Flattening Before IO Insertion
---------------------------------------------------------------------------------
---------------------------------------------------------------------------------
Start Final Netlist Cleanup
---------------------------------------------------------------------------------
---------------------------------------------------------------------------------
Finished Final Netlist Cleanup
---------------------------------------------------------------------------------
---------------------------------------------------------------------------------
Finished IO Insertion : Time (s): cpu = 00:00:33 ; elapsed = 00:00:34 . Memory (MB): peak = 3439.012 ; gain = 944.527 ; free physical = 9863 ; free virtual = 145112
---------------------------------------------------------------------------------
---------------------------------------------------------------------------------
Start Renaming Generated Instances
---------------------------------------------------------------------------------
---------------------------------------------------------------------------------
Finished Renaming Generated Instances : Time (s): cpu = 00:00:33 ; elapsed = 00:00:34 . Memory (MB): peak = 3439.012 ; gain = 944.527 ; free physical = 9863 ; free virtual = 145112
---------------------------------------------------------------------------------
---------------------------------------------------------------------------------
Start Rebuilding User Hierarchy
---------------------------------------------------------------------------------
---------------------------------------------------------------------------------
Finished Rebuilding User Hierarchy : Time (s): cpu = 00:00:33 ; elapsed = 00:00:34 . Memory (MB): peak = 3439.012 ; gain = 944.527 ; free physical = 9863 ; free virtual = 145112
---------------------------------------------------------------------------------
---------------------------------------------------------------------------------
Start Renaming Generated Ports
---------------------------------------------------------------------------------
---------------------------------------------------------------------------------
Finished Renaming Generated Ports : Time (s): cpu = 00:00:33 ; elapsed = 00:00:34 . Memory (MB): peak = 3439.012 ; gain = 944.527 ; free physical = 9863 ; free virtual = 145112
---------------------------------------------------------------------------------
---------------------------------------------------------------------------------
Start Handling Custom Attributes
---------------------------------------------------------------------------------
---------------------------------------------------------------------------------
Finished Handling Custom Attributes : Time (s): cpu = 00:00:33 ; elapsed = 00:00:34 . Memory (MB): peak = 3439.012 ; gain = 944.527 ; free physical = 9863 ; free virtual = 145112
---------------------------------------------------------------------------------
---------------------------------------------------------------------------------
Start Renaming Generated Nets
---------------------------------------------------------------------------------
---------------------------------------------------------------------------------
Finished Renaming Generated Nets : Time (s): cpu = 00:00:33 ; elapsed = 00:00:34 . Memory (MB): peak = 3439.012 ; gain = 944.527 ; free physical = 9863 ; free virtual = 145112
---------------------------------------------------------------------------------
---------------------------------------------------------------------------------
Start Writing Synthesis Report
---------------------------------------------------------------------------------

Report BlackBoxes: 
+------+--------------------------+----------+
|      |BlackBox name             |Instances |
+------+--------------------------+----------+
|1     |mem_bd_xbar_0             |         1|
|2     |mem_bd_auto_pc_0          |         1|
|3     |mem_bd_axi_dma_0_0        |         1|
|4     |mem_bd_axi_smc_0          |         1|
|5     |mem_bd_axi_smc_full_0     |         1|
|6     |mem_bd_mem_top_0_0        |         1|
|7     |mem_bd_proc_sys_reset_0_0 |         1|
|8     |mem_bd_zynq_ps_0          |         1|
+------+--------------------------+----------+

Report Cell Usage: 
+------+------------------------+------+
|      |Cell                    |Count |
+------+------------------------+------+
|1     |mem_bd_auto_pc          |     1|
|2     |mem_bd_axi_dma_0        |     1|
|3     |mem_bd_axi_smc          |     1|
|4     |mem_bd_axi_smc_full     |     1|
|5     |mem_bd_mem_top_0        |     1|
|6     |mem_bd_proc_sys_reset_0 |     1|
|7     |mem_bd_xbar             |     1|
|8     |mem_bd_zynq_ps          |     1|
+------+------------------------+------+
---------------------------------------------------------------------------------
Finished Writing Synthesis Report : Time (s): cpu = 00:00:33 ; elapsed = 00:00:34 . Memory (MB): peak = 3439.012 ; gain = 944.527 ; free physical = 9863 ; free virtual = 145112
---------------------------------------------------------------------------------
Synthesis finished with 0 errors, 0 critical warnings and 7 warnings.
Synthesis Optimization Runtime : Time (s): cpu = 00:00:27 ; elapsed = 00:00:28 . Memory (MB): peak = 3439.012 ; gain = 877.492 ; free physical = 9863 ; free virtual = 145112
Synthesis Optimization Complete : Time (s): cpu = 00:00:33 ; elapsed = 00:00:34 . Memory (MB): peak = 3439.020 ; gain = 944.527 ; free physical = 9862 ; free virtual = 145111
INFO: [Project 1-571] Translating synthesized netlist
Netlist sorting complete. Time (s): cpu = 00:00:00.01 ; elapsed = 00:00:00.01 . Memory (MB): peak = 3439.020 ; gain = 0.000 ; free physical = 10147 ; free virtual = 145396
INFO: [Project 1-570] Preparing netlist for logic optimization
INFO: [Opt 31-138] Pushed 0 inverter(s) to 0 load pin(s).
Netlist sorting complete. Time (s): cpu = 00:00:00 ; elapsed = 00:00:00 . Memory (MB): peak = 3472.699 ; gain = 0.000 ; free physical = 10109 ; free virtual = 145358
INFO: [Project 1-111] Unisim Transformation Summary:
No Unisim elements were transformed.

Synth Design complete | Checksum: 71b34280
INFO: [Common 17-83] Releasing license: Synthesis
44 Infos, 52 Warnings, 0 Critical Warnings and 0 Errors encountered.
synth_design completed successfully
synth_design: Time (s): cpu = 00:00:42 ; elapsed = 00:00:40 . Memory (MB): peak = 3486.672 ; gain = 1877.922 ; free physical = 10094 ; free virtual = 145344
INFO: [Common 17-2834] synth_design peak Physical Memory [PSS] (MB): overall = 2763.091; main = 2487.106; forked = 362.987
INFO: [Common 17-2834] synth_design peak Virtual Memory [VSS] (MB): overall = 5037.395; main = 3486.641; forked = 1613.254
INFO: [Common 17-1381] The checkpoint '/home/mss464/minitpu/tpu/ultra96-v2/output/mem_system/mem_system.runs/synth_1/mem_bd_wrapper.dcp' has been generated.
INFO: [runtcl-4] Executing : report_utilization -file mem_bd_wrapper_utilization_synth.rpt -pb mem_bd_wrapper_utilization_synth.pb
INFO: [Common 17-206] Exiting Vivado at Sun May 10 23:35:03 2026...
[Sun May 10 23:35:14 2026] synth_1 finished
wait_on_runs: Time (s): cpu = 00:18:10 ; elapsed = 00:07:30 . Memory (MB): peak = 2364.027 ; gain = 0.000 ; free physical = 12389 ; free virtual = 147647
# set synth_status [get_property STATUS [get_runs synth_1]]
# puts "  Synthesis status: $synth_status"
  Synthesis status: synth_design Complete!
# if {$synth_status ne "synth_design Complete!"} {
#     puts "ERROR: Synthesis failed"
#     close_project
#     exit 1
# }
# puts "\n>>> Step 21: Running implementation..."

>>> Step 21: Running implementation...
# launch_runs impl_1 -jobs 4
[Sun May 10 23:35:17 2026] Launched impl_1...
Run output will be captured here: /home/mss464/minitpu/tpu/ultra96-v2/output/mem_system/mem_system.runs/impl_1/runme.log
# wait_on_run impl_1
[Sun May 10 23:35:17 2026] Waiting for impl_1 to finish...

*** Running vivado
    with args -log mem_bd_wrapper.vdi -applog -m64 -product Vivado -messageDb vivado.pb -mode batch -source mem_bd_wrapper.tcl -notrace


****** Vivado v2023.2 (64-bit)
  **** SW Build 4029153 on Fri Oct 13 20:13:54 MDT 2023
  **** IP Build 4028589 on Sat Oct 14 00:45:43 MDT 2023
  **** SharedData Build 4025554 on Tue Oct 10 17:18:54 MDT 2023
    ** Copyright 1986-2022 Xilinx, Inc. All Rights Reserved.
    ** Copyright 2022-2023 Advanced Micro Devices, Inc. All Rights Reserved.

source mem_bd_wrapper.tcl -notrace
create_project: Time (s): cpu = 00:00:07 ; elapsed = 00:00:08 . Memory (MB): peak = 1556.152 ; gain = 32.836 ; free physical = 11878 ; free virtual = 147160
INFO: [IP_Flow 19-234] Refreshing IP repositories
INFO: [IP_Flow 19-1700] Loaded user IP repository '/home/mss464/minitpu/tpu/ultra96-v2/ip_repo'.
INFO: [IP_Flow 19-2313] Loaded Vivado IP repository '/opt/xilinx/Vivado/2023.2/data/ip'.
Command: link_design -top mem_bd_wrapper -part xczu3eg-sbva484-1-i
Design is defaulting to srcset: sources_1
Design is defaulting to constrset: constrs_1
INFO: [Device 21-403] Loading part xczu3eg-sbva484-1-i
INFO: [Project 1-454] Reading design checkpoint '/home/mss464/minitpu/tpu/ultra96-v2/output/mem_system/mem_system.gen/sources_1/bd/mem_bd/ip/mem_bd_axi_dma_0_0/mem_bd_axi_dma_0_0.dcp' for cell 'mem_bd_i/axi_dma_0'
INFO: [Project 1-454] Reading design checkpoint '/home/mss464/minitpu/tpu/ultra96-v2/output/mem_system/mem_system.gen/sources_1/bd/mem_bd/ip/mem_bd_axi_smc_0/mem_bd_axi_smc_0.dcp' for cell 'mem_bd_i/axi_smc'
INFO: [Project 1-454] Reading design checkpoint '/home/mss464/minitpu/tpu/ultra96-v2/output/mem_system/mem_system.gen/sources_1/bd/mem_bd/ip/mem_bd_axi_smc_full_0/mem_bd_axi_smc_full_0.dcp' for cell 'mem_bd_i/axi_smc_full'
INFO: [Project 1-454] Reading design checkpoint '/home/mss464/minitpu/tpu/ultra96-v2/output/mem_system/mem_system.gen/sources_1/bd/mem_bd/ip/mem_bd_mem_top_0_0/mem_bd_mem_top_0_0.dcp' for cell 'mem_bd_i/mem_top_0'
INFO: [Project 1-454] Reading design checkpoint '/home/mss464/minitpu/tpu/ultra96-v2/output/mem_system/mem_system.gen/sources_1/bd/mem_bd/ip/mem_bd_proc_sys_reset_0_0/mem_bd_proc_sys_reset_0_0.dcp' for cell 'mem_bd_i/proc_sys_reset_0'
INFO: [Project 1-454] Reading design checkpoint '/home/mss464/minitpu/tpu/ultra96-v2/output/mem_system/mem_system.gen/sources_1/bd/mem_bd/ip/mem_bd_zynq_ps_0/mem_bd_zynq_ps_0.dcp' for cell 'mem_bd_i/zynq_ps'
INFO: [Project 1-454] Reading design checkpoint '/home/mss464/minitpu/tpu/ultra96-v2/output/mem_system/mem_system.gen/sources_1/bd/mem_bd/ip/mem_bd_xbar_0/mem_bd_xbar_0.dcp' for cell 'mem_bd_i/axi_interconnect_0/xbar'
INFO: [Project 1-454] Reading design checkpoint '/home/mss464/minitpu/tpu/ultra96-v2/output/mem_system/mem_system.gen/sources_1/bd/mem_bd/ip/mem_bd_auto_pc_0/mem_bd_auto_pc_0.dcp' for cell 'mem_bd_i/axi_interconnect_0/s00_couplers/auto_pc'
Netlist sorting complete. Time (s): cpu = 00:00:00.84 ; elapsed = 00:00:00.84 . Memory (MB): peak = 2508.270 ; gain = 2.000 ; free physical = 11005 ; free virtual = 146302
INFO: [Netlist 29-17] Analyzing 1198 Unisim elements for replacement
INFO: [Netlist 29-28] Unisim Transformation completed in 0 CPU seconds
INFO: [Project 1-479] Netlist was created with Vivado 2023.2
INFO: [Project 1-570] Preparing netlist for logic optimization
Parsing XDC File [/home/mss464/minitpu/tpu/ultra96-v2/output/mem_system/mem_system.gen/sources_1/bd/mem_bd/ip/mem_bd_axi_smc_0/bd_0/ip/ip_22/bd_47d6_m00rn_0_clocks.xdc] for cell 'mem_bd_i/axi_smc/inst/m00_nodes/m00_r_node/inst'
WARNING: [Vivado_Tcl 4-921] Waiver ID 'CDC-1' -to list should not be empty. [/home/mss464/minitpu/tpu/ultra96-v2/output/mem_system/mem_system.gen/sources_1/bd/mem_bd/ip/mem_bd_axi_smc_0/bd_0/ip/ip_22/bd_47d6_m00rn_0_clocks.xdc:49]
WARNING: [Vivado_Tcl 4-921] Waiver ID 'CDC-1' -to list should not be empty. [/home/mss464/minitpu/tpu/ultra96-v2/output/mem_system/mem_system.gen/sources_1/bd/mem_bd/ip/mem_bd_axi_smc_0/bd_0/ip/ip_22/bd_47d6_m00rn_0_clocks.xdc:52]
WARNING: [Vivado_Tcl 4-921] Waiver ID 'CDC-1' -to list should not be empty. [/home/mss464/minitpu/tpu/ultra96-v2/output/mem_system/mem_system.gen/sources_1/bd/mem_bd/ip/mem_bd_axi_smc_0/bd_0/ip/ip_22/bd_47d6_m00rn_0_clocks.xdc:55]
WARNING: [Vivado_Tcl 4-921] Waiver ID 'CDC-1' -to list should not be empty. [/home/mss464/minitpu/tpu/ultra96-v2/output/mem_system/mem_system.gen/sources_1/bd/mem_bd/ip/mem_bd_axi_smc_0/bd_0/ip/ip_22/bd_47d6_m00rn_0_clocks.xdc:59]
WARNING: [Vivado_Tcl 4-921] Waiver ID 'CDC-1' -to list should not be empty. [/home/mss464/minitpu/tpu/ultra96-v2/output/mem_system/mem_system.gen/sources_1/bd/mem_bd/ip/mem_bd_axi_smc_0/bd_0/ip/ip_22/bd_47d6_m00rn_0_clocks.xdc:63]
WARNING: [Vivado_Tcl 4-921] Waiver ID 'CDC-1' -to list should not be empty. [/home/mss464/minitpu/tpu/ultra96-v2/output/mem_system/mem_system.gen/sources_1/bd/mem_bd/ip/mem_bd_axi_smc_0/bd_0/ip/ip_22/bd_47d6_m00rn_0_clocks.xdc:66]
WARNING: [Vivado_Tcl 4-921] Waiver ID 'CDC-1' -to list should not be empty. [/home/mss464/minitpu/tpu/ultra96-v2/output/mem_system/mem_system.gen/sources_1/bd/mem_bd/ip/mem_bd_axi_smc_0/bd_0/ip/ip_22/bd_47d6_m00rn_0_clocks.xdc:70]
WARNING: [Vivado_Tcl 4-921] Waiver ID 'CDC-1' -to list should not be empty. [/home/mss464/minitpu/tpu/ultra96-v2/output/mem_system/mem_system.gen/sources_1/bd/mem_bd/ip/mem_bd_axi_smc_0/bd_0/ip/ip_22/bd_47d6_m00rn_0_clocks.xdc:73]
WARNING: [Vivado_Tcl 4-921] Waiver ID 'CDC-1' -to list should not be empty. [/home/mss464/minitpu/tpu/ultra96-v2/output/mem_system/mem_system.gen/sources_1/bd/mem_bd/ip/mem_bd_axi_smc_0/bd_0/ip/ip_22/bd_47d6_m00rn_0_clocks.xdc:76]
WARNING: [Vivado_Tcl 4-921] Waiver ID 'CDC-1' -to list should not be empty. [/home/mss464/minitpu/tpu/ultra96-v2/output/mem_system/mem_system.gen/sources_1/bd/mem_bd/ip/mem_bd_axi_smc_0/bd_0/ip/ip_22/bd_47d6_m00rn_0_clocks.xdc:79]
WARNING: [Vivado_Tcl 4-921] Waiver ID 'CDC-4' -to list should not be empty. [/home/mss464/minitpu/tpu/ultra96-v2/output/mem_system/mem_system.gen/sources_1/bd/mem_bd/ip/mem_bd_axi_smc_0/bd_0/ip/ip_22/bd_47d6_m00rn_0_clocks.xdc:85]
WARNING: [Vivado_Tcl 4-921] Waiver ID 'CDC-4' -to list should not be empty. [/home/mss464/minitpu/tpu/ultra96-v2/output/mem_system/mem_system.gen/sources_1/bd/mem_bd/ip/mem_bd_axi_smc_0/bd_0/ip/ip_22/bd_47d6_m00rn_0_clocks.xdc:88]
WARNING: [Vivado_Tcl 4-921] Waiver ID 'CDC-2' -to list should not be empty. [/home/mss464/minitpu/tpu/ultra96-v2/output/mem_system/mem_system.gen/sources_1/bd/mem_bd/ip/mem_bd_axi_smc_0/bd_0/ip/ip_22/bd_47d6_m00rn_0_clocks.xdc:91]
WARNING: [Vivado_Tcl 4-921] Waiver ID 'CDC-2' -to list should not be empty. [/home/mss464/minitpu/tpu/ultra96-v2/output/mem_system/mem_system.gen/sources_1/bd/mem_bd/ip/mem_bd_axi_smc_0/bd_0/ip/ip_22/bd_47d6_m00rn_0_clocks.xdc:94]
WARNING: [Vivado_Tcl 4-921] Waiver ID 'CDC-2' -to list should not be empty. [/home/mss464/minitpu/tpu/ultra96-v2/output/mem_system/mem_system.gen/sources_1/bd/mem_bd/ip/mem_bd_axi_smc_0/bd_0/ip/ip_22/bd_47d6_m00rn_0_clocks.xdc:97]
WARNING: [Vivado_Tcl 4-921] Waiver ID 'CDC-2' -to list should not be empty. [/home/mss464/minitpu/tpu/ultra96-v2/output/mem_system/mem_system.gen/sources_1/bd/mem_bd/ip/mem_bd_axi_smc_0/bd_0/ip/ip_22/bd_47d6_m00rn_0_clocks.xdc:100]
WARNING: [Vivado_Tcl 4-921] Waiver ID 'CDC-1' -to list should not be empty. [/home/mss464/minitpu/tpu/ultra96-v2/output/mem_system/mem_system.gen/sources_1/bd/mem_bd/ip/mem_bd_axi_smc_0/bd_0/ip/ip_22/bd_47d6_m00rn_0_clocks.xdc:104]
WARNING: [Vivado_Tcl 4-921] Waiver ID 'CDC-10' -to list should not be empty. [/home/mss464/minitpu/tpu/ultra96-v2/output/mem_system/mem_system.gen/sources_1/bd/mem_bd/ip/mem_bd_axi_smc_0/bd_0/ip/ip_22/bd_47d6_m00rn_0_clocks.xdc:107]
WARNING: [Vivado_Tcl 4-921] Waiver ID 'CDC-10' -to list should not be empty. [/home/mss464/minitpu/tpu/ultra96-v2/output/mem_system/mem_system.gen/sources_1/bd/mem_bd/ip/mem_bd_axi_smc_0/bd_0/ip/ip_22/bd_47d6_m00rn_0_clocks.xdc:110]
WARNING: [Vivado_Tcl 4-921] Waiver ID 'CDC-1' -to list should not be empty. [/home/mss464/minitpu/tpu/ultra96-v2/output/mem_system/mem_system.gen/sources_1/bd/mem_bd/ip/mem_bd_axi_smc_0/bd_0/ip/ip_22/bd_47d6_m00rn_0_clocks.xdc:113]
WARNING: [Vivado_Tcl 4-921] Waiver ID 'CDC-1' -to list should not be empty. [/home/mss464/minitpu/tpu/ultra96-v2/output/mem_system/mem_system.gen/sources_1/bd/mem_bd/ip/mem_bd_axi_smc_0/bd_0/ip/ip_22/bd_47d6_m00rn_0_clocks.xdc:116]
WARNING: [Vivado_Tcl 4-921] Waiver ID 'CDC-1' -to list should not be empty. [/home/mss464/minitpu/tpu/ultra96-v2/output/mem_system/mem_system.gen/sources_1/bd/mem_bd/ip/mem_bd_axi_smc_0/bd_0/ip/ip_22/bd_47d6_m00rn_0_clocks.xdc:119]
WARNING: [Vivado_Tcl 4-921] Waiver ID 'CDC-13' -to list should not be empty. [/home/mss464/minitpu/tpu/ultra96-v2/output/mem_system/mem_system.gen/sources_1/bd/mem_bd/ip/mem_bd_axi_smc_0/bd_0/ip/ip_22/bd_47d6_m00rn_0_clocks.xdc:122]
WARNING: [Vivado_Tcl 4-921] Waiver ID 'CDC-1' -to list should not be empty. [/home/mss464/minitpu/tpu/ultra96-v2/output/mem_system/mem_system.gen/sources_1/bd/mem_bd/ip/mem_bd_axi_smc_0/bd_0/ip/ip_22/bd_47d6_m00rn_0_clocks.xdc:125]
WARNING: [Vivado_Tcl 4-921] Waiver ID 'CDC-1' -to list should not be empty. [/home/mss464/minitpu/tpu/ultra96-v2/output/mem_system/mem_system.gen/sources_1/bd/mem_bd/ip/mem_bd_axi_smc_0/bd_0/ip/ip_22/bd_47d6_m00rn_0_clocks.xdc:128]
WARNING: [Vivado_Tcl 4-921] Waiver ID 'CDC-13' -to list should not be empty. [/home/mss464/minitpu/tpu/ultra96-v2/output/mem_system/mem_system.gen/sources_1/bd/mem_bd/ip/mem_bd_axi_smc_0/bd_0/ip/ip_22/bd_47d6_m00rn_0_clocks.xdc:131]
WARNING: [Vivado_Tcl 4-921] Waiver ID 'CDC-1' -to list should not be empty. [/home/mss464/minitpu/tpu/ultra96-v2/output/mem_system/mem_system.gen/sources_1/bd/mem_bd/ip/mem_bd_axi_smc_0/bd_0/ip/ip_22/bd_47d6_m00rn_0_clocks.xdc:134]
WARNING: [Vivado_Tcl 4-921] Waiver ID 'CDC-10' -to list should not be empty. [/home/mss464/minitpu/tpu/ultra96-v2/output/mem_system/mem_system.gen/sources_1/bd/mem_bd/ip/mem_bd_axi_smc_0/bd_0/ip/ip_22/bd_47d6_m00rn_0_clocks.xdc:137]
WARNING: [Vivado_Tcl 4-921] Waiver ID 'CDC-1' -to list should not be empty. [/home/mss464/minitpu/tpu/ultra96-v2/output/mem_system/mem_system.gen/sources_1/bd/mem_bd/ip/mem_bd_axi_smc_0/bd_0/ip/ip_22/bd_47d6_m00rn_0_clocks.xdc:140]
WARNING: [Vivado_Tcl 4-921] Waiver ID 'CDC-1' -to list should not be empty. [/home/mss464/minitpu/tpu/ultra96-v2/output/mem_system/mem_system.gen/sources_1/bd/mem_bd/ip/mem_bd_axi_smc_0/bd_0/ip/ip_22/bd_47d6_m00rn_0_clocks.xdc:143]
WARNING: [Vivado_Tcl 4-921] Waiver ID 'CDC-1' -to list should not be empty. [/home/mss464/minitpu/tpu/ultra96-v2/output/mem_system/mem_system.gen/sources_1/bd/mem_bd/ip/mem_bd_axi_smc_0/bd_0/ip/ip_22/bd_47d6_m00rn_0_clocks.xdc:146]
WARNING: [Vivado_Tcl 4-921] Waiver ID 'CDC-2' -to list should not be empty. [/home/mss464/minitpu/tpu/ultra96-v2/output/mem_system/mem_system.gen/sources_1/bd/mem_bd/ip/mem_bd_axi_smc_0/bd_0/ip/ip_22/bd_47d6_m00rn_0_clocks.xdc:149]
WARNING: [Vivado_Tcl 4-921] Waiver ID 'CDC-1' -to list should not be empty. [/home/mss464/minitpu/tpu/ultra96-v2/output/mem_system/mem_system.gen/sources_1/bd/mem_bd/ip/mem_bd_axi_smc_0/bd_0/ip/ip_22/bd_47d6_m00rn_0_clocks.xdc:152]
WARNING: [Vivado_Tcl 4-921] Waiver ID 'CDC-1' -to list should not be empty. [/home/mss464/minitpu/tpu/ultra96-v2/output/mem_system/mem_system.gen/sources_1/bd/mem_bd/ip/mem_bd_axi_smc_0/bd_0/ip/ip_22/bd_47d6_m00rn_0_clocks.xdc:155]
WARNING: [Vivado_Tcl 4-921] Waiver ID 'CDC-10' -to list should not be empty. [/home/mss464/minitpu/tpu/ultra96-v2/output/mem_system/mem_system.gen/sources_1/bd/mem_bd/ip/mem_bd_axi_smc_0/bd_0/ip/ip_22/bd_47d6_m00rn_0_clocks.xdc:161]
WARNING: [Vivado_Tcl 4-921] Waiver ID 'CDC-4' -to list should not be empty. [/home/mss464/minitpu/tpu/ultra96-v2/output/mem_system/mem_system.gen/sources_1/bd/mem_bd/ip/mem_bd_axi_smc_0/bd_0/ip/ip_22/bd_47d6_m00rn_0_clocks.xdc:164]
WARNING: [Vivado_Tcl 4-921] Waiver ID 'CDC-4' -to list should not be empty. [/home/mss464/minitpu/tpu/ultra96-v2/output/mem_system/mem_system.gen/sources_1/bd/mem_bd/ip/mem_bd_axi_smc_0/bd_0/ip/ip_22/bd_47d6_m00rn_0_clocks.xdc:167]
WARNING: [Vivado_Tcl 4-921] Waiver ID 'CDC-4' -to list should not be empty. [/home/mss464/minitpu/tpu/ultra96-v2/output/mem_system/mem_system.gen/sources_1/bd/mem_bd/ip/mem_bd_axi_smc_0/bd_0/ip/ip_22/bd_47d6_m00rn_0_clocks.xdc:171]
WARNING: [Vivado_Tcl 4-921] Waiver ID 'CDC-4' -to list should not be empty. [/home/mss464/minitpu/tpu/ultra96-v2/output/mem_system/mem_system.gen/sources_1/bd/mem_bd/ip/mem_bd_axi_smc_0/bd_0/ip/ip_22/bd_47d6_m00rn_0_clocks.xdc:174]
WARNING: [Vivado_Tcl 4-921] Waiver ID 'CDC-1' -to list should not be empty. [/home/mss464/minitpu/tpu/ultra96-v2/output/mem_system/mem_system.gen/sources_1/bd/mem_bd/ip/mem_bd_axi_smc_0/bd_0/ip/ip_22/bd_47d6_m00rn_0_clocks.xdc:178]
Finished Parsing XDC File [/home/mss464/minitpu/tpu/ultra96-v2/output/mem_system/mem_system.gen/sources_1/bd/mem_bd/ip/mem_bd_axi_smc_0/bd_0/ip/ip_22/bd_47d6_m00rn_0_clocks.xdc] for cell 'mem_bd_i/axi_smc/inst/m00_nodes/m00_r_node/inst'
Parsing XDC File [/home/mss464/minitpu/tpu/ultra96-v2/output/mem_system/mem_system.gen/sources_1/bd/mem_bd/ip/mem_bd_axi_smc_full_0/smartconnect.xdc] for cell 'mem_bd_i/axi_smc_full/inst'
WARNING: [Vivado_Tcl 4-919] Waiver ID 'CDC-1' -from list should not be empty. [/home/mss464/minitpu/tpu/ultra96-v2/output/mem_system/mem_system.gen/sources_1/bd/mem_bd/ip/mem_bd_axi_smc_full_0/smartconnect.xdc:1]
WARNING: [Vivado_Tcl 4-921] Waiver ID 'CDC-1' -to list should not be empty. [/home/mss464/minitpu/tpu/ultra96-v2/output/mem_system/mem_system.gen/sources_1/bd/mem_bd/ip/mem_bd_axi_smc_full_0/smartconnect.xdc:2]
WARNING: [Vivado_Tcl 4-921] Waiver ID 'CDC-1' -to list should not be empty. [/home/mss464/minitpu/tpu/ultra96-v2/output/mem_system/mem_system.gen/sources_1/bd/mem_bd/ip/mem_bd_axi_smc_full_0/smartconnect.xdc:3]
WARNING: [Vivado_Tcl 4-921] Waiver ID 'CDC-1' -to list should not be empty. [/home/mss464/minitpu/tpu/ultra96-v2/output/mem_system/mem_system.gen/sources_1/bd/mem_bd/ip/mem_bd_axi_smc_full_0/smartconnect.xdc:4]
WARNING: [Vivado_Tcl 4-921] Waiver ID 'CDC-1' -to list should not be empty. [/home/mss464/minitpu/tpu/ultra96-v2/output/mem_system/mem_system.gen/sources_1/bd/mem_bd/ip/mem_bd_axi_smc_full_0/smartconnect.xdc:5]
WARNING: [Vivado_Tcl 4-921] Waiver ID 'CDC-1' -to list should not be empty. [/home/mss464/minitpu/tpu/ultra96-v2/output/mem_system/mem_system.gen/sources_1/bd/mem_bd/ip/mem_bd_axi_smc_full_0/smartconnect.xdc:6]
WARNING: [Vivado_Tcl 4-921] Waiver ID 'CDC-1' -to list should not be empty. [/home/mss464/minitpu/tpu/ultra96-v2/output/mem_system/mem_system.gen/sources_1/bd/mem_bd/ip/mem_bd_axi_smc_full_0/smartconnect.xdc:7]
WARNING: [Vivado_Tcl 4-921] Waiver ID 'CDC-1' -to list should not be empty. [/home/mss464/minitpu/tpu/ultra96-v2/output/mem_system/mem_system.gen/sources_1/bd/mem_bd/ip/mem_bd_axi_smc_full_0/smartconnect.xdc:8]
WARNING: [Vivado_Tcl 4-921] Waiver ID 'CDC-1' -to list should not be empty. [/home/mss464/minitpu/tpu/ultra96-v2/output/mem_system/mem_system.gen/sources_1/bd/mem_bd/ip/mem_bd_axi_smc_full_0/smartconnect.xdc:9]
WARNING: [Vivado_Tcl 4-921] Waiver ID 'CDC-1' -to list should not be empty. [/home/mss464/minitpu/tpu/ultra96-v2/output/mem_system/mem_system.gen/sources_1/bd/mem_bd/ip/mem_bd_axi_smc_full_0/smartconnect.xdc:10]
Finished Parsing XDC File [/home/mss464/minitpu/tpu/ultra96-v2/output/mem_system/mem_system.gen/sources_1/bd/mem_bd/ip/mem_bd_axi_smc_full_0/smartconnect.xdc] for cell 'mem_bd_i/axi_smc_full/inst'
Parsing XDC File [/home/mss464/minitpu/tpu/ultra96-v2/output/mem_system/mem_system.gen/sources_1/bd/mem_bd/ip/mem_bd_axi_smc_full_0/bd_0/ip/ip_10/bd_3238_sbn_0_clocks.xdc] for cell 'mem_bd_i/axi_smc_full/inst/s00_nodes/s00_b_node/inst'
WARNING: [Vivado_Tcl 4-921] Waiver ID 'CDC-1' -to list should not be empty. [/home/mss464/minitpu/tpu/ultra96-v2/output/mem_system/mem_system.gen/sources_1/bd/mem_bd/ip/mem_bd_axi_smc_full_0/bd_0/ip/ip_10/bd_3238_sbn_0_clocks.xdc:49]
WARNING: [Vivado_Tcl 4-921] Waiver ID 'CDC-1' -to list should not be empty. [/home/mss464/minitpu/tpu/ultra96-v2/output/mem_system/mem_system.gen/sources_1/bd/mem_bd/ip/mem_bd_axi_smc_full_0/bd_0/ip/ip_10/bd_3238_sbn_0_clocks.xdc:52]
WARNING: [Vivado_Tcl 4-921] Waiver ID 'CDC-1' -to list should not be empty. [/home/mss464/minitpu/tpu/ultra96-v2/output/mem_system/mem_system.gen/sources_1/bd/mem_bd/ip/mem_bd_axi_smc_full_0/bd_0/ip/ip_10/bd_3238_sbn_0_clocks.xdc:55]
WARNING: [Vivado_Tcl 4-921] Waiver ID 'CDC-1' -to list should not be empty. [/home/mss464/minitpu/tpu/ultra96-v2/output/mem_system/mem_system.gen/sources_1/bd/mem_bd/ip/mem_bd_axi_smc_full_0/bd_0/ip/ip_10/bd_3238_sbn_0_clocks.xdc:59]
WARNING: [Vivado_Tcl 4-921] Waiver ID 'CDC-1' -to list should not be empty. [/home/mss464/minitpu/tpu/ultra96-v2/output/mem_system/mem_system.gen/sources_1/bd/mem_bd/ip/mem_bd_axi_smc_full_0/bd_0/ip/ip_10/bd_3238_sbn_0_clocks.xdc:63]
WARNING: [Vivado_Tcl 4-921] Waiver ID 'CDC-1' -to list should not be empty. [/home/mss464/minitpu/tpu/ultra96-v2/output/mem_system/mem_system.gen/sources_1/bd/mem_bd/ip/mem_bd_axi_smc_full_0/bd_0/ip/ip_10/bd_3238_sbn_0_clocks.xdc:66]
WARNING: [Vivado_Tcl 4-921] Waiver ID 'CDC-1' -to list should not be empty. [/home/mss464/minitpu/tpu/ultra96-v2/output/mem_system/mem_system.gen/sources_1/bd/mem_bd/ip/mem_bd_axi_smc_full_0/bd_0/ip/ip_10/bd_3238_sbn_0_clocks.xdc:70]
WARNING: [Vivado_Tcl 4-921] Waiver ID 'CDC-1' -to list should not be empty. [/home/mss464/minitpu/tpu/ultra96-v2/output/mem_system/mem_system.gen/sources_1/bd/mem_bd/ip/mem_bd_axi_smc_full_0/bd_0/ip/ip_10/bd_3238_sbn_0_clocks.xdc:73]
WARNING: [Vivado_Tcl 4-921] Waiver ID 'CDC-1' -to list should not be empty. [/home/mss464/minitpu/tpu/ultra96-v2/output/mem_system/mem_system.gen/sources_1/bd/mem_bd/ip/mem_bd_axi_smc_full_0/bd_0/ip/ip_10/bd_3238_sbn_0_clocks.xdc:76]
WARNING: [Vivado_Tcl 4-921] Waiver ID 'CDC-1' -to list should not be empty. [/home/mss464/minitpu/tpu/ultra96-v2/output/mem_system/mem_system.gen/sources_1/bd/mem_bd/ip/mem_bd_axi_smc_full_0/bd_0/ip/ip_10/bd_3238_sbn_0_clocks.xdc:79]
WARNING: [Vivado_Tcl 4-921] Waiver ID 'CDC-1' -to list should not be empty. [/home/mss464/minitpu/tpu/ultra96-v2/output/mem_system/mem_system.gen/sources_1/bd/mem_bd/ip/mem_bd_axi_smc_full_0/bd_0/ip/ip_10/bd_3238_sbn_0_clocks.xdc:82]
WARNING: [Vivado_Tcl 4-921] Waiver ID 'CDC-4' -to list should not be empty. [/home/mss464/minitpu/tpu/ultra96-v2/output/mem_system/mem_system.gen/sources_1/bd/mem_bd/ip/mem_bd_axi_smc_full_0/bd_0/ip/ip_10/bd_3238_sbn_0_clocks.xdc:85]
WARNING: [Vivado_Tcl 4-921] Waiver ID 'CDC-4' -to list should not be empty. [/home/mss464/minitpu/tpu/ultra96-v2/output/mem_system/mem_system.gen/sources_1/bd/mem_bd/ip/mem_bd_axi_smc_full_0/bd_0/ip/ip_10/bd_3238_sbn_0_clocks.xdc:88]
WARNING: [Vivado_Tcl 4-921] Waiver ID 'CDC-2' -to list should not be empty. [/home/mss464/minitpu/tpu/ultra96-v2/output/mem_system/mem_system.gen/sources_1/bd/mem_bd/ip/mem_bd_axi_smc_full_0/bd_0/ip/ip_10/bd_3238_sbn_0_clocks.xdc:91]
WARNING: [Vivado_Tcl 4-921] Waiver ID 'CDC-2' -to list should not be empty. [/home/mss464/minitpu/tpu/ultra96-v2/output/mem_system/mem_system.gen/sources_1/bd/mem_bd/ip/mem_bd_axi_smc_full_0/bd_0/ip/ip_10/bd_3238_sbn_0_clocks.xdc:94]
WARNING: [Vivado_Tcl 4-921] Waiver ID 'CDC-2' -to list should not be empty. [/home/mss464/minitpu/tpu/ultra96-v2/output/mem_system/mem_system.gen/sources_1/bd/mem_bd/ip/mem_bd_axi_smc_full_0/bd_0/ip/ip_10/bd_3238_sbn_0_clocks.xdc:97]
WARNING: [Vivado_Tcl 4-921] Waiver ID 'CDC-2' -to list should not be empty. [/home/mss464/minitpu/tpu/ultra96-v2/output/mem_system/mem_system.gen/sources_1/bd/mem_bd/ip/mem_bd_axi_smc_full_0/bd_0/ip/ip_10/bd_3238_sbn_0_clocks.xdc:100]
WARNING: [Vivado_Tcl 4-921] Waiver ID 'CDC-1' -to list should not be empty. [/home/mss464/minitpu/tpu/ultra96-v2/output/mem_system/mem_system.gen/sources_1/bd/mem_bd/ip/mem_bd_axi_smc_full_0/bd_0/ip/ip_10/bd_3238_sbn_0_clocks.xdc:104]
WARNING: [Vivado_Tcl 4-921] Waiver ID 'CDC-10' -to list should not be empty. [/home/mss464/minitpu/tpu/ultra96-v2/output/mem_system/mem_system.gen/sources_1/bd/mem_bd/ip/mem_bd_axi_smc_full_0/bd_0/ip/ip_10/bd_3238_sbn_0_clocks.xdc:107]
WARNING: [Vivado_Tcl 4-921] Waiver ID 'CDC-10' -to list should not be empty. [/home/mss464/minitpu/tpu/ultra96-v2/output/mem_system/mem_system.gen/sources_1/bd/mem_bd/ip/mem_bd_axi_smc_full_0/bd_0/ip/ip_10/bd_3238_sbn_0_clocks.xdc:110]
WARNING: [Vivado_Tcl 4-921] Waiver ID 'CDC-1' -to list should not be empty. [/home/mss464/minitpu/tpu/ultra96-v2/output/mem_system/mem_system.gen/sources_1/bd/mem_bd/ip/mem_bd_axi_smc_full_0/bd_0/ip/ip_10/bd_3238_sbn_0_clocks.xdc:113]
WARNING: [Vivado_Tcl 4-921] Waiver ID 'CDC-1' -to list should not be empty. [/home/mss464/minitpu/tpu/ultra96-v2/output/mem_system/mem_system.gen/sources_1/bd/mem_bd/ip/mem_bd_axi_smc_full_0/bd_0/ip/ip_10/bd_3238_sbn_0_clocks.xdc:116]
WARNING: [Vivado_Tcl 4-921] Waiver ID 'CDC-1' -to list should not be empty. [/home/mss464/minitpu/tpu/ultra96-v2/output/mem_system/mem_system.gen/sources_1/bd/mem_bd/ip/mem_bd_axi_smc_full_0/bd_0/ip/ip_10/bd_3238_sbn_0_clocks.xdc:119]
WARNING: [Vivado_Tcl 4-921] Waiver ID 'CDC-13' -to list should not be empty. [/home/mss464/minitpu/tpu/ultra96-v2/output/mem_system/mem_system.gen/sources_1/bd/mem_bd/ip/mem_bd_axi_smc_full_0/bd_0/ip/ip_10/bd_3238_sbn_0_clocks.xdc:122]
WARNING: [Vivado_Tcl 4-921] Waiver ID 'CDC-1' -to list should not be empty. [/home/mss464/minitpu/tpu/ultra96-v2/output/mem_system/mem_system.gen/sources_1/bd/mem_bd/ip/mem_bd_axi_smc_full_0/bd_0/ip/ip_10/bd_3238_sbn_0_clocks.xdc:125]
WARNING: [Vivado_Tcl 4-921] Waiver ID 'CDC-1' -to list should not be empty. [/home/mss464/minitpu/tpu/ultra96-v2/output/mem_system/mem_system.gen/sources_1/bd/mem_bd/ip/mem_bd_axi_smc_full_0/bd_0/ip/ip_10/bd_3238_sbn_0_clocks.xdc:128]
WARNING: [Vivado_Tcl 4-921] Waiver ID 'CDC-13' -to list should not be empty. [/home/mss464/minitpu/tpu/ultra96-v2/output/mem_system/mem_system.gen/sources_1/bd/mem_bd/ip/mem_bd_axi_smc_full_0/bd_0/ip/ip_10/bd_3238_sbn_0_clocks.xdc:131]
WARNING: [Vivado_Tcl 4-921] Waiver ID 'CDC-1' -to list should not be empty. [/home/mss464/minitpu/tpu/ultra96-v2/output/mem_system/mem_system.gen/sources_1/bd/mem_bd/ip/mem_bd_axi_smc_full_0/bd_0/ip/ip_10/bd_3238_sbn_0_clocks.xdc:134]
WARNING: [Vivado_Tcl 4-921] Waiver ID 'CDC-10' -to list should not be empty. [/home/mss464/minitpu/tpu/ultra96-v2/output/mem_system/mem_system.gen/sources_1/bd/mem_bd/ip/mem_bd_axi_smc_full_0/bd_0/ip/ip_10/bd_3238_sbn_0_clocks.xdc:137]
WARNING: [Vivado_Tcl 4-921] Waiver ID 'CDC-1' -to list should not be empty. [/home/mss464/minitpu/tpu/ultra96-v2/output/mem_system/mem_system.gen/sources_1/bd/mem_bd/ip/mem_bd_axi_smc_full_0/bd_0/ip/ip_10/bd_3238_sbn_0_clocks.xdc:140]
WARNING: [Vivado_Tcl 4-921] Waiver ID 'CDC-1' -to list should not be empty. [/home/mss464/minitpu/tpu/ultra96-v2/output/mem_system/mem_system.gen/sources_1/bd/mem_bd/ip/mem_bd_axi_smc_full_0/bd_0/ip/ip_10/bd_3238_sbn_0_clocks.xdc:143]
WARNING: [Vivado_Tcl 4-921] Waiver ID 'CDC-1' -to list should not be empty. [/home/mss464/minitpu/tpu/ultra96-v2/output/mem_system/mem_system.gen/sources_1/bd/mem_bd/ip/mem_bd_axi_smc_full_0/bd_0/ip/ip_10/bd_3238_sbn_0_clocks.xdc:146]
WARNING: [Vivado_Tcl 4-921] Waiver ID 'CDC-2' -to list should not be empty. [/home/mss464/minitpu/tpu/ultra96-v2/output/mem_system/mem_system.gen/sources_1/bd/mem_bd/ip/mem_bd_axi_smc_full_0/bd_0/ip/ip_10/bd_3238_sbn_0_clocks.xdc:149]
WARNING: [Vivado_Tcl 4-921] Waiver ID 'CDC-1' -to list should not be empty. [/home/mss464/minitpu/tpu/ultra96-v2/output/mem_system/mem_system.gen/sources_1/bd/mem_bd/ip/mem_bd_axi_smc_full_0/bd_0/ip/ip_10/bd_3238_sbn_0_clocks.xdc:152]
WARNING: [Vivado_Tcl 4-921] Waiver ID 'CDC-1' -to list should not be empty. [/home/mss464/minitpu/tpu/ultra96-v2/output/mem_system/mem_system.gen/sources_1/bd/mem_bd/ip/mem_bd_axi_smc_full_0/bd_0/ip/ip_10/bd_3238_sbn_0_clocks.xdc:155]
WARNING: [Vivado_Tcl 4-921] Waiver ID 'CDC-1' -to list should not be empty. [/home/mss464/minitpu/tpu/ultra96-v2/output/mem_system/mem_system.gen/sources_1/bd/mem_bd/ip/mem_bd_axi_smc_full_0/bd_0/ip/ip_10/bd_3238_sbn_0_clocks.xdc:158]
WARNING: [Vivado_Tcl 4-921] Waiver ID 'CDC-10' -to list should not be empty. [/home/mss464/minitpu/tpu/ultra96-v2/output/mem_system/mem_system.gen/sources_1/bd/mem_bd/ip/mem_bd_axi_smc_full_0/bd_0/ip/ip_10/bd_3238_sbn_0_clocks.xdc:161]
WARNING: [Vivado_Tcl 4-921] Waiver ID 'CDC-4' -to list should not be empty. [/home/mss464/minitpu/tpu/ultra96-v2/output/mem_system/mem_system.gen/sources_1/bd/mem_bd/ip/mem_bd_axi_smc_full_0/bd_0/ip/ip_10/bd_3238_sbn_0_clocks.xdc:164]
WARNING: [Vivado_Tcl 4-921] Waiver ID 'CDC-4' -to list should not be empty. [/home/mss464/minitpu/tpu/ultra96-v2/output/mem_system/mem_system.gen/sources_1/bd/mem_bd/ip/mem_bd_axi_smc_full_0/bd_0/ip/ip_10/bd_3238_sbn_0_clocks.xdc:167]
WARNING: [Vivado_Tcl 4-921] Waiver ID 'CDC-4' -to list should not be empty. [/home/mss464/minitpu/tpu/ultra96-v2/output/mem_system/mem_system.gen/sources_1/bd/mem_bd/ip/mem_bd_axi_smc_full_0/bd_0/ip/ip_10/bd_3238_sbn_0_clocks.xdc:171]
WARNING: [Vivado_Tcl 4-921] Waiver ID 'CDC-4' -to list should not be empty. [/home/mss464/minitpu/tpu/ultra96-v2/output/mem_system/mem_system.gen/sources_1/bd/mem_bd/ip/mem_bd_axi_smc_full_0/bd_0/ip/ip_10/bd_3238_sbn_0_clocks.xdc:174]
WARNING: [Vivado_Tcl 4-921] Waiver ID 'CDC-1' -to list should not be empty. [/home/mss464/minitpu/tpu/ultra96-v2/output/mem_system/mem_system.gen/sources_1/bd/mem_bd/ip/mem_bd_axi_smc_full_0/bd_0/ip/ip_10/bd_3238_sbn_0_clocks.xdc:178]
Finished Parsing XDC File [/home/mss464/minitpu/tpu/ultra96-v2/output/mem_system/mem_system.gen/sources_1/bd/mem_bd/ip/mem_bd_axi_smc_full_0/bd_0/ip/ip_10/bd_3238_sbn_0_clocks.xdc] for cell 'mem_bd_i/axi_smc_full/inst/s00_nodes/s00_b_node/inst'
Parsing XDC File [/home/mss464/minitpu/tpu/ultra96-v2/output/mem_system/mem_system.gen/sources_1/bd/mem_bd/ip/mem_bd_axi_smc_full_0/bd_0/ip/ip_9/bd_3238_swn_0_clocks.xdc] for cell 'mem_bd_i/axi_smc_full/inst/s00_nodes/s00_w_node/inst'
INFO: [Common 17-14] Message 'Vivado 12-180' appears 100 times and further instances of the messages will be disabled. Use the Tcl command set_msg_config to change the current settings. [/home/mss464/minitpu/tpu/ultra96-v2/output/mem_system/mem_system.gen/sources_1/bd/mem_bd/ip/mem_bd_axi_smc_full_0/bd_0/ip/ip_9/bd_3238_swn_0_clocks.xdc:49]
WARNING: [Vivado_Tcl 4-921] Waiver ID 'CDC-1' -to list should not be empty. [/home/mss464/minitpu/tpu/ultra96-v2/output/mem_system/mem_system.gen/sources_1/bd/mem_bd/ip/mem_bd_axi_smc_full_0/bd_0/ip/ip_9/bd_3238_swn_0_clocks.xdc:49]
WARNING: [Vivado_Tcl 4-921] Waiver ID 'CDC-1' -to list should not be empty. [/home/mss464/minitpu/tpu/ultra96-v2/output/mem_system/mem_system.gen/sources_1/bd/mem_bd/ip/mem_bd_axi_smc_full_0/bd_0/ip/ip_9/bd_3238_swn_0_clocks.xdc:52]
WARNING: [Vivado_Tcl 4-921] Waiver ID 'CDC-1' -to list should not be empty. [/home/mss464/minitpu/tpu/ultra96-v2/output/mem_system/mem_system.gen/sources_1/bd/mem_bd/ip/mem_bd_axi_smc_full_0/bd_0/ip/ip_9/bd_3238_swn_0_clocks.xdc:55]
WARNING: [Vivado_Tcl 4-921] Waiver ID 'CDC-1' -to list should not be empty. [/home/mss464/minitpu/tpu/ultra96-v2/output/mem_system/mem_system.gen/sources_1/bd/mem_bd/ip/mem_bd_axi_smc_full_0/bd_0/ip/ip_9/bd_3238_swn_0_clocks.xdc:59]
WARNING: [Vivado_Tcl 4-921] Waiver ID 'CDC-1' -to list should not be empty. [/home/mss464/minitpu/tpu/ultra96-v2/output/mem_system/mem_system.gen/sources_1/bd/mem_bd/ip/mem_bd_axi_smc_full_0/bd_0/ip/ip_9/bd_3238_swn_0_clocks.xdc:63]
WARNING: [Vivado_Tcl 4-921] Waiver ID 'CDC-1' -to list should not be empty. [/home/mss464/minitpu/tpu/ultra96-v2/output/mem_system/mem_system.gen/sources_1/bd/mem_bd/ip/mem_bd_axi_smc_full_0/bd_0/ip/ip_9/bd_3238_swn_0_clocks.xdc:66]
WARNING: [Vivado_Tcl 4-921] Waiver ID 'CDC-1' -to list should not be empty. [/home/mss464/minitpu/tpu/ultra96-v2/output/mem_system/mem_system.gen/sources_1/bd/mem_bd/ip/mem_bd_axi_smc_full_0/bd_0/ip/ip_9/bd_3238_swn_0_clocks.xdc:70]
WARNING: [Vivado_Tcl 4-921] Waiver ID 'CDC-1' -to list should not be empty. [/home/mss464/minitpu/tpu/ultra96-v2/output/mem_system/mem_system.gen/sources_1/bd/mem_bd/ip/mem_bd_axi_smc_full_0/bd_0/ip/ip_9/bd_3238_swn_0_clocks.xdc:73]
WARNING: [Vivado_Tcl 4-921] Waiver ID 'CDC-1' -to list should not be empty. [/home/mss464/minitpu/tpu/ultra96-v2/output/mem_system/mem_system.gen/sources_1/bd/mem_bd/ip/mem_bd_axi_smc_full_0/bd_0/ip/ip_9/bd_3238_swn_0_clocks.xdc:76]
INFO: [Common 17-14] Message 'Vivado_Tcl 4-921' appears 100 times and further instances of the messages will be disabled. Use the Tcl command set_msg_config to change the current settings. [/home/mss464/minitpu/tpu/ultra96-v2/output/mem_system/mem_system.gen/sources_1/bd/mem_bd/ip/mem_bd_axi_smc_full_0/bd_0/ip/ip_9/bd_3238_swn_0_clocks.xdc:76]
Finished Parsing XDC File [/home/mss464/minitpu/tpu/ultra96-v2/output/mem_system/mem_system.gen/sources_1/bd/mem_bd/ip/mem_bd_axi_smc_full_0/bd_0/ip/ip_9/bd_3238_swn_0_clocks.xdc] for cell 'mem_bd_i/axi_smc_full/inst/s00_nodes/s00_w_node/inst'
Parsing XDC File [/home/mss464/minitpu/tpu/ultra96-v2/output/mem_system/mem_system.gen/sources_1/bd/mem_bd/ip/mem_bd_axi_smc_full_0/bd_0/ip/ip_8/bd_3238_sawn_0_clocks.xdc] for cell 'mem_bd_i/axi_smc_full/inst/s00_nodes/s00_aw_node/inst'
Finished Parsing XDC File [/home/mss464/minitpu/tpu/ultra96-v2/output/mem_system/mem_system.gen/sources_1/bd/mem_bd/ip/mem_bd_axi_smc_full_0/bd_0/ip/ip_8/bd_3238_sawn_0_clocks.xdc] for cell 'mem_bd_i/axi_smc_full/inst/s00_nodes/s00_aw_node/inst'
Parsing XDC File [/home/mss464/minitpu/tpu/ultra96-v2/output/mem_system/mem_system.gen/sources_1/bd/mem_bd/ip/mem_bd_axi_smc_full_0/bd_0/ip/ip_7/bd_3238_srn_0_clocks.xdc] for cell 'mem_bd_i/axi_smc_full/inst/s00_nodes/s00_r_node/inst'
Finished Parsing XDC File [/home/mss464/minitpu/tpu/ultra96-v2/output/mem_system/mem_system.gen/sources_1/bd/mem_bd/ip/mem_bd_axi_smc_full_0/bd_0/ip/ip_7/bd_3238_srn_0_clocks.xdc] for cell 'mem_bd_i/axi_smc_full/inst/s00_nodes/s00_r_node/inst'
Parsing XDC File [/home/mss464/minitpu/tpu/ultra96-v2/output/mem_system/mem_system.gen/sources_1/bd/mem_bd/ip/mem_bd_axi_smc_full_0/bd_0/ip/ip_6/bd_3238_sarn_0_clocks.xdc] for cell 'mem_bd_i/axi_smc_full/inst/s00_nodes/s00_ar_node/inst'
Finished Parsing XDC File [/home/mss464/minitpu/tpu/ultra96-v2/output/mem_system/mem_system.gen/sources_1/bd/mem_bd/ip/mem_bd_axi_smc_full_0/bd_0/ip/ip_6/bd_3238_sarn_0_clocks.xdc] for cell 'mem_bd_i/axi_smc_full/inst/s00_nodes/s00_ar_node/inst'
Parsing XDC File [/home/mss464/minitpu/tpu/ultra96-v2/output/mem_system/mem_system.gen/sources_1/bd/mem_bd/ip/mem_bd_axi_smc_full_0/bd_0/ip/ip_1/bd_3238_psr_aclk_0.xdc] for cell 'mem_bd_i/axi_smc_full/inst/clk_map/psr_aclk/U0'
Finished Parsing XDC File [/home/mss464/minitpu/tpu/ultra96-v2/output/mem_system/mem_system.gen/sources_1/bd/mem_bd/ip/mem_bd_axi_smc_full_0/bd_0/ip/ip_1/bd_3238_psr_aclk_0.xdc] for cell 'mem_bd_i/axi_smc_full/inst/clk_map/psr_aclk/U0'
Parsing XDC File [/home/mss464/minitpu/tpu/ultra96-v2/output/mem_system/mem_system.gen/sources_1/bd/mem_bd/ip/mem_bd_axi_smc_full_0/bd_0/ip/ip_1/bd_3238_psr_aclk_0_board.xdc] for cell 'mem_bd_i/axi_smc_full/inst/clk_map/psr_aclk/U0'
Finished Parsing XDC File [/home/mss464/minitpu/tpu/ultra96-v2/output/mem_system/mem_system.gen/sources_1/bd/mem_bd/ip/mem_bd_axi_smc_full_0/bd_0/ip/ip_1/bd_3238_psr_aclk_0_board.xdc] for cell 'mem_bd_i/axi_smc_full/inst/clk_map/psr_aclk/U0'
Parsing XDC File [/home/mss464/minitpu/tpu/ultra96-v2/output/mem_system/mem_system.gen/sources_1/bd/mem_bd/ip/mem_bd_axi_smc_0/smartconnect.xdc] for cell 'mem_bd_i/axi_smc/inst'
WARNING: [Vivado_Tcl 4-919] Waiver ID 'CDC-1' -from list should not be empty. [/home/mss464/minitpu/tpu/ultra96-v2/output/mem_system/mem_system.gen/sources_1/bd/mem_bd/ip/mem_bd_axi_smc_0/smartconnect.xdc:1]
Finished Parsing XDC File [/home/mss464/minitpu/tpu/ultra96-v2/output/mem_system/mem_system.gen/sources_1/bd/mem_bd/ip/mem_bd_axi_smc_0/smartconnect.xdc] for cell 'mem_bd_i/axi_smc/inst'
Parsing XDC File [/home/mss464/minitpu/tpu/ultra96-v2/output/mem_system/mem_system.gen/sources_1/bd/mem_bd/ip/mem_bd_axi_smc_0/bd_0/ip/ip_25/bd_47d6_m00bn_0_clocks.xdc] for cell 'mem_bd_i/axi_smc/inst/m00_nodes/m00_b_node/inst'
Finished Parsing XDC File [/home/mss464/minitpu/tpu/ultra96-v2/output/mem_system/mem_system.gen/sources_1/bd/mem_bd/ip/mem_bd_axi_smc_0/bd_0/ip/ip_25/bd_47d6_m00bn_0_clocks.xdc] for cell 'mem_bd_i/axi_smc/inst/m00_nodes/m00_b_node/inst'
Parsing XDC File [/home/mss464/minitpu/tpu/ultra96-v2/output/mem_system/mem_system.gen/sources_1/bd/mem_bd/ip/mem_bd_axi_smc_0/bd_0/ip/ip_24/bd_47d6_m00wn_0_clocks.xdc] for cell 'mem_bd_i/axi_smc/inst/m00_nodes/m00_w_node/inst'
Finished Parsing XDC File [/home/mss464/minitpu/tpu/ultra96-v2/output/mem_system/mem_system.gen/sources_1/bd/mem_bd/ip/mem_bd_axi_smc_0/bd_0/ip/ip_24/bd_47d6_m00wn_0_clocks.xdc] for cell 'mem_bd_i/axi_smc/inst/m00_nodes/m00_w_node/inst'
Parsing XDC File [/home/mss464/minitpu/tpu/ultra96-v2/output/mem_system/mem_system.gen/sources_1/bd/mem_bd/ip/mem_bd_axi_smc_0/bd_0/ip/ip_23/bd_47d6_m00awn_0_clocks.xdc] for cell 'mem_bd_i/axi_smc/inst/m00_nodes/m00_aw_node/inst'
Finished Parsing XDC File [/home/mss464/minitpu/tpu/ultra96-v2/output/mem_system/mem_system.gen/sources_1/bd/mem_bd/ip/mem_bd_axi_smc_0/bd_0/ip/ip_23/bd_47d6_m00awn_0_clocks.xdc] for cell 'mem_bd_i/axi_smc/inst/m00_nodes/m00_aw_node/inst'
Parsing XDC File [/home/mss464/minitpu/tpu/ultra96-v2/output/mem_system/mem_system.gen/sources_1/bd/mem_bd/ip/mem_bd_zynq_ps_0/mem_bd_zynq_ps_0.xdc] for cell 'mem_bd_i/zynq_ps/inst'
create_clock: Time (s): cpu = 00:00:05 ; elapsed = 00:00:05 . Memory (MB): peak = 2789.297 ; gain = 29.688 ; free physical = 10937 ; free virtual = 146254
Finished Parsing XDC File [/home/mss464/minitpu/tpu/ultra96-v2/output/mem_system/mem_system.gen/sources_1/bd/mem_bd/ip/mem_bd_zynq_ps_0/mem_bd_zynq_ps_0.xdc] for cell 'mem_bd_i/zynq_ps/inst'
Parsing XDC File [/home/mss464/minitpu/tpu/ultra96-v2/output/mem_system/mem_system.gen/sources_1/bd/mem_bd/ip/mem_bd_axi_smc_0/bd_0/ip/ip_21/bd_47d6_m00arn_0_clocks.xdc] for cell 'mem_bd_i/axi_smc/inst/m00_nodes/m00_ar_node/inst'
Finished Parsing XDC File [/home/mss464/minitpu/tpu/ultra96-v2/output/mem_system/mem_system.gen/sources_1/bd/mem_bd/ip/mem_bd_axi_smc_0/bd_0/ip/ip_21/bd_47d6_m00arn_0_clocks.xdc] for cell 'mem_bd_i/axi_smc/inst/m00_nodes/m00_ar_node/inst'
Parsing XDC File [/home/mss464/minitpu/tpu/ultra96-v2/output/mem_system/mem_system.gen/sources_1/bd/mem_bd/ip/mem_bd_axi_smc_0/bd_0/ip/ip_19/bd_47d6_sbn_0_clocks.xdc] for cell 'mem_bd_i/axi_smc/inst/s01_nodes/s01_b_node/inst'
Finished Parsing XDC File [/home/mss464/minitpu/tpu/ultra96-v2/output/mem_system/mem_system.gen/sources_1/bd/mem_bd/ip/mem_bd_axi_smc_0/bd_0/ip/ip_19/bd_47d6_sbn_0_clocks.xdc] for cell 'mem_bd_i/axi_smc/inst/s01_nodes/s01_b_node/inst'
Parsing XDC File [/home/mss464/minitpu/tpu/ultra96-v2/output/mem_system/mem_system.gen/sources_1/bd/mem_bd/ip/mem_bd_axi_smc_0/bd_0/ip/ip_18/bd_47d6_swn_0_clocks.xdc] for cell 'mem_bd_i/axi_smc/inst/s01_nodes/s01_w_node/inst'
Finished Parsing XDC File [/home/mss464/minitpu/tpu/ultra96-v2/output/mem_system/mem_system.gen/sources_1/bd/mem_bd/ip/mem_bd_axi_smc_0/bd_0/ip/ip_18/bd_47d6_swn_0_clocks.xdc] for cell 'mem_bd_i/axi_smc/inst/s01_nodes/s01_w_node/inst'
Parsing XDC File [/home/mss464/minitpu/tpu/ultra96-v2/output/mem_system/mem_system.gen/sources_1/bd/mem_bd/ip/mem_bd_axi_smc_0/bd_0/ip/ip_17/bd_47d6_sawn_0_clocks.xdc] for cell 'mem_bd_i/axi_smc/inst/s01_nodes/s01_aw_node/inst'
Finished Parsing XDC File [/home/mss464/minitpu/tpu/ultra96-v2/output/mem_system/mem_system.gen/sources_1/bd/mem_bd/ip/mem_bd_axi_smc_0/bd_0/ip/ip_17/bd_47d6_sawn_0_clocks.xdc] for cell 'mem_bd_i/axi_smc/inst/s01_nodes/s01_aw_node/inst'
Parsing XDC File [/home/mss464/minitpu/tpu/ultra96-v2/output/mem_system/mem_system.gen/sources_1/bd/mem_bd/ip/mem_bd_axi_smc_0/bd_0/ip/ip_12/bd_47d6_srn_0_clocks.xdc] for cell 'mem_bd_i/axi_smc/inst/s00_nodes/s00_r_node/inst'
Finished Parsing XDC File [/home/mss464/minitpu/tpu/ultra96-v2/output/mem_system/mem_system.gen/sources_1/bd/mem_bd/ip/mem_bd_axi_smc_0/bd_0/ip/ip_12/bd_47d6_srn_0_clocks.xdc] for cell 'mem_bd_i/axi_smc/inst/s00_nodes/s00_r_node/inst'
Parsing XDC File [/home/mss464/minitpu/tpu/ultra96-v2/output/mem_system/mem_system.gen/sources_1/bd/mem_bd/ip/mem_bd_axi_smc_0/bd_0/ip/ip_11/bd_47d6_sarn_0_clocks.xdc] for cell 'mem_bd_i/axi_smc/inst/s00_nodes/s00_ar_node/inst'
Finished Parsing XDC File [/home/mss464/minitpu/tpu/ultra96-v2/output/mem_system/mem_system.gen/sources_1/bd/mem_bd/ip/mem_bd_axi_smc_0/bd_0/ip/ip_11/bd_47d6_sarn_0_clocks.xdc] for cell 'mem_bd_i/axi_smc/inst/s00_nodes/s00_ar_node/inst'
Parsing XDC File [/home/mss464/minitpu/tpu/ultra96-v2/output/mem_system/mem_system.gen/sources_1/bd/mem_bd/ip/mem_bd_axi_smc_0/bd_0/ip/ip_1/bd_47d6_psr_aclk_0.xdc] for cell 'mem_bd_i/axi_smc/inst/clk_map/psr_aclk/U0'
Finished Parsing XDC File [/home/mss464/minitpu/tpu/ultra96-v2/output/mem_system/mem_system.gen/sources_1/bd/mem_bd/ip/mem_bd_axi_smc_0/bd_0/ip/ip_1/bd_47d6_psr_aclk_0.xdc] for cell 'mem_bd_i/axi_smc/inst/clk_map/psr_aclk/U0'
Parsing XDC File [/home/mss464/minitpu/tpu/ultra96-v2/output/mem_system/mem_system.gen/sources_1/bd/mem_bd/ip/mem_bd_axi_smc_0/bd_0/ip/ip_1/bd_47d6_psr_aclk_0_board.xdc] for cell 'mem_bd_i/axi_smc/inst/clk_map/psr_aclk/U0'
Finished Parsing XDC File [/home/mss464/minitpu/tpu/ultra96-v2/output/mem_system/mem_system.gen/sources_1/bd/mem_bd/ip/mem_bd_axi_smc_0/bd_0/ip/ip_1/bd_47d6_psr_aclk_0_board.xdc] for cell 'mem_bd_i/axi_smc/inst/clk_map/psr_aclk/U0'
Parsing XDC File [/home/mss464/minitpu/tpu/ultra96-v2/output/mem_system/mem_system.gen/sources_1/bd/mem_bd/ip/mem_bd_axi_dma_0_0/mem_bd_axi_dma_0_0.xdc] for cell 'mem_bd_i/axi_dma_0/U0'
WARNING: [Vivado_Tcl 4-919] Waiver ID 'CDC-1' -from list should not be empty. [/home/mss464/minitpu/tpu/ultra96-v2/output/mem_system/mem_system.gen/sources_1/bd/mem_bd/ip/mem_bd_axi_dma_0_0/mem_bd_axi_dma_0_0.xdc:61]
Finished Parsing XDC File [/home/mss464/minitpu/tpu/ultra96-v2/output/mem_system/mem_system.gen/sources_1/bd/mem_bd/ip/mem_bd_axi_dma_0_0/mem_bd_axi_dma_0_0.xdc] for cell 'mem_bd_i/axi_dma_0/U0'
Parsing XDC File [/home/mss464/minitpu/tpu/ultra96-v2/output/mem_system/mem_system.gen/sources_1/bd/mem_bd/ip/mem_bd_proc_sys_reset_0_0/mem_bd_proc_sys_reset_0_0.xdc] for cell 'mem_bd_i/proc_sys_reset_0/U0'
Finished Parsing XDC File [/home/mss464/minitpu/tpu/ultra96-v2/output/mem_system/mem_system.gen/sources_1/bd/mem_bd/ip/mem_bd_proc_sys_reset_0_0/mem_bd_proc_sys_reset_0_0.xdc] for cell 'mem_bd_i/proc_sys_reset_0/U0'
Parsing XDC File [/home/mss464/minitpu/tpu/ultra96-v2/output/mem_system/mem_system.gen/sources_1/bd/mem_bd/ip/mem_bd_proc_sys_reset_0_0/mem_bd_proc_sys_reset_0_0_board.xdc] for cell 'mem_bd_i/proc_sys_reset_0/U0'
Finished Parsing XDC File [/home/mss464/minitpu/tpu/ultra96-v2/output/mem_system/mem_system.gen/sources_1/bd/mem_bd/ip/mem_bd_proc_sys_reset_0_0/mem_bd_proc_sys_reset_0_0_board.xdc] for cell 'mem_bd_i/proc_sys_reset_0/U0'
Parsing XDC File [/home/mss464/minitpu/tpu/ultra96-v2/output/mem_system/mem_system.gen/sources_1/bd/mem_bd/ip/mem_bd_axi_dma_0_0/mem_bd_axi_dma_0_0_clocks.xdc] for cell 'mem_bd_i/axi_dma_0/U0'
Finished Parsing XDC File [/home/mss464/minitpu/tpu/ultra96-v2/output/mem_system/mem_system.gen/sources_1/bd/mem_bd/ip/mem_bd_axi_dma_0_0/mem_bd_axi_dma_0_0_clocks.xdc] for cell 'mem_bd_i/axi_dma_0/U0'
INFO: [Project 1-1714] 68 XPM XDC files have been applied to the design.
INFO: [Opt 31-138] Pushed 0 inverter(s) to 0 load pin(s).
INFO: [Project 1-1687] 668 scoped IP constraints or related sub-commands were skipped due to synthesis logic optimizations usually triggered by constant connectivity or unconnected output pins. To review the skipped constraints and messages, run the command 'set_param netlist.IPMsgFiltering false' before opening the design.
Netlist sorting complete. Time (s): cpu = 00:00:00.01 ; elapsed = 00:00:00.02 . Memory (MB): peak = 3425.098 ; gain = 0.000 ; free physical = 10581 ; free virtual = 145913
INFO: [Project 1-111] Unisim Transformation Summary:
  A total of 243 instances were transformed.
  DSP48E2 => DSP48E2 (DSP_ALU, DSP_A_B_DATA, DSP_C_DATA, DSP_MULTIPLIER, DSP_M_DATA, DSP_OUTPUT, DSP_PREADD, DSP_PREADD_DATA): 50 instances
  RAM16X1D => RAM32X1D (RAMD32(x2)): 1 instance 
  RAM32M16 => RAM32M16 (RAMD32(x14), RAMS32(x2)): 155 instances
  RAM64M8 => RAM64M8 (RAMD64E(x8)): 37 instances

22 Infos, 103 Warnings, 0 Critical Warnings and 0 Errors encountered.
link_design completed successfully
link_design: Time (s): cpu = 00:00:47 ; elapsed = 00:00:37 . Memory (MB): peak = 3425.098 ; gain = 1806.258 ; free physical = 10581 ; free virtual = 145913
Command: opt_design
Attempting to get a license for feature 'Implementation' and/or device 'xczu3eg'
INFO: [Common 17-349] Got license for feature 'Implementation' and/or device 'xczu3eg'
Running DRC as a precondition to command opt_design

Starting DRC Task
INFO: [DRC 23-27] Running DRC with 8 threads
INFO: [Project 1-461] DRC finished with 0 Errors
INFO: [Project 1-462] Please refer to the DRC report (report_drc) for more information.

Time (s): cpu = 00:00:03 ; elapsed = 00:00:01 . Memory (MB): peak = 3425.098 ; gain = 0.000 ; free physical = 10568 ; free virtual = 145901

Starting Cache Timing Information Task
INFO: [Timing 38-35] Done setting XDC timing constraints.
Ending Cache Timing Information Task | Checksum: d0ebc8a1

Time (s): cpu = 00:00:10 ; elapsed = 00:00:03 . Memory (MB): peak = 3425.098 ; gain = 0.000 ; free physical = 10549 ; free virtual = 145886

Starting Logic Optimization Task

Phase 1 Initialization

Phase 1.1 Core Generation And Design Setup
Phase 1.1 Core Generation And Design Setup | Checksum: d0ebc8a1

Time (s): cpu = 00:00:00.02 ; elapsed = 00:00:00.03 . Memory (MB): peak = 3575.945 ; gain = 0.000 ; free physical = 10279 ; free virtual = 145619

Phase 1.2 Setup Constraints And Sort Netlist
Phase 1.2 Setup Constraints And Sort Netlist | Checksum: d0ebc8a1

Time (s): cpu = 00:00:00.05 ; elapsed = 00:00:00.06 . Memory (MB): peak = 3575.945 ; gain = 0.000 ; free physical = 10279 ; free virtual = 145619
Phase 1 Initialization | Checksum: d0ebc8a1

Time (s): cpu = 00:00:00.05 ; elapsed = 00:00:00.07 . Memory (MB): peak = 3575.945 ; gain = 0.000 ; free physical = 10278 ; free virtual = 145619

Phase 2 Timer Update And Timing Data Collection

Phase 2.1 Timer Update
Phase 2.1 Timer Update | Checksum: d0ebc8a1

Time (s): cpu = 00:00:05 ; elapsed = 00:00:01 . Memory (MB): peak = 3575.945 ; gain = 0.000 ; free physical = 10265 ; free virtual = 145607

Phase 2.2 Timing Data Collection
Phase 2.2 Timing Data Collection | Checksum: d0ebc8a1

Time (s): cpu = 00:00:05 ; elapsed = 00:00:01 . Memory (MB): peak = 3575.945 ; gain = 0.000 ; free physical = 10255 ; free virtual = 145598
Phase 2 Timer Update And Timing Data Collection | Checksum: d0ebc8a1

Time (s): cpu = 00:00:05 ; elapsed = 00:00:01 . Memory (MB): peak = 3575.945 ; gain = 0.000 ; free physical = 10255 ; free virtual = 145598

Phase 3 Retarget
INFO: [Opt 31-1566] Pulled 20 inverters resulting in an inversion of 918 pins
INFO: [Opt 31-138] Pushed 89 inverter(s) to 10799 load pin(s).
INFO: [Opt 31-49] Retargeted 0 cell(s).
Phase 3 Retarget | Checksum: 11c962b20

Time (s): cpu = 00:00:08 ; elapsed = 00:00:04 . Memory (MB): peak = 3575.945 ; gain = 0.000 ; free physical = 10250 ; free virtual = 145595
Retarget | Checksum: 11c962b20
INFO: [Opt 31-389] Phase Retarget created 125 cells and removed 509 cells
INFO: [Opt 31-1021] In phase Retarget, 60 netlist objects are constrained preventing optimization. Please run opt_design with -debug_log to get more detail. 

Phase 4 Constant propagation
INFO: [Opt 31-138] Pushed 2 inverter(s) to 7 load pin(s).
Phase 4 Constant propagation | Checksum: b48242b1

Time (s): cpu = 00:00:08 ; elapsed = 00:00:04 . Memory (MB): peak = 3575.945 ; gain = 0.000 ; free physical = 10259 ; free virtual = 145605
Constant propagation | Checksum: b48242b1
INFO: [Opt 31-389] Phase Constant propagation created 40 cells and removed 263 cells
INFO: [Opt 31-1021] In phase Constant propagation, 60 netlist objects are constrained preventing optimization. Please run opt_design with -debug_log to get more detail. 

Phase 5 Sweep
Phase 5 Sweep | Checksum: ec579382

Time (s): cpu = 00:00:11 ; elapsed = 00:00:07 . Memory (MB): peak = 3575.945 ; gain = 0.000 ; free physical = 10256 ; free virtual = 145605
Sweep | Checksum: ec579382
INFO: [Opt 31-389] Phase Sweep created 0 cells and removed 1183 cells
INFO: [Opt 31-1021] In phase Sweep, 77 netlist objects are constrained preventing optimization. Please run opt_design with -debug_log to get more detail. 

Phase 6 BUFG optimization
INFO: [Opt 31-1077] Phase BUFG optimization inserted 0 global clock buffer(s) for CLOCK_LOW_FANOUT.
Phase 6 BUFG optimization | Checksum: ec579382

Time (s): cpu = 00:00:13 ; elapsed = 00:00:08 . Memory (MB): peak = 3575.945 ; gain = 0.000 ; free physical = 10251 ; free virtual = 145601
BUFG optimization | Checksum: ec579382
INFO: [Opt 31-662] Phase BUFG optimization created 0 cells of which 0 are BUFGs and removed 0 cells.

Phase 7 Shift Register Optimization
WARNING: [Opt 31-1131] Can not pull register out from mem_bd_i/axi_interconnect_0/s00_couplers/auto_pc/inst/gen_axilite.gen_b2s_conv.axilite_b2s/RD.r_channel_0/rd_data_fifo_0/memory_reg[31][0]_srl32 due to none static srl address bits
WARNING: [Opt 31-1131] Can not pull register out from mem_bd_i/axi_interconnect_0/s00_couplers/auto_pc/inst/gen_axilite.gen_b2s_conv.axilite_b2s/RD.r_channel_0/rd_data_fifo_0/memory_reg[31][10]_srl32 due to none static srl address bits
WARNING: [Opt 31-1131] Can not pull register out from mem_bd_i/axi_interconnect_0/s00_couplers/auto_pc/inst/gen_axilite.gen_b2s_conv.axilite_b2s/RD.r_channel_0/rd_data_fifo_0/memory_reg[31][11]_srl32 due to none static srl address bits
WARNING: [Opt 31-1131] Can not pull register out from mem_bd_i/axi_interconnect_0/s00_couplers/auto_pc/inst/gen_axilite.gen_b2s_conv.axilite_b2s/RD.r_channel_0/rd_data_fifo_0/memory_reg[31][12]_srl32 due to none static srl address bits
WARNING: [Opt 31-1131] Can not pull register out from mem_bd_i/axi_interconnect_0/s00_couplers/auto_pc/inst/gen_axilite.gen_b2s_conv.axilite_b2s/RD.r_channel_0/rd_data_fifo_0/memory_reg[31][13]_srl32 due to none static srl address bits
WARNING: [Opt 31-1131] Can not pull register out from mem_bd_i/axi_interconnect_0/s00_couplers/auto_pc/inst/gen_axilite.gen_b2s_conv.axilite_b2s/RD.r_channel_0/rd_data_fifo_0/memory_reg[31][14]_srl32 due to none static srl address bits
WARNING: [Opt 31-1131] Can not pull register out from mem_bd_i/axi_interconnect_0/s00_couplers/auto_pc/inst/gen_axilite.gen_b2s_conv.axilite_b2s/RD.r_channel_0/rd_data_fifo_0/memory_reg[31][15]_srl32 due to none static srl address bits
WARNING: [Opt 31-1131] Can not pull register out from mem_bd_i/axi_interconnect_0/s00_couplers/auto_pc/inst/gen_axilite.gen_b2s_conv.axilite_b2s/RD.r_channel_0/rd_data_fifo_0/memory_reg[31][16]_srl32 due to none static srl address bits
WARNING: [Opt 31-1131] Can not pull register out from mem_bd_i/axi_interconnect_0/s00_couplers/auto_pc/inst/gen_axilite.gen_b2s_conv.axilite_b2s/RD.r_channel_0/rd_data_fifo_0/memory_reg[31][17]_srl32 due to none static srl address bits
WARNING: [Opt 31-1131] Can not pull register out from mem_bd_i/axi_interconnect_0/s00_couplers/auto_pc/inst/gen_axilite.gen_b2s_conv.axilite_b2s/RD.r_channel_0/rd_data_fifo_0/memory_reg[31][18]_srl32 due to none static srl address bits
WARNING: [Opt 31-1131] Can not pull register out from mem_bd_i/axi_interconnect_0/s00_couplers/auto_pc/inst/gen_axilite.gen_b2s_conv.axilite_b2s/RD.r_channel_0/rd_data_fifo_0/memory_reg[31][19]_srl32 due to none static srl address bits
WARNING: [Opt 31-1131] Can not pull register out from mem_bd_i/axi_interconnect_0/s00_couplers/auto_pc/inst/gen_axilite.gen_b2s_conv.axilite_b2s/RD.r_channel_0/rd_data_fifo_0/memory_reg[31][1]_srl32 due to none static srl address bits
WARNING: [Opt 31-1131] Can not pull register out from mem_bd_i/axi_interconnect_0/s00_couplers/auto_pc/inst/gen_axilite.gen_b2s_conv.axilite_b2s/RD.r_channel_0/rd_data_fifo_0/memory_reg[31][20]_srl32 due to none static srl address bits
WARNING: [Opt 31-1131] Can not pull register out from mem_bd_i/axi_interconnect_0/s00_couplers/auto_pc/inst/gen_axilite.gen_b2s_conv.axilite_b2s/RD.r_channel_0/rd_data_fifo_0/memory_reg[31][21]_srl32 due to none static srl address bits
WARNING: [Opt 31-1131] Can not pull register out from mem_bd_i/axi_interconnect_0/s00_couplers/auto_pc/inst/gen_axilite.gen_b2s_conv.axilite_b2s/RD.r_channel_0/rd_data_fifo_0/memory_reg[31][22]_srl32 due to none static srl address bits
WARNING: [Opt 31-1131] Can not pull register out from mem_bd_i/axi_interconnect_0/s00_couplers/auto_pc/inst/gen_axilite.gen_b2s_conv.axilite_b2s/RD.r_channel_0/rd_data_fifo_0/memory_reg[31][23]_srl32 due to none static srl address bits
WARNING: [Opt 31-1131] Can not pull register out from mem_bd_i/axi_interconnect_0/s00_couplers/auto_pc/inst/gen_axilite.gen_b2s_conv.axilite_b2s/RD.r_channel_0/rd_data_fifo_0/memory_reg[31][24]_srl32 due to none static srl address bits
WARNING: [Opt 31-1131] Can not pull register out from mem_bd_i/axi_interconnect_0/s00_couplers/auto_pc/inst/gen_axilite.gen_b2s_conv.axilite_b2s/RD.r_channel_0/rd_data_fifo_0/memory_reg[31][25]_srl32 due to none static srl address bits
WARNING: [Opt 31-1131] Can not pull register out from mem_bd_i/axi_interconnect_0/s00_couplers/auto_pc/inst/gen_axilite.gen_b2s_conv.axilite_b2s/RD.r_channel_0/rd_data_fifo_0/memory_reg[31][26]_srl32 due to none static srl address bits
WARNING: [Opt 31-1131] Can not pull register out from mem_bd_i/axi_interconnect_0/s00_couplers/auto_pc/inst/gen_axilite.gen_b2s_conv.axilite_b2s/RD.r_channel_0/rd_data_fifo_0/memory_reg[31][27]_srl32 due to none static srl address bits
WARNING: [Opt 31-1131] Can not pull register out from mem_bd_i/axi_interconnect_0/s00_couplers/auto_pc/inst/gen_axilite.gen_b2s_conv.axilite_b2s/RD.r_channel_0/rd_data_fifo_0/memory_reg[31][28]_srl32 due to none static srl address bits
WARNING: [Opt 31-1131] Can not pull register out from mem_bd_i/axi_interconnect_0/s00_couplers/auto_pc/inst/gen_axilite.gen_b2s_conv.axilite_b2s/RD.r_channel_0/rd_data_fifo_0/memory_reg[31][29]_srl32 due to none static srl address bits
WARNING: [Opt 31-1131] Can not pull register out from mem_bd_i/axi_interconnect_0/s00_couplers/auto_pc/inst/gen_axilite.gen_b2s_conv.axilite_b2s/RD.r_channel_0/rd_data_fifo_0/memory_reg[31][2]_srl32 due to none static srl address bits
WARNING: [Opt 31-1131] Can not pull register out from mem_bd_i/axi_interconnect_0/s00_couplers/auto_pc/inst/gen_axilite.gen_b2s_conv.axilite_b2s/RD.r_channel_0/rd_data_fifo_0/memory_reg[31][30]_srl32 due to none static srl address bits
WARNING: [Opt 31-1131] Can not pull register out from mem_bd_i/axi_interconnect_0/s00_couplers/auto_pc/inst/gen_axilite.gen_b2s_conv.axilite_b2s/RD.r_channel_0/rd_data_fifo_0/memory_reg[31][31]_srl32 due to none static srl address bits
WARNING: [Opt 31-1131] Can not pull register out from mem_bd_i/axi_interconnect_0/s00_couplers/auto_pc/inst/gen_axilite.gen_b2s_conv.axilite_b2s/RD.r_channel_0/rd_data_fifo_0/memory_reg[31][32]_srl32 due to none static srl address bits
WARNING: [Opt 31-1131] Can not pull register out from mem_bd_i/axi_interconnect_0/s00_couplers/auto_pc/inst/gen_axilite.gen_b2s_conv.axilite_b2s/RD.r_channel_0/rd_data_fifo_0/memory_reg[31][33]_srl32 due to none static srl address bits
WARNING: [Opt 31-1131] Can not pull register out from mem_bd_i/axi_interconnect_0/s00_couplers/auto_pc/inst/gen_axilite.gen_b2s_conv.axilite_b2s/RD.r_channel_0/rd_data_fifo_0/memory_reg[31][3]_srl32 due to none static srl address bits
WARNING: [Opt 31-1131] Can not pull register out from mem_bd_i/axi_interconnect_0/s00_couplers/auto_pc/inst/gen_axilite.gen_b2s_conv.axilite_b2s/RD.r_channel_0/rd_data_fifo_0/memory_reg[31][4]_srl32 due to none static srl address bits
WARNING: [Opt 31-1131] Can not pull register out from mem_bd_i/axi_interconnect_0/s00_couplers/auto_pc/inst/gen_axilite.gen_b2s_conv.axilite_b2s/RD.r_channel_0/rd_data_fifo_0/memory_reg[31][5]_srl32 due to none static srl address bits
WARNING: [Opt 31-1131] Can not pull register out from mem_bd_i/axi_interconnect_0/s00_couplers/auto_pc/inst/gen_axilite.gen_b2s_conv.axilite_b2s/RD.r_channel_0/rd_data_fifo_0/memory_reg[31][6]_srl32 due to none static srl address bits
WARNING: [Opt 31-1131] Can not pull register out from mem_bd_i/axi_interconnect_0/s00_couplers/auto_pc/inst/gen_axilite.gen_b2s_conv.axilite_b2s/RD.r_channel_0/rd_data_fifo_0/memory_reg[31][7]_srl32 due to none static srl address bits
WARNING: [Opt 31-1131] Can not pull register out from mem_bd_i/axi_interconnect_0/s00_couplers/auto_pc/inst/gen_axilite.gen_b2s_conv.axilite_b2s/RD.r_channel_0/rd_data_fifo_0/memory_reg[31][8]_srl32 due to none static srl address bits
WARNING: [Opt 31-1131] Can not pull register out from mem_bd_i/axi_interconnect_0/s00_couplers/auto_pc/inst/gen_axilite.gen_b2s_conv.axilite_b2s/RD.r_channel_0/rd_data_fifo_0/memory_reg[31][9]_srl32 due to none static srl address bits
WARNING: [Opt 31-1131] Can not pull register out from mem_bd_i/axi_interconnect_0/s00_couplers/auto_pc/inst/gen_axilite.gen_b2s_conv.axilite_b2s/RD.r_channel_0/transaction_fifo_0/memory_reg[31][0]_srl32 due to none static srl address bits
WARNING: [Opt 31-1131] Can not pull register out from mem_bd_i/axi_interconnect_0/s00_couplers/auto_pc/inst/gen_axilite.gen_b2s_conv.axilite_b2s/RD.r_channel_0/transaction_fifo_0/memory_reg[31][10]_srl32 due to none static srl address bits
WARNING: [Opt 31-1131] Can not pull register out from mem_bd_i/axi_interconnect_0/s00_couplers/auto_pc/inst/gen_axilite.gen_b2s_conv.axilite_b2s/RD.r_channel_0/transaction_fifo_0/memory_reg[31][11]_srl32 due to none static srl address bits
WARNING: [Opt 31-1131] Can not pull register out from mem_bd_i/axi_interconnect_0/s00_couplers/auto_pc/inst/gen_axilite.gen_b2s_conv.axilite_b2s/RD.r_channel_0/transaction_fifo_0/memory_reg[31][12]_srl32 due to none static srl address bits
WARNING: [Opt 31-1131] Can not pull register out from mem_bd_i/axi_interconnect_0/s00_couplers/auto_pc/inst/gen_axilite.gen_b2s_conv.axilite_b2s/RD.r_channel_0/transaction_fifo_0/memory_reg[31][13]_srl32 due to none static srl address bits
WARNING: [Opt 31-1131] Can not pull register out from mem_bd_i/axi_interconnect_0/s00_couplers/auto_pc/inst/gen_axilite.gen_b2s_conv.axilite_b2s/RD.r_channel_0/transaction_fifo_0/memory_reg[31][14]_srl32 due to none static srl address bits
WARNING: [Opt 31-1131] Can not pull register out from mem_bd_i/axi_interconnect_0/s00_couplers/auto_pc/inst/gen_axilite.gen_b2s_conv.axilite_b2s/RD.r_channel_0/transaction_fifo_0/memory_reg[31][15]_srl32 due to none static srl address bits
WARNING: [Opt 31-1131] Can not pull register out from mem_bd_i/axi_interconnect_0/s00_couplers/auto_pc/inst/gen_axilite.gen_b2s_conv.axilite_b2s/RD.r_channel_0/transaction_fifo_0/memory_reg[31][16]_srl32 due to none static srl address bits
WARNING: [Opt 31-1131] Can not pull register out from mem_bd_i/axi_interconnect_0/s00_couplers/auto_pc/inst/gen_axilite.gen_b2s_conv.axilite_b2s/RD.r_channel_0/transaction_fifo_0/memory_reg[31][1]_srl32 due to none static srl address bits
WARNING: [Opt 31-1131] Can not pull register out from mem_bd_i/axi_interconnect_0/s00_couplers/auto_pc/inst/gen_axilite.gen_b2s_conv.axilite_b2s/RD.r_channel_0/transaction_fifo_0/memory_reg[31][2]_srl32 due to none static srl address bits
WARNING: [Opt 31-1131] Can not pull register out from mem_bd_i/axi_interconnect_0/s00_couplers/auto_pc/inst/gen_axilite.gen_b2s_conv.axilite_b2s/RD.r_channel_0/transaction_fifo_0/memory_reg[31][3]_srl32 due to none static srl address bits
WARNING: [Opt 31-1131] Can not pull register out from mem_bd_i/axi_interconnect_0/s00_couplers/auto_pc/inst/gen_axilite.gen_b2s_conv.axilite_b2s/RD.r_channel_0/transaction_fifo_0/memory_reg[31][4]_srl32 due to none static srl address bits
WARNING: [Opt 31-1131] Can not pull register out from mem_bd_i/axi_interconnect_0/s00_couplers/auto_pc/inst/gen_axilite.gen_b2s_conv.axilite_b2s/RD.r_channel_0/transaction_fifo_0/memory_reg[31][5]_srl32 due to none static srl address bits
WARNING: [Opt 31-1131] Can not pull register out from mem_bd_i/axi_interconnect_0/s00_couplers/auto_pc/inst/gen_axilite.gen_b2s_conv.axilite_b2s/RD.r_channel_0/transaction_fifo_0/memory_reg[31][6]_srl32 due to none static srl address bits
WARNING: [Opt 31-1131] Can not pull register out from mem_bd_i/axi_interconnect_0/s00_couplers/auto_pc/inst/gen_axilite.gen_b2s_conv.axilite_b2s/RD.r_channel_0/transaction_fifo_0/memory_reg[31][7]_srl32 due to none static srl address bits
WARNING: [Opt 31-1131] Can not pull register out from mem_bd_i/axi_interconnect_0/s00_couplers/auto_pc/inst/gen_axilite.gen_b2s_conv.axilite_b2s/RD.r_channel_0/transaction_fifo_0/memory_reg[31][8]_srl32 due to none static srl address bits
WARNING: [Opt 31-1131] Can not pull register out from mem_bd_i/axi_interconnect_0/s00_couplers/auto_pc/inst/gen_axilite.gen_b2s_conv.axilite_b2s/RD.r_channel_0/transaction_fifo_0/memory_reg[31][9]_srl32 due to none static srl address bits
WARNING: [Opt 31-1131] Can not pull register out from mem_bd_i/axi_interconnect_0/s00_couplers/auto_pc/inst/gen_axilite.gen_b2s_conv.axilite_b2s/WR.b_channel_0/bid_fifo_0/memory_reg[3][0]_srl4 due to none static srl address bits
WARNING: [Opt 31-1131] Can not pull register out from mem_bd_i/axi_interconnect_0/s00_couplers/auto_pc/inst/gen_axilite.gen_b2s_conv.axilite_b2s/WR.b_channel_0/bid_fifo_0/memory_reg[3][10]_srl4 due to none static srl address bits
WARNING: [Opt 31-1131] Can not pull register out from mem_bd_i/axi_interconnect_0/s00_couplers/auto_pc/inst/gen_axilite.gen_b2s_conv.axilite_b2s/WR.b_channel_0/bid_fifo_0/memory_reg[3][11]_srl4 due to none static srl address bits
WARNING: [Opt 31-1131] Can not pull register out from mem_bd_i/axi_interconnect_0/s00_couplers/auto_pc/inst/gen_axilite.gen_b2s_conv.axilite_b2s/WR.b_channel_0/bid_fifo_0/memory_reg[3][12]_srl4 due to none static srl address bits
WARNING: [Opt 31-1131] Can not pull register out from mem_bd_i/axi_interconnect_0/s00_couplers/auto_pc/inst/gen_axilite.gen_b2s_conv.axilite_b2s/WR.b_channel_0/bid_fifo_0/memory_reg[3][13]_srl4 due to none static srl address bits
WARNING: [Opt 31-1131] Can not pull register out from mem_bd_i/axi_interconnect_0/s00_couplers/auto_pc/inst/gen_axilite.gen_b2s_conv.axilite_b2s/WR.b_channel_0/bid_fifo_0/memory_reg[3][14]_srl4 due to none static srl address bits
WARNING: [Opt 31-1131] Can not pull register out from mem_bd_i/axi_interconnect_0/s00_couplers/auto_pc/inst/gen_axilite.gen_b2s_conv.axilite_b2s/WR.b_channel_0/bid_fifo_0/memory_reg[3][15]_srl4 due to none static srl address bits
WARNING: [Opt 31-1131] Can not pull register out from mem_bd_i/axi_interconnect_0/s00_couplers/auto_pc/inst/gen_axilite.gen_b2s_conv.axilite_b2s/WR.b_channel_0/bid_fifo_0/memory_reg[3][16]_srl4 due to none static srl address bits
WARNING: [Opt 31-1131] Can not pull register out from mem_bd_i/axi_interconnect_0/s00_couplers/auto_pc/inst/gen_axilite.gen_b2s_conv.axilite_b2s/WR.b_channel_0/bid_fifo_0/memory_reg[3][17]_srl4 due to none static srl address bits
WARNING: [Opt 31-1131] Can not pull register out from mem_bd_i/axi_interconnect_0/s00_couplers/auto_pc/inst/gen_axilite.gen_b2s_conv.axilite_b2s/WR.b_channel_0/bid_fifo_0/memory_reg[3][18]_srl4 due to none static srl address bits
WARNING: [Opt 31-1131] Can not pull register out from mem_bd_i/axi_interconnect_0/s00_couplers/auto_pc/inst/gen_axilite.gen_b2s_conv.axilite_b2s/WR.b_channel_0/bid_fifo_0/memory_reg[3][19]_srl4 due to none static srl address bits
WARNING: [Opt 31-1131] Can not pull register out from mem_bd_i/axi_interconnect_0/s00_couplers/auto_pc/inst/gen_axilite.gen_b2s_conv.axilite_b2s/WR.b_channel_0/bid_fifo_0/memory_reg[3][1]_srl4 due to none static srl address bits
WARNING: [Opt 31-1131] Can not pull register out from mem_bd_i/axi_interconnect_0/s00_couplers/auto_pc/inst/gen_axilite.gen_b2s_conv.axilite_b2s/WR.b_channel_0/bid_fifo_0/memory_reg[3][20]_srl4 due to none static srl address bits
WARNING: [Opt 31-1131] Can not pull register out from mem_bd_i/axi_interconnect_0/s00_couplers/auto_pc/inst/gen_axilite.gen_b2s_conv.axilite_b2s/WR.b_channel_0/bid_fifo_0/memory_reg[3][21]_srl4 due to none static srl address bits
WARNING: [Opt 31-1131] Can not pull register out from mem_bd_i/axi_interconnect_0/s00_couplers/auto_pc/inst/gen_axilite.gen_b2s_conv.axilite_b2s/WR.b_channel_0/bid_fifo_0/memory_reg[3][22]_srl4 due to none static srl address bits
WARNING: [Opt 31-1131] Can not pull register out from mem_bd_i/axi_interconnect_0/s00_couplers/auto_pc/inst/gen_axilite.gen_b2s_conv.axilite_b2s/WR.b_channel_0/bid_fifo_0/memory_reg[3][23]_srl4 due to none static srl address bits
WARNING: [Opt 31-1131] Can not pull register out from mem_bd_i/axi_interconnect_0/s00_couplers/auto_pc/inst/gen_axilite.gen_b2s_conv.axilite_b2s/WR.b_channel_0/bid_fifo_0/memory_reg[3][2]_srl4 due to none static srl address bits
WARNING: [Opt 31-1131] Can not pull register out from mem_bd_i/axi_interconnect_0/s00_couplers/auto_pc/inst/gen_axilite.gen_b2s_conv.axilite_b2s/WR.b_channel_0/bid_fifo_0/memory_reg[3][3]_srl4 due to none static srl address bits
WARNING: [Opt 31-1131] Can not pull register out from mem_bd_i/axi_interconnect_0/s00_couplers/auto_pc/inst/gen_axilite.gen_b2s_conv.axilite_b2s/WR.b_channel_0/bid_fifo_0/memory_reg[3][4]_srl4 due to none static srl address bits
WARNING: [Opt 31-1131] Can not pull register out from mem_bd_i/axi_interconnect_0/s00_couplers/auto_pc/inst/gen_axilite.gen_b2s_conv.axilite_b2s/WR.b_channel_0/bid_fifo_0/memory_reg[3][5]_srl4 due to none static srl address bits
WARNING: [Opt 31-1131] Can not pull register out from mem_bd_i/axi_interconnect_0/s00_couplers/auto_pc/inst/gen_axilite.gen_b2s_conv.axilite_b2s/WR.b_channel_0/bid_fifo_0/memory_reg[3][6]_srl4 due to none static srl address bits
WARNING: [Opt 31-1131] Can not pull register out from mem_bd_i/axi_interconnect_0/s00_couplers/auto_pc/inst/gen_axilite.gen_b2s_conv.axilite_b2s/WR.b_channel_0/bid_fifo_0/memory_reg[3][7]_srl4 due to none static srl address bits
WARNING: [Opt 31-1131] Can not pull register out from mem_bd_i/axi_interconnect_0/s00_couplers/auto_pc/inst/gen_axilite.gen_b2s_conv.axilite_b2s/WR.b_channel_0/bid_fifo_0/memory_reg[3][8]_srl4 due to none static srl address bits
WARNING: [Opt 31-1131] Can not pull register out from mem_bd_i/axi_interconnect_0/s00_couplers/auto_pc/inst/gen_axilite.gen_b2s_conv.axilite_b2s/WR.b_channel_0/bid_fifo_0/memory_reg[3][9]_srl4 due to none static srl address bits
WARNING: [Opt 31-1131] Can not pull register out from mem_bd_i/axi_interconnect_0/s00_couplers/auto_pc/inst/gen_axilite.gen_b2s_conv.axilite_b2s/WR.b_channel_0/bresp_fifo_0/memory_reg[3][0]_srl4 due to none static srl address bits
WARNING: [Opt 31-1131] Can not pull register out from mem_bd_i/axi_interconnect_0/s00_couplers/auto_pc/inst/gen_axilite.gen_b2s_conv.axilite_b2s/WR.b_channel_0/bresp_fifo_0/memory_reg[3][1]_srl4 due to none static srl address bits
WARNING: [Opt 31-1131] Can not pull register out from mem_bd_i/axi_smc/inst/m00_exit_pipeline/m00_exit/inst/exit_inst/gen_r_cmd_fifo.r_cmd_fifo/gen_srls[10].srl_nx1/shift_reg_reg[0]_srl16 due to none static srl address bits
WARNING: [Opt 31-1131] Can not pull register out from mem_bd_i/axi_smc/inst/m00_exit_pipeline/m00_exit/inst/exit_inst/gen_r_cmd_fifo.r_cmd_fifo/gen_srls[11].srl_nx1/shift_reg_reg[0]_srl16 due to none static srl address bits
WARNING: [Opt 31-1131] Can not pull register out from mem_bd_i/axi_smc/inst/m00_exit_pipeline/m00_exit/inst/exit_inst/gen_r_cmd_fifo.r_cmd_fifo/gen_srls[12].srl_nx1/shift_reg_reg[0]_srl16 due to none static srl address bits
WARNING: [Opt 31-1131] Can not pull register out from mem_bd_i/axi_smc/inst/m00_exit_pipeline/m00_exit/inst/exit_inst/gen_r_cmd_fifo.r_cmd_fifo/gen_srls[13].srl_nx1/shift_reg_reg[0]_srl16 due to none static srl address bits
WARNING: [Opt 31-1131] Can not pull register out from mem_bd_i/axi_smc/inst/m00_exit_pipeline/m00_exit/inst/exit_inst/gen_r_cmd_fifo.r_cmd_fifo/gen_srls[14].srl_nx1/shift_reg_reg[0]_srl16 due to none static srl address bits
WARNING: [Opt 31-1131] Can not pull register out from mem_bd_i/axi_smc/inst/m00_exit_pipeline/m00_exit/inst/exit_inst/gen_r_cmd_fifo.r_cmd_fifo/gen_srls[15].srl_nx1/shift_reg_reg[0]_srl16 due to none static srl address bits
WARNING: [Opt 31-1131] Can not pull register out from mem_bd_i/axi_smc/inst/m00_exit_pipeline/m00_exit/inst/exit_inst/gen_r_cmd_fifo.r_cmd_fifo/gen_srls[16].srl_nx1/shift_reg_reg[0]_srl16 due to none static srl address bits
WARNING: [Opt 31-1131] Can not pull register out from mem_bd_i/axi_smc/inst/m00_exit_pipeline/m00_exit/inst/exit_inst/gen_r_cmd_fifo.r_cmd_fifo/gen_srls[1].srl_nx1/shift_reg_reg[0]_srl16 due to none static srl address bits
WARNING: [Opt 31-1131] Can not pull register out from mem_bd_i/axi_smc/inst/m00_exit_pipeline/m00_exit/inst/exit_inst/gen_r_cmd_fifo.r_cmd_fifo/gen_srls[2].srl_nx1/shift_reg_reg[0]_srl16 due to none static srl address bits
WARNING: [Opt 31-1131] Can not pull register out from mem_bd_i/axi_smc/inst/m00_exit_pipeline/m00_exit/inst/exit_inst/gen_r_cmd_fifo.r_cmd_fifo/gen_srls[3].srl_nx1/shift_reg_reg[0]_srl16 due to none static srl address bits
WARNING: [Opt 31-1131] Can not pull register out from mem_bd_i/axi_smc/inst/m00_exit_pipeline/m00_exit/inst/exit_inst/gen_r_cmd_fifo.r_cmd_fifo/gen_srls[4].srl_nx1/shift_reg_reg[0]_srl16 due to none static srl address bits
WARNING: [Opt 31-1131] Can not pull register out from mem_bd_i/axi_smc/inst/m00_exit_pipeline/m00_exit/inst/exit_inst/gen_r_cmd_fifo.r_cmd_fifo/gen_srls[5].srl_nx1/shift_reg_reg[0]_srl16 due to none static srl address bits
WARNING: [Opt 31-1131] Can not pull register out from mem_bd_i/axi_smc/inst/m00_exit_pipeline/m00_exit/inst/exit_inst/gen_r_cmd_fifo.r_cmd_fifo/gen_srls[6].srl_nx1/shift_reg_reg[0]_srl16 due to none static srl address bits
WARNING: [Opt 31-1131] Can not pull register out from mem_bd_i/axi_smc/inst/m00_exit_pipeline/m00_exit/inst/exit_inst/gen_r_cmd_fifo.r_cmd_fifo/gen_srls[7].srl_nx1/shift_reg_reg[0]_srl16 due to none static srl address bits
WARNING: [Opt 31-1131] Can not pull register out from mem_bd_i/axi_smc/inst/m00_exit_pipeline/m00_exit/inst/exit_inst/gen_r_cmd_fifo.r_cmd_fifo/gen_srls[8].srl_nx1/shift_reg_reg[0]_srl16 due to none static srl address bits
WARNING: [Opt 31-1131] Can not pull register out from mem_bd_i/axi_smc/inst/m00_exit_pipeline/m00_exit/inst/exit_inst/gen_r_cmd_fifo.r_cmd_fifo/gen_srls[9].srl_nx1/shift_reg_reg[0]_srl16 due to none static srl address bits
WARNING: [Opt 31-1131] Can not pull register out from mem_bd_i/axi_smc/inst/m00_exit_pipeline/m00_exit/inst/exit_inst/gen_w_cmd_fifo.w_cmd_fifo/gen_srls[1].srl_nx1/shift_reg_reg[0]_srl16 due to none static srl address bits
WARNING: [Opt 31-1131] Can not pull register out from mem_bd_i/axi_smc/inst/m00_exit_pipeline/m00_exit/inst/exit_inst/gen_w_cmd_fifo.w_cmd_fifo/gen_srls[2].srl_nx1/shift_reg_reg[0]_srl16 due to none static srl address bits
WARNING: [Opt 31-1131] Can not pull register out from mem_bd_i/axi_smc/inst/m00_nodes/m00_aw_node/inst/inst_si_handler/gen_m_axis_arb_fifo.inst_axis_arb_fifo/gen_srls[1].srl_nx1/shift_reg_reg[0]_srl16 due to none static srl address bits
WARNING: [Opt 31-1131] Can not pull register out from mem_bd_i/axi_smc/inst/s01_entry_pipeline/s01_si_converter/inst/gen_normal.splitter_inst/gen_no_wsplitter.gen_endpoint_woffset.gen_wbypass_offset_fifo.wbypass_offset_fifo/gen_srls[0].srl_nx1/shift_reg_reg[0]_srl16 due to none static srl address bits
WARNING: [Opt 31-1131] Can not pull register out from mem_bd_i/axi_smc/inst/s01_entry_pipeline/s01_si_converter/inst/gen_normal.splitter_inst/gen_no_wsplitter.gen_endpoint_woffset.gen_wbypass_offset_fifo.wbypass_offset_fifo/gen_srls[10].srl_nx1/shift_reg_reg[0]_srl16 due to none static srl address bits
WARNING: [Opt 31-1131] Can not pull register out from mem_bd_i/axi_smc/inst/s01_entry_pipeline/s01_si_converter/inst/gen_normal.splitter_inst/gen_no_wsplitter.gen_endpoint_woffset.gen_wbypass_offset_fifo.wbypass_offset_fifo/gen_srls[11].srl_nx1/shift_reg_reg[0]_srl16 due to none static srl address bits
WARNING: [Opt 31-1131] Can not pull register out from mem_bd_i/axi_smc/inst/s01_entry_pipeline/s01_si_converter/inst/gen_normal.splitter_inst/gen_no_wsplitter.gen_endpoint_woffset.gen_wbypass_offset_fifo.wbypass_offset_fifo/gen_srls[12].srl_nx1/shift_reg_reg[0]_srl16 due to none static srl address bits
INFO: [Common 17-14] Message 'Opt 31-1131' appears 100 times and further instances of the messages will be disabled. Use the Tcl command set_msg_config to change the current settings.
INFO: [Opt 31-1064] SRL Remap converted 0 SRLs to 0 registers and converted 0 registers of register chains to 0 SRLs
Phase 7 Shift Register Optimization | Checksum: ec579382

Time (s): cpu = 00:00:13 ; elapsed = 00:00:08 . Memory (MB): peak = 3575.945 ; gain = 0.000 ; free physical = 10250 ; free virtual = 145601
Shift Register Optimization | Checksum: ec579382
INFO: [Opt 31-389] Phase Shift Register Optimization created 0 cells and removed 0 cells

Phase 8 Post Processing Netlist
Phase 8 Post Processing Netlist | Checksum: d9525412

Time (s): cpu = 00:00:13 ; elapsed = 00:00:08 . Memory (MB): peak = 3575.945 ; gain = 0.000 ; free physical = 10250 ; free virtual = 145601
Post Processing Netlist | Checksum: d9525412
INFO: [Opt 31-389] Phase Post Processing Netlist created 0 cells and removed 0 cells
INFO: [Opt 31-1021] In phase Post Processing Netlist, 60 netlist objects are constrained preventing optimization. Please run opt_design with -debug_log to get more detail. 

Phase 9 Finalization

Phase 9.1 Finalizing Design Cores and Updating Shapes
Phase 9.1 Finalizing Design Cores and Updating Shapes | Checksum: d17864a2

Time (s): cpu = 00:00:14 ; elapsed = 00:00:09 . Memory (MB): peak = 3575.945 ; gain = 0.000 ; free physical = 10248 ; free virtual = 145600

Phase 9.2 Verifying Netlist Connectivity

Starting Connectivity Check Task

Time (s): cpu = 00:00:00.17 ; elapsed = 00:00:00.17 . Memory (MB): peak = 3575.945 ; gain = 0.000 ; free physical = 10248 ; free virtual = 145600
Phase 9.2 Verifying Netlist Connectivity | Checksum: d17864a2

Time (s): cpu = 00:00:14 ; elapsed = 00:00:09 . Memory (MB): peak = 3575.945 ; gain = 0.000 ; free physical = 10248 ; free virtual = 145600
Phase 9 Finalization | Checksum: d17864a2

Time (s): cpu = 00:00:14 ; elapsed = 00:00:09 . Memory (MB): peak = 3575.945 ; gain = 0.000 ; free physical = 10248 ; free virtual = 145600
Opt_design Change Summary
=========================


-------------------------------------------------------------------------------------------------------------------------
|  Phase                        |  #Cells created  |  #Cells Removed  |  #Constrained objects preventing optimizations  |
-------------------------------------------------------------------------------------------------------------------------
|  Retarget                     |             125  |             509  |                                             60  |
|  Constant propagation         |              40  |             263  |                                             60  |
|  Sweep                        |               0  |            1183  |                                             77  |
|  BUFG optimization            |               0  |               0  |                                              0  |
|  Shift Register Optimization  |               0  |               0  |                                              0  |
|  Post Processing Netlist      |               0  |               0  |                                             60  |
-------------------------------------------------------------------------------------------------------------------------


Ending Logic Optimization Task | Checksum: d17864a2

Time (s): cpu = 00:00:14 ; elapsed = 00:00:09 . Memory (MB): peak = 3575.945 ; gain = 0.000 ; free physical = 10248 ; free virtual = 145600
INFO: [Constraints 18-11670] Building netlist checker database with flags, 0x8
Done building netlist checker database: Time (s): cpu = 00:00:00.03 ; elapsed = 00:00:00.03 . Memory (MB): peak = 3575.945 ; gain = 0.000 ; free physical = 10248 ; free virtual = 145601

Starting Power Optimization Task
INFO: [Pwropt 34-132] Skipping clock gating for clocks with a period < 2.00 ns.
INFO: [Timing 38-35] Done setting XDC timing constraints.
INFO: [Pwropt 34-9] Applying IDT optimizations ...
INFO: [Pwropt 34-10] Applying ODC optimizations ...
Running Vector-less Activity Propagation...

Finished Running Vector-less Activity Propagation


Starting PowerOpt Patch Enables Task
INFO: [Pwropt 34-162] WRITE_MODE attribute of 2 BRAM(s) out of a total of 84 has been updated to save power. Run report_power_opt to get a complete listing of the BRAMs updated.
INFO: [Pwropt 34-201] Structural ODC has moved 4 WE to EN ports
Number of BRAM Ports augmented: 1 newly gated: 6 Total Ports: 168
Ending PowerOpt Patch Enables Task | Checksum: 13f7f37c8

Time (s): cpu = 00:00:00.78 ; elapsed = 00:00:00.76 . Memory (MB): peak = 4518.078 ; gain = 0.000 ; free physical = 9409 ; free virtual = 144790
Ending Power Optimization Task | Checksum: 13f7f37c8

Time (s): cpu = 00:00:44 ; elapsed = 00:00:19 . Memory (MB): peak = 4518.078 ; gain = 942.133 ; free physical = 9409 ; free virtual = 144790

Starting Final Cleanup Task
Ending Final Cleanup Task | Checksum: 13f7f37c8

Time (s): cpu = 00:00:00 ; elapsed = 00:00:00 . Memory (MB): peak = 4518.078 ; gain = 0.000 ; free physical = 9409 ; free virtual = 144790

Starting Netlist Obfuscation Task
Netlist sorting complete. Time (s): cpu = 00:00:00.02 ; elapsed = 00:00:00.02 . Memory (MB): peak = 4518.078 ; gain = 0.000 ; free physical = 9409 ; free virtual = 144789
Ending Netlist Obfuscation Task | Checksum: 16c7c36a5

Time (s): cpu = 00:00:00.02 ; elapsed = 00:00:00.03 . Memory (MB): peak = 4518.078 ; gain = 0.000 ; free physical = 9409 ; free virtual = 144789
INFO: [Common 17-83] Releasing license: Implementation
52 Infos, 203 Warnings, 0 Critical Warnings and 0 Errors encountered.
opt_design completed successfully
opt_design: Time (s): cpu = 00:01:14 ; elapsed = 00:00:35 . Memory (MB): peak = 4518.078 ; gain = 1092.980 ; free physical = 9409 ; free virtual = 144789
INFO: [runtcl-4] Executing : report_drc -file mem_bd_wrapper_drc_opted.rpt -pb mem_bd_wrapper_drc_opted.pb -rpx mem_bd_wrapper_drc_opted.rpx
Command: report_drc -file mem_bd_wrapper_drc_opted.rpt -pb mem_bd_wrapper_drc_opted.pb -rpx mem_bd_wrapper_drc_opted.rpx
INFO: [IP_Flow 19-1839] IP Catalog is up to date.
INFO: [DRC 23-27] Running DRC with 8 threads
INFO: [Vivado_Tcl 2-168] The results of DRC are in file /home/mss464/minitpu/tpu/ultra96-v2/output/mem_system/mem_system.runs/impl_1/mem_bd_wrapper_drc_opted.rpt.
report_drc completed successfully
INFO: [Timing 38-480] Writing timing data to binary archive.
Write ShapeDB Complete: Time (s): cpu = 00:00:00.47 ; elapsed = 00:00:00.13 . Memory (MB): peak = 4550.094 ; gain = 0.000 ; free physical = 9391 ; free virtual = 144782
INFO: [Common 17-1381] The checkpoint '/home/mss464/minitpu/tpu/ultra96-v2/output/mem_system/mem_system.runs/impl_1/mem_bd_wrapper_opt.dcp' has been generated.
write_checkpoint: Time (s): cpu = 00:00:10 ; elapsed = 00:00:07 . Memory (MB): peak = 4550.094 ; gain = 0.000 ; free physical = 9433 ; free virtual = 144842
Command: place_design
Attempting to get a license for feature 'Implementation' and/or device 'xczu3eg'
INFO: [Common 17-349] Got license for feature 'Implementation' and/or device 'xczu3eg'
INFO: [Common 17-83] Releasing license: Implementation
INFO: [DRC 23-27] Running DRC with 8 threads
INFO: [Vivado_Tcl 4-198] DRC finished with 0 Errors
INFO: [Vivado_Tcl 4-199] Please refer to the DRC report (report_drc) for more information.
Running DRC as a precondition to command place_design
INFO: [DRC 23-27] Running DRC with 8 threads
INFO: [Vivado_Tcl 4-198] DRC finished with 0 Errors
INFO: [Vivado_Tcl 4-199] Please refer to the DRC report (report_drc) for more information.
INFO: [Place 30-611] Multithreading enabled for place_design using a maximum of 8 CPUs

Starting Placer Task

Phase 1 Placer Initialization

Phase 1.1 Placer Initialization Netlist Sorting
Netlist sorting complete. Time (s): cpu = 00:00:00 ; elapsed = 00:00:00.01 . Memory (MB): peak = 4558.098 ; gain = 0.000 ; free physical = 9405 ; free virtual = 144815
Phase 1.1 Placer Initialization Netlist Sorting | Checksum: 7e9465f2

Time (s): cpu = 00:00:00.04 ; elapsed = 00:00:00.05 . Memory (MB): peak = 4558.098 ; gain = 0.000 ; free physical = 9405 ; free virtual = 144815
Netlist sorting complete. Time (s): cpu = 00:00:00.01 ; elapsed = 00:00:00.01 . Memory (MB): peak = 4558.098 ; gain = 0.000 ; free physical = 9404 ; free virtual = 144815

Phase 1.2 IO Placement/ Clock Placement/ Build Placer Device
INFO: [Timing 38-35] Done setting XDC timing constraints.
Phase 1.2 IO Placement/ Clock Placement/ Build Placer Device | Checksum: 132c02b66

Time (s): cpu = 00:00:30 ; elapsed = 00:00:22 . Memory (MB): peak = 4885.598 ; gain = 327.500 ; free physical = 8978 ; free virtual = 144422

Phase 1.3 Build Placer Netlist Model
Phase 1.3 Build Placer Netlist Model | Checksum: 1bc62ec91

Time (s): cpu = 00:00:59 ; elapsed = 00:00:35 . Memory (MB): peak = 4917.613 ; gain = 359.516 ; free physical = 8901 ; free virtual = 144366

Phase 1.4 Constrain Clocks/Macros
Phase 1.4 Constrain Clocks/Macros | Checksum: 1bc62ec91

Time (s): cpu = 00:01:00 ; elapsed = 00:00:36 . Memory (MB): peak = 4917.613 ; gain = 359.516 ; free physical = 8900 ; free virtual = 144365
Phase 1 Placer Initialization | Checksum: 1bc62ec91

Time (s): cpu = 00:01:00 ; elapsed = 00:00:36 . Memory (MB): peak = 4917.613 ; gain = 359.516 ; free physical = 8900 ; free virtual = 144366

Phase 2 Global Placement

Phase 2.1 Floorplanning

Phase 2.1.1 Partition Driven Placement

Phase 2.1.1.1 PBP: Partition Driven Placement
Phase 2.1.1.1 PBP: Partition Driven Placement | Checksum: 192dba8dd

Time (s): cpu = 00:02:11 ; elapsed = 00:01:02 . Memory (MB): peak = 4917.613 ; gain = 359.516 ; free physical = 8923 ; free virtual = 144430

Phase 2.1.1.2 PBP: Clock Region Placement
INFO: [Place 30-3162] Check ILP status : ILP-based clock placer completed successfully.
Phase 2.1.1.2 PBP: Clock Region Placement | Checksum: 192dba8dd

Time (s): cpu = 00:02:12 ; elapsed = 00:01:03 . Memory (MB): peak = 4917.613 ; gain = 359.516 ; free physical = 8920 ; free virtual = 144429

Phase 2.1.1.3 PBP: Compute Congestion
Phase 2.1.1.3 PBP: Compute Congestion | Checksum: 192dba8dd

Time (s): cpu = 00:02:28 ; elapsed = 00:01:07 . Memory (MB): peak = 5327.598 ; gain = 769.500 ; free physical = 8572 ; free virtual = 144084

Phase 2.1.1.4 PBP: UpdateTiming
Phase 2.1.1.4 PBP: UpdateTiming | Checksum: 137573b74

Time (s): cpu = 00:02:34 ; elapsed = 00:01:09 . Memory (MB): peak = 5359.613 ; gain = 801.516 ; free physical = 8553 ; free virtual = 144069

Phase 2.1.1.5 PBP: Add part constraints
Phase 2.1.1.5 PBP: Add part constraints | Checksum: 137573b74

Time (s): cpu = 00:02:35 ; elapsed = 00:01:10 . Memory (MB): peak = 5359.613 ; gain = 801.516 ; free physical = 8547 ; free virtual = 144063
Phase 2.1.1 Partition Driven Placement | Checksum: 137573b74

Time (s): cpu = 00:02:35 ; elapsed = 00:01:10 . Memory (MB): peak = 5359.613 ; gain = 801.516 ; free physical = 8547 ; free virtual = 144063
Phase 2.1 Floorplanning | Checksum: 1fbe8e398

Time (s): cpu = 00:02:35 ; elapsed = 00:01:10 . Memory (MB): peak = 5359.613 ; gain = 801.516 ; free physical = 8542 ; free virtual = 144058

Phase 2.2 Update Timing before SLR Path Opt
Phase 2.2 Update Timing before SLR Path Opt | Checksum: 1fbe8e398

Time (s): cpu = 00:02:35 ; elapsed = 00:01:10 . Memory (MB): peak = 5359.613 ; gain = 801.516 ; free physical = 8542 ; free virtual = 144058

Phase 2.3 Post-Processing in Floorplanning
Phase 2.3 Post-Processing in Floorplanning | Checksum: 1fbe8e398

Time (s): cpu = 00:02:35 ; elapsed = 00:01:10 . Memory (MB): peak = 5359.613 ; gain = 801.516 ; free physical = 8541 ; free virtual = 144058

Phase 2.4 Global Placement Core

Phase 2.4.1 UpdateTiming Before Physical Synthesis
Phase 2.4.1 UpdateTiming Before Physical Synthesis | Checksum: 15bdd85bf

Time (s): cpu = 00:05:58 ; elapsed = 00:02:19 . Memory (MB): peak = 5467.613 ; gain = 909.516 ; free physical = 8236 ; free virtual = 143856

Phase 2.4.2 Physical Synthesis In Placer
INFO: [Physopt 32-1035] Found 2838 LUTNM shape to break, 1283 LUT instances to create LUTNM shape
INFO: [Physopt 32-1044] Break lutnm for timing: one critical 249, two critical 2589, total 1092, new lutff created 0
INFO: [Physopt 32-1138] End 1 Pass. Optimized 1583 nets or LUTs. Breaked 1092 LUTs, combined 491 existing LUTs and moved 0 existing LUT
INFO: [Physopt 32-1030] Pass 1. Identified 28 candidate driver sets for equivalent driver rewiring.
INFO: [Physopt 32-661] Optimized 20 nets.  Re-placed 123 instances.
INFO: [Physopt 32-775] End 1 Pass. Optimized 20 nets or cells. Created 133 new cells, deleted 212 existing cells and moved 123 existing cells
Netlist sorting complete. Time (s): cpu = 00:00:00.09 ; elapsed = 00:00:00.09 . Memory (MB): peak = 5467.613 ; gain = 0.000 ; free physical = 8321 ; free virtual = 143947
INFO: [Physopt 32-65] No nets found for high-fanout optimization.
INFO: [Physopt 32-232] Optimized 0 net. Created 0 new instance.
INFO: [Physopt 32-775] End 1 Pass. Optimized 0 net or cell. Created 0 new cell, deleted 0 existing cell and moved 0 existing cell
INFO: [Physopt 32-456] No candidate cells for DSP register optimization found in the design.
INFO: [Physopt 32-775] End 2 Pass. Optimized 0 net or cell. Created 0 new cell, deleted 0 existing cell and moved 0 existing cell
INFO: [Physopt 32-1123] No candidate cells found for Shift Register to Pipeline optimization
INFO: [Physopt 32-775] End 2 Pass. Optimized 0 net or cell. Created 0 new cell, deleted 0 existing cell and moved 0 existing cell
INFO: [Physopt 32-1401] No candidate cells found for Shift Register optimization.
INFO: [Physopt 32-677] No candidate cells for Shift Register optimization found in the design
INFO: [Physopt 32-775] End 1 Pass. Optimized 0 net or cell. Created 0 new cell, deleted 0 existing cell and moved 0 existing cell
INFO: [Physopt 32-526] No candidate cells for BRAM register optimization found in the design
INFO: [Physopt 32-775] End 1 Pass. Optimized 0 net or cell. Created 0 new cell, deleted 0 existing cell and moved 0 existing cell
INFO: [Physopt 32-846] No candidate cells for URAM register optimization found in the design
INFO: [Physopt 32-775] End 1 Pass. Optimized 0 net or cell. Created 0 new cell, deleted 0 existing cell and moved 0 existing cell
INFO: [Physopt 32-846] No candidate cells for URAM register optimization found in the design
INFO: [Physopt 32-775] End 1 Pass. Optimized 0 net or cell. Created 0 new cell, deleted 0 existing cell and moved 0 existing cell
INFO: [Physopt 32-949] No candidate nets found for dynamic/static region interface net replication
INFO: [Physopt 32-775] End 1 Pass. Optimized 0 net or cell. Created 0 new cell, deleted 0 existing cell and moved 0 existing cell
Netlist sorting complete. Time (s): cpu = 00:00:00.01 ; elapsed = 00:00:00.01 . Memory (MB): peak = 5467.613 ; gain = 0.000 ; free physical = 8309 ; free virtual = 143937

Summary of Physical Synthesis Optimizations
============================================


-----------------------------------------------------------------------------------------------------------------------------------------------------------
|  Optimization                                     |  Added Cells  |  Removed Cells  |  Optimized Cells/Nets  |  Dont Touch  |  Iterations  |  Elapsed   |
-----------------------------------------------------------------------------------------------------------------------------------------------------------
|  LUT Combining                                    |         1092  |            491  |                  1583  |           0  |           1  |  00:00:03  |
|  Retime                                           |            0  |              0  |                     0  |           0  |           1  |  00:00:00  |
|  Equivalent Driver Rewiring                       |          133  |            212  |                    20  |           0  |           1  |  00:00:02  |
|  Very High Fanout                                 |            0  |              0  |                     0  |           0  |           1  |  00:00:01  |
|  DSP Register                                     |            0  |              0  |                     0  |           0  |           1  |  00:00:00  |
|  Shift Register to Pipeline                       |            0  |              0  |                     0  |           0  |           1  |  00:00:00  |
|  Shift Register                                   |            0  |              0  |                     0  |           0  |           1  |  00:00:00  |
|  BRAM Register                                    |            0  |              0  |                     0  |           0  |           1  |  00:00:00  |
|  URAM Register                                    |            0  |              0  |                     0  |           0  |           1  |  00:00:00  |
|  Dynamic/Static Region Interface Net Replication  |            0  |              0  |                     0  |           0  |           1  |  00:00:00  |
|  Total                                            |         1225  |            703  |                  1603  |           0  |          10  |  00:00:06  |
-----------------------------------------------------------------------------------------------------------------------------------------------------------


Phase 2.4.2 Physical Synthesis In Placer | Checksum: 1626ce120

Time (s): cpu = 00:06:12 ; elapsed = 00:02:30 . Memory (MB): peak = 5467.613 ; gain = 909.516 ; free physical = 8295 ; free virtual = 143928
Phase 2.4 Global Placement Core | Checksum: f1eb3513

Time (s): cpu = 00:06:33 ; elapsed = 00:02:36 . Memory (MB): peak = 5467.613 ; gain = 909.516 ; free physical = 8290 ; free virtual = 143930
Phase 2 Global Placement | Checksum: f1eb3513

Time (s): cpu = 00:06:34 ; elapsed = 00:02:36 . Memory (MB): peak = 5467.613 ; gain = 909.516 ; free physical = 8289 ; free virtual = 143929

Phase 3 Detail Placement

Phase 3.1 Commit Multi Column Macros
Phase 3.1 Commit Multi Column Macros | Checksum: 14c1304ae

Time (s): cpu = 00:06:56 ; elapsed = 00:02:42 . Memory (MB): peak = 5467.613 ; gain = 909.516 ; free physical = 8328 ; free virtual = 143976

Phase 3.2 Commit Most Macros & LUTRAMs
Phase 3.2 Commit Most Macros & LUTRAMs | Checksum: 16601dc4c

Time (s): cpu = 00:07:06 ; elapsed = 00:02:47 . Memory (MB): peak = 5467.613 ; gain = 909.516 ; free physical = 8313 ; free virtual = 143967

Phase 3.3 Small Shape DP

Phase 3.3.1 Small Shape Clustering
Phase 3.3.1 Small Shape Clustering | Checksum: 17dd207b8

Time (s): cpu = 00:08:18 ; elapsed = 00:03:06 . Memory (MB): peak = 5467.613 ; gain = 909.516 ; free physical = 8253 ; free virtual = 143933

Phase 3.3.2 Slice Area Swap

Phase 3.3.2.1 Slice Area Swap Initial
Phase 3.3.2.1 Slice Area Swap Initial | Checksum: 11315582b

Time (s): cpu = 00:08:27 ; elapsed = 00:03:13 . Memory (MB): peak = 5467.613 ; gain = 909.516 ; free physical = 8259 ; free virtual = 143949
Phase 3.3.2 Slice Area Swap | Checksum: 11315582b

Time (s): cpu = 00:08:28 ; elapsed = 00:03:14 . Memory (MB): peak = 5467.613 ; gain = 909.516 ; free physical = 8257 ; free virtual = 143948
Phase 3.3 Small Shape DP | Checksum: 1a956b8a3

Time (s): cpu = 00:08:47 ; elapsed = 00:03:20 . Memory (MB): peak = 5467.613 ; gain = 909.516 ; free physical = 8256 ; free virtual = 143954

Phase 3.4 Re-assign LUT pins
Phase 3.4 Re-assign LUT pins | Checksum: 178765cf7

Time (s): cpu = 00:08:51 ; elapsed = 00:03:24 . Memory (MB): peak = 5467.613 ; gain = 909.516 ; free physical = 8252 ; free virtual = 143956

Phase 3.5 Pipeline Register Optimization
Phase 3.5 Pipeline Register Optimization | Checksum: 119990a12

Time (s): cpu = 00:08:52 ; elapsed = 00:03:24 . Memory (MB): peak = 5467.613 ; gain = 909.516 ; free physical = 8250 ; free virtual = 143955

Phase 3.6 Fast Optimization
Phase 3.6 Fast Optimization | Checksum: 1d64da55c

Time (s): cpu = 00:09:41 ; elapsed = 00:03:43 . Memory (MB): peak = 5467.613 ; gain = 909.516 ; free physical = 8242 ; free virtual = 143970
Phase 3 Detail Placement | Checksum: 1d64da55c

Time (s): cpu = 00:09:42 ; elapsed = 00:03:43 . Memory (MB): peak = 5467.613 ; gain = 909.516 ; free physical = 8240 ; free virtual = 143969

Phase 4 Post Placement Optimization and Clean-Up

Phase 4.1 Post Commit Optimization
INFO: [Timing 38-35] Done setting XDC timing constraints.

Phase 4.1.1 Post Placement Optimization
Post Placement Optimization Initialization | Checksum: ce8d1ef5

Phase 4.1.1.1 BUFG Insertion

Starting Physical Synthesis Task

Phase 1 Physical Synthesis Initialization
INFO: [Physopt 32-721] Multithreading enabled for phys_opt_design using a maximum of 8 CPUs
INFO: [Physopt 32-619] Estimated Timing Summary | WNS=0.034 | TNS=0.000 |
Phase 1 Physical Synthesis Initialization | Checksum: 11b149e30

Time (s): cpu = 00:00:05 ; elapsed = 00:00:01 . Memory (MB): peak = 5467.613 ; gain = 0.000 ; free physical = 8192 ; free virtual = 143944
INFO: [Place 46-35] Processed net mem_bd_i/axi_dma_0/U0/I_PRMRY_DATAMOVER/GEN_S2MM_FULL.I_S2MM_FULL_WRAPPER/I_RESET/sig_cmd_stat_rst_user_reg_n_cdc_from, inserted BUFG to drive 1097 loads.
INFO: [Place 46-45] Replicated bufg driver mem_bd_i/axi_dma_0/U0/I_PRMRY_DATAMOVER/GEN_S2MM_FULL.I_S2MM_FULL_WRAPPER/I_RESET/sig_cmd_stat_rst_user_reg_n_cdc_from_reg_replica
INFO: [Place 46-56] BUFG insertion identified 1 candidate nets. Inserted BUFG: 1, Replicated BUFG Driver: 1, Skipped due to Placement/Routing Conflicts: 0, Skipped due to Timing Degradation: 0, Skipped due to netlist editing failed: 0.
Ending Physical Synthesis Task | Checksum: 120368031

Time (s): cpu = 00:00:08 ; elapsed = 00:00:03 . Memory (MB): peak = 5467.613 ; gain = 0.000 ; free physical = 8197 ; free virtual = 143951
Phase 4.1.1.1 BUFG Insertion | Checksum: 174fdb53c

Time (s): cpu = 00:10:44 ; elapsed = 00:04:03 . Memory (MB): peak = 5467.613 ; gain = 909.516 ; free physical = 8195 ; free virtual = 143950

Phase 4.1.1.2 Post Placement Timing Optimization
INFO: [Place 30-746] Post Placement Timing Summary WNS=0.502. For the most accurate timing information please run report_timing.
Phase 4.1.1.2 Post Placement Timing Optimization | Checksum: ea2cf863

Time (s): cpu = 00:11:13 ; elapsed = 00:04:27 . Memory (MB): peak = 5467.613 ; gain = 909.516 ; free physical = 8137 ; free virtual = 143927

Time (s): cpu = 00:11:13 ; elapsed = 00:04:27 . Memory (MB): peak = 5467.613 ; gain = 909.516 ; free physical = 8137 ; free virtual = 143927
Phase 4.1 Post Commit Optimization | Checksum: ea2cf863

Time (s): cpu = 00:11:14 ; elapsed = 00:04:27 . Memory (MB): peak = 5467.613 ; gain = 909.516 ; free physical = 8135 ; free virtual = 143926
Netlist sorting complete. Time (s): cpu = 00:00:00.06 ; elapsed = 00:00:00.06 . Memory (MB): peak = 5494.598 ; gain = 0.000 ; free physical = 8105 ; free virtual = 143905

Phase 4.2 Post Placement Cleanup
Phase 4.2 Post Placement Cleanup | Checksum: 1ddd68cef

Time (s): cpu = 00:11:33 ; elapsed = 00:04:35 . Memory (MB): peak = 5494.598 ; gain = 936.500 ; free physical = 8106 ; free virtual = 143908

Phase 4.3 Placer Reporting

Phase 4.3.1 Print Estimated Congestion
INFO: [Place 30-612] Post-Placement Estimated Congestion 
 ________________________________________________________________________
|           | Global Congestion | Long Congestion   | Short Congestion  |
| Direction | Region Size       | Region Size       | Region Size       |
|___________|___________________|___________________|___________________|
|      North|                1x1|                1x1|                1x1|
|___________|___________________|___________________|___________________|
|      South|                1x1|                1x1|                2x2|
|___________|___________________|___________________|___________________|
|       East|                1x1|                1x1|                4x4|
|___________|___________________|___________________|___________________|
|       West|                1x1|                1x1|                4x4|
|___________|___________________|___________________|___________________|

Phase 4.3.1 Print Estimated Congestion | Checksum: 1ddd68cef

Time (s): cpu = 00:11:34 ; elapsed = 00:04:35 . Memory (MB): peak = 5494.598 ; gain = 936.500 ; free physical = 8106 ; free virtual = 143908
Phase 4.3 Placer Reporting | Checksum: 1ddd68cef

Time (s): cpu = 00:11:34 ; elapsed = 00:04:36 . Memory (MB): peak = 5494.598 ; gain = 936.500 ; free physical = 8105 ; free virtual = 143908

Phase 4.4 Final Placement Cleanup
Netlist sorting complete. Time (s): cpu = 00:00:00.02 ; elapsed = 00:00:00.01 . Memory (MB): peak = 5494.598 ; gain = 0.000 ; free physical = 8105 ; free virtual = 143909

Time (s): cpu = 00:11:35 ; elapsed = 00:04:36 . Memory (MB): peak = 5494.598 ; gain = 936.500 ; free physical = 8105 ; free virtual = 143909
Phase 4 Post Placement Optimization and Clean-Up | Checksum: 25c5817a9

Time (s): cpu = 00:11:35 ; elapsed = 00:04:36 . Memory (MB): peak = 5494.598 ; gain = 936.500 ; free physical = 8105 ; free virtual = 143909
Ending Placer Task | Checksum: 252ab5f4f

Time (s): cpu = 00:11:35 ; elapsed = 00:04:37 . Memory (MB): peak = 5494.598 ; gain = 936.500 ; free physical = 8104 ; free virtual = 143908
101 Infos, 203 Warnings, 0 Critical Warnings and 0 Errors encountered.
place_design completed successfully
place_design: Time (s): cpu = 00:11:41 ; elapsed = 00:04:38 . Memory (MB): peak = 5494.598 ; gain = 944.504 ; free physical = 8102 ; free virtual = 143906
INFO: [runtcl-4] Executing : report_io -file mem_bd_wrapper_io_placed.rpt
report_io: Time (s): cpu = 00:00:00.12 ; elapsed = 00:00:00.24 . Memory (MB): peak = 5494.598 ; gain = 0.000 ; free physical = 8101 ; free virtual = 143906
INFO: [runtcl-4] Executing : report_utilization -file mem_bd_wrapper_utilization_placed.rpt -pb mem_bd_wrapper_utilization_placed.pb
INFO: [runtcl-4] Executing : report_control_sets -verbose -file mem_bd_wrapper_control_sets_placed.rpt
report_control_sets: Time (s): cpu = 00:00:00.15 ; elapsed = 00:00:00.28 . Memory (MB): peak = 5494.598 ; gain = 0.000 ; free physical = 8097 ; free virtual = 143903
INFO: [Timing 38-480] Writing timing data to binary archive.
Write ShapeDB Complete: Time (s): cpu = 00:00:00.82 ; elapsed = 00:00:00.18 . Memory (MB): peak = 5494.598 ; gain = 0.000 ; free physical = 8078 ; free virtual = 143897
Wrote PlaceDB: Time (s): cpu = 00:00:11 ; elapsed = 00:00:04 . Memory (MB): peak = 5494.598 ; gain = 0.000 ; free physical = 8003 ; free virtual = 143893
Wrote PulsedLatchDB: Time (s): cpu = 00:00:00 ; elapsed = 00:00:00 . Memory (MB): peak = 5494.598 ; gain = 0.000 ; free physical = 8003 ; free virtual = 143892
Writing XDEF routing.
Writing XDEF routing logical nets.
Writing XDEF routing special nets.
Wrote RouteStorage: Time (s): cpu = 00:00:00.55 ; elapsed = 00:00:00.22 . Memory (MB): peak = 5494.598 ; gain = 0.000 ; free physical = 8005 ; free virtual = 143895
Wrote Netlist Cache: Time (s): cpu = 00:00:00.21 ; elapsed = 00:00:00.12 . Memory (MB): peak = 5494.598 ; gain = 0.000 ; free physical = 7997 ; free virtual = 143893
Wrote Device Cache: Time (s): cpu = 00:00:00.06 ; elapsed = 00:00:00.03 . Memory (MB): peak = 5494.598 ; gain = 0.000 ; free physical = 7998 ; free virtual = 143898
Write Physdb Complete: Time (s): cpu = 00:00:12 ; elapsed = 00:00:04 . Memory (MB): peak = 5494.598 ; gain = 0.000 ; free physical = 7997 ; free virtual = 143898
INFO: [Common 17-1381] The checkpoint '/home/mss464/minitpu/tpu/ultra96-v2/output/mem_system/mem_system.runs/impl_1/mem_bd_wrapper_placed.dcp' has been generated.
write_checkpoint: Time (s): cpu = 00:00:24 ; elapsed = 00:00:12 . Memory (MB): peak = 5518.609 ; gain = 24.012 ; free physical = 7972 ; free virtual = 143821
Command: phys_opt_design
Attempting to get a license for feature 'Implementation' and/or device 'xczu3eg'
INFO: [Common 17-349] Got license for feature 'Implementation' and/or device 'xczu3eg'

Starting Initial Update Timing Task

Time (s): cpu = 00:00:35 ; elapsed = 00:00:08 . Memory (MB): peak = 5518.609 ; gain = 0.000 ; free physical = 7901 ; free virtual = 143762
INFO: [Vivado_Tcl 4-383] Design worst setup slack (WNS) is greater than or equal to 0.000 ns. Skipping all physical synthesis optimizations.
INFO: [Vivado_Tcl 4-232] No setup violation found. The netlist was not modified.
INFO: [Common 17-83] Releasing license: Implementation
110 Infos, 203 Warnings, 0 Critical Warnings and 0 Errors encountered.
phys_opt_design completed successfully
phys_opt_design: Time (s): cpu = 00:00:35 ; elapsed = 00:00:08 . Memory (MB): peak = 5518.609 ; gain = 0.000 ; free physical = 7901 ; free virtual = 143762
INFO: [Timing 38-480] Writing timing data to binary archive.
Write ShapeDB Complete: Time (s): cpu = 00:00:00.83 ; elapsed = 00:00:00.18 . Memory (MB): peak = 5518.609 ; gain = 0.000 ; free physical = 7952 ; free virtual = 143823
Wrote PlaceDB: Time (s): cpu = 00:00:11 ; elapsed = 00:00:04 . Memory (MB): peak = 5518.609 ; gain = 0.000 ; free physical = 7858 ; free virtual = 143799
Wrote PulsedLatchDB: Time (s): cpu = 00:00:00 ; elapsed = 00:00:00 . Memory (MB): peak = 5518.609 ; gain = 0.000 ; free physical = 7858 ; free virtual = 143799
Writing XDEF routing.
Writing XDEF routing logical nets.
Writing XDEF routing special nets.
Wrote RouteStorage: Time (s): cpu = 00:00:00.47 ; elapsed = 00:00:00.22 . Memory (MB): peak = 5518.609 ; gain = 0.000 ; free physical = 7856 ; free virtual = 143799
Wrote Netlist Cache: Time (s): cpu = 00:00:00.2 ; elapsed = 00:00:00.13 . Memory (MB): peak = 5518.609 ; gain = 0.000 ; free physical = 7850 ; free virtual = 143798
Wrote Device Cache: Time (s): cpu = 00:00:00.06 ; elapsed = 00:00:00.03 . Memory (MB): peak = 5518.609 ; gain = 0.000 ; free physical = 7843 ; free virtual = 143795
Write Physdb Complete: Time (s): cpu = 00:00:11 ; elapsed = 00:00:04 . Memory (MB): peak = 5518.609 ; gain = 0.000 ; free physical = 7843 ; free virtual = 143795
INFO: [Common 17-1381] The checkpoint '/home/mss464/minitpu/tpu/ultra96-v2/output/mem_system/mem_system.runs/impl_1/mem_bd_wrapper_physopt.dcp' has been generated.
write_checkpoint: Time (s): cpu = 00:00:16 ; elapsed = 00:00:09 . Memory (MB): peak = 5518.609 ; gain = 0.000 ; free physical = 7881 ; free virtual = 143777
Command: route_design
Attempting to get a license for feature 'Implementation' and/or device 'xczu3eg'
INFO: [Common 17-349] Got license for feature 'Implementation' and/or device 'xczu3eg'
Running DRC as a precondition to command route_design
INFO: [DRC 23-27] Running DRC with 8 threads
INFO: [Vivado_Tcl 4-198] DRC finished with 0 Errors
INFO: [Vivado_Tcl 4-199] Please refer to the DRC report (report_drc) for more information.


Starting Routing Task
INFO: [Route 35-254] Multithreading enabled for route_design using a maximum of 8 CPUs

Phase 1 Build RT Design
Checksum: PlaceDB: d68b2a51 ConstDB: 0 ShapeSum: 8876a072 RouteDB: f3a9948c
Nodegraph reading from file.  Time (s): cpu = 00:00:00.57 ; elapsed = 00:00:00.58 . Memory (MB): peak = 5526.613 ; gain = 0.000 ; free physical = 7845 ; free virtual = 143747
Post Restoration Checksum: NetGraph: b08620cf | NumContArr: d7be11af | Constraints: 44d3fc5a | Timing: c2a8fa9d
Phase 1 Build RT Design | Checksum: 28fc12975

Time (s): cpu = 00:00:38 ; elapsed = 00:00:05 . Memory (MB): peak = 5526.613 ; gain = 0.000 ; free physical = 7827 ; free virtual = 143735

Phase 2 Router Initialization

Phase 2.1 Fix Topology Constraints
Phase 2.1 Fix Topology Constraints | Checksum: 28fc12975

Time (s): cpu = 00:00:38 ; elapsed = 00:00:06 . Memory (MB): peak = 5526.613 ; gain = 0.000 ; free physical = 7828 ; free virtual = 143735

Phase 2.2 Pre Route Cleanup
Phase 2.2 Pre Route Cleanup | Checksum: 28fc12975

Time (s): cpu = 00:00:39 ; elapsed = 00:00:06 . Memory (MB): peak = 5526.613 ; gain = 0.000 ; free physical = 7827 ; free virtual = 143734

Phase 2.3 Global Clock Net Routing
 Number of Nodes with overlaps = 0
Phase 2.3 Global Clock Net Routing | Checksum: 22c885d1f

Time (s): cpu = 00:00:43 ; elapsed = 00:00:07 . Memory (MB): peak = 5526.613 ; gain = 0.000 ; free physical = 7818 ; free virtual = 143728

Phase 2.4 Update Timing
Phase 2.4 Update Timing | Checksum: 16a1e29f6

Time (s): cpu = 00:01:05 ; elapsed = 00:00:14 . Memory (MB): peak = 5526.613 ; gain = 0.000 ; free physical = 7811 ; free virtual = 143733
INFO: [Route 35-416] Intermediate Timing Summary | WNS=1.420  | TNS=0.000  | WHS=-0.049 | THS=-13.111|


Router Utilization Summary
  Global Vertical Routing Utilization    = 0 %
  Global Horizontal Routing Utilization  = 0 %
  Routable Net Status*
  *Does not include unroutable nets such as driverless and loadless.
  Run report_route_status for detailed report.
  Number of Failed Nets               = 66861
    (Failed Nets is the sum of unrouted and partially routed nets)
  Number of Unrouted Nets             = 43016
  Number of Partially Routed Nets     = 23845
  Number of Node Overlaps             = 0

Phase 2 Router Initialization | Checksum: 21aa7cc4c

Time (s): cpu = 00:01:49 ; elapsed = 00:00:27 . Memory (MB): peak = 5526.613 ; gain = 0.000 ; free physical = 7786 ; free virtual = 143731

Phase 3 Initial Routing

Phase 3.1 Global Routing
Phase 3.1 Global Routing | Checksum: 21aa7cc4c

Time (s): cpu = 00:01:49 ; elapsed = 00:00:27 . Memory (MB): peak = 5526.613 ; gain = 0.000 ; free physical = 7786 ; free virtual = 143731

Phase 3.2 Initial Net Routing
Phase 3.2 Initial Net Routing | Checksum: 23e5dc9e6

Time (s): cpu = 00:02:20 ; elapsed = 00:00:36 . Memory (MB): peak = 5526.613 ; gain = 0.000 ; free physical = 7755 ; free virtual = 143714
Phase 3 Initial Routing | Checksum: 1d3c4a7d8

Time (s): cpu = 00:02:22 ; elapsed = 00:00:37 . Memory (MB): peak = 5526.613 ; gain = 0.000 ; free physical = 7754 ; free virtual = 143713

Phase 4 Rip-up And Reroute

Phase 4.1 Global Iteration 0
INFO: [Route 35-443] CLB routing congestion detected. Several CLBs have high routing utilization, which can impact timing closure. Congested CLBs and Nets are dumped in: iter_3_CongestedCLBsAndNets.txt
 Number of Nodes with overlaps = 17266
 Number of Nodes with overlaps = 2062
 Number of Nodes with overlaps = 373
 Number of Nodes with overlaps = 79
 Number of Nodes with overlaps = 19
 Number of Nodes with overlaps = 8
 Number of Nodes with overlaps = 0
INFO: [Route 35-416] Intermediate Timing Summary | WNS=-1.075 | TNS=-93.921| WHS=-0.038 | THS=-0.782 |

Phase 4.1 Global Iteration 0 | Checksum: 26c68243a

Time (s): cpu = 00:05:41 ; elapsed = 00:01:52 . Memory (MB): peak = 5526.613 ; gain = 0.000 ; free physical = 7570 ; free virtual = 143720

Phase 4.2 Global Iteration 1
 Number of Nodes with overlaps = 3998
 Number of Nodes with overlaps = 535
 Number of Nodes with overlaps = 214
 Number of Nodes with overlaps = 67
 Number of Nodes with overlaps = 21
 Number of Nodes with overlaps = 7
 Number of Nodes with overlaps = 4
 Number of Nodes with overlaps = 2
 Number of Nodes with overlaps = 2
 Number of Nodes with overlaps = 3
 Number of Nodes with overlaps = 1
 Number of Nodes with overlaps = 1
 Number of Nodes with overlaps = 0
INFO: [Route 35-416] Intermediate Timing Summary | WNS=-0.497 | TNS=-24.672| WHS=N/A    | THS=N/A    |

Phase 4.2 Global Iteration 1 | Checksum: 279b495db

Time (s): cpu = 00:06:53 ; elapsed = 00:02:33 . Memory (MB): peak = 5526.613 ; gain = 0.000 ; free physical = 6851 ; free virtual = 143366

Phase 4.3 Global Iteration 2
 Number of Nodes with overlaps = 3518
 Number of Nodes with overlaps = 541
 Number of Nodes with overlaps = 171
 Number of Nodes with overlaps = 66
 Number of Nodes with overlaps = 38
 Number of Nodes with overlaps = 26
 Number of Nodes with overlaps = 8
 Number of Nodes with overlaps = 4
 Number of Nodes with overlaps = 2
 Number of Nodes with overlaps = 1
 Number of Nodes with overlaps = 0
INFO: [Route 35-416] Intermediate Timing Summary | WNS=-0.232 | TNS=-2.797 | WHS=N/A    | THS=N/A    |

Phase 4.3 Global Iteration 2 | Checksum: 269b208c9

Time (s): cpu = 00:08:03 ; elapsed = 00:03:14 . Memory (MB): peak = 5526.613 ; gain = 0.000 ; free physical = 7566 ; free virtual = 144114

Phase 4.4 Global Iteration 3
 Number of Nodes with overlaps = 3693
 Number of Nodes with overlaps = 422
 Number of Nodes with overlaps = 163
 Number of Nodes with overlaps = 54
 Number of Nodes with overlaps = 3
 Number of Nodes with overlaps = 1
 Number of Nodes with overlaps = 0
INFO: [Route 35-416] Intermediate Timing Summary | WNS=-0.085 | TNS=-0.271 | WHS=N/A    | THS=N/A    |

Phase 4.4 Global Iteration 3 | Checksum: 1e2876586

Time (s): cpu = 00:08:55 ; elapsed = 00:03:42 . Memory (MB): peak = 5526.613 ; gain = 0.000 ; free physical = 7550 ; free virtual = 144141

Phase 4.5 Global Iteration 4
 Number of Nodes with overlaps = 2731
 Number of Nodes with overlaps = 426
 Number of Nodes with overlaps = 107
 Number of Nodes with overlaps = 25
 Number of Nodes with overlaps = 8
 Number of Nodes with overlaps = 6
 Number of Nodes with overlaps = 1
 Number of Nodes with overlaps = 0
INFO: [Route 35-416] Intermediate Timing Summary | WNS=0.196  | TNS=0.000  | WHS=N/A    | THS=N/A    |

Phase 4.5 Global Iteration 4 | Checksum: 283bfbc3f

Time (s): cpu = 00:09:32 ; elapsed = 00:04:00 . Memory (MB): peak = 5526.613 ; gain = 0.000 ; free physical = 7642 ; free virtual = 144265
Phase 4 Rip-up And Reroute | Checksum: 283bfbc3f

Time (s): cpu = 00:09:32 ; elapsed = 00:04:00 . Memory (MB): peak = 5526.613 ; gain = 0.000 ; free physical = 7642 ; free virtual = 144265

Phase 5 Delay and Skew Optimization

Phase 5.1 Delay CleanUp
Phase 5.1 Delay CleanUp | Checksum: 1d58ca326

Time (s): cpu = 00:09:33 ; elapsed = 00:04:00 . Memory (MB): peak = 5526.613 ; gain = 0.000 ; free physical = 7641 ; free virtual = 144265

Phase 5.2 Clock Skew Optimization
Phase 5.2 Clock Skew Optimization | Checksum: 1d58ca326

Time (s): cpu = 00:09:33 ; elapsed = 00:04:01 . Memory (MB): peak = 5526.613 ; gain = 0.000 ; free physical = 7641 ; free virtual = 144265
Phase 5 Delay and Skew Optimization | Checksum: 1d58ca326

Time (s): cpu = 00:09:33 ; elapsed = 00:04:01 . Memory (MB): peak = 5526.613 ; gain = 0.000 ; free physical = 7641 ; free virtual = 144265

Phase 6 Post Hold Fix

Phase 6.1 Hold Fix Iter

Phase 6.1.1 Update Timing
Phase 6.1.1 Update Timing | Checksum: 19c7c7e3d

Time (s): cpu = 00:09:53 ; elapsed = 00:04:06 . Memory (MB): peak = 5526.613 ; gain = 0.000 ; free physical = 7630 ; free virtual = 144264
INFO: [Route 35-416] Intermediate Timing Summary | WNS=0.196  | TNS=0.000  | WHS=0.010  | THS=0.000  |

Phase 6.1 Hold Fix Iter | Checksum: 1687b5f75

Time (s): cpu = 00:09:54 ; elapsed = 00:04:06 . Memory (MB): peak = 5526.613 ; gain = 0.000 ; free physical = 7629 ; free virtual = 144263
Phase 6 Post Hold Fix | Checksum: 1687b5f75

Time (s): cpu = 00:09:54 ; elapsed = 00:04:06 . Memory (MB): peak = 5526.613 ; gain = 0.000 ; free physical = 7629 ; free virtual = 144263

Phase 7 Route finalize

Router Utilization Summary
  Global Vertical Routing Utilization    = 12.8696 %
  Global Horizontal Routing Utilization  = 15.271 %
  Routable Net Status*
  *Does not include unroutable nets such as driverless and loadless.
  Run report_route_status for detailed report.
  Number of Failed Nets               = 0
    (Failed Nets is the sum of unrouted and partially routed nets)
  Number of Unrouted Nets             = 0
  Number of Partially Routed Nets     = 0
  Number of Node Overlaps             = 0

Phase 7 Route finalize | Checksum: 1687b5f75

Time (s): cpu = 00:09:56 ; elapsed = 00:04:06 . Memory (MB): peak = 5526.613 ; gain = 0.000 ; free physical = 7626 ; free virtual = 144261

Phase 8 Verifying routed nets

 Verification completed successfully
Phase 8 Verifying routed nets | Checksum: 1687b5f75

Time (s): cpu = 00:09:57 ; elapsed = 00:04:07 . Memory (MB): peak = 5526.613 ; gain = 0.000 ; free physical = 7626 ; free virtual = 144261

Phase 9 Depositing Routes
Phase 9 Depositing Routes | Checksum: 1687b5f75

Time (s): cpu = 00:10:04 ; elapsed = 00:04:11 . Memory (MB): peak = 5526.613 ; gain = 0.000 ; free physical = 7611 ; free virtual = 144254

Phase 10 Resolve XTalk
Phase 10 Resolve XTalk | Checksum: 1687b5f75

Time (s): cpu = 00:10:05 ; elapsed = 00:04:12 . Memory (MB): peak = 5526.613 ; gain = 0.000 ; free physical = 7608 ; free virtual = 144252

Phase 11 Post Router Timing
INFO: [Route 35-57] Estimated Timing Summary | WNS=0.196  | TNS=0.000  | WHS=0.010  | THS=0.000  |

INFO: [Route 35-327] The final timing numbers are based on the router estimated timing analysis. For a complete and accurate timing signoff, please run report_timing_summary.
Phase 11 Post Router Timing | Checksum: 1687b5f75

Time (s): cpu = 00:10:14 ; elapsed = 00:04:13 . Memory (MB): peak = 5526.613 ; gain = 0.000 ; free physical = 7604 ; free virtual = 144252
INFO: [Route 35-16] Router Completed Successfully

Phase 12 Post-Route Event Processing
Phase 12 Post-Route Event Processing | Checksum: 15848fade

Time (s): cpu = 00:10:17 ; elapsed = 00:04:15 . Memory (MB): peak = 5526.613 ; gain = 0.000 ; free physical = 7600 ; free virtual = 144250
Ending Routing Task | Checksum: 15848fade

Time (s): cpu = 00:10:18 ; elapsed = 00:04:17 . Memory (MB): peak = 5526.613 ; gain = 0.000 ; free physical = 7594 ; free virtual = 144248

Routing Is Done.
INFO: [Common 17-83] Releasing license: Implementation
129 Infos, 203 Warnings, 0 Critical Warnings and 0 Errors encountered.
route_design completed successfully
route_design: Time (s): cpu = 00:10:28 ; elapsed = 00:04:21 . Memory (MB): peak = 5526.613 ; gain = 8.004 ; free physical = 7593 ; free virtual = 144247
INFO: [runtcl-4] Executing : report_drc -file mem_bd_wrapper_drc_routed.rpt -pb mem_bd_wrapper_drc_routed.pb -rpx mem_bd_wrapper_drc_routed.rpx
Command: report_drc -file mem_bd_wrapper_drc_routed.rpt -pb mem_bd_wrapper_drc_routed.pb -rpx mem_bd_wrapper_drc_routed.rpx
INFO: [IP_Flow 19-1839] IP Catalog is up to date.
INFO: [DRC 23-27] Running DRC with 8 threads
INFO: [Vivado_Tcl 2-168] The results of DRC are in file /home/mss464/minitpu/tpu/ultra96-v2/output/mem_system/mem_system.runs/impl_1/mem_bd_wrapper_drc_routed.rpt.
report_drc completed successfully
report_drc: Time (s): cpu = 00:00:18 ; elapsed = 00:00:05 . Memory (MB): peak = 5566.633 ; gain = 40.020 ; free physical = 7571 ; free virtual = 144234
INFO: [runtcl-4] Executing : report_methodology -file mem_bd_wrapper_methodology_drc_routed.rpt -pb mem_bd_wrapper_methodology_drc_routed.pb -rpx mem_bd_wrapper_methodology_drc_routed.rpx
Command: report_methodology -file mem_bd_wrapper_methodology_drc_routed.rpt -pb mem_bd_wrapper_methodology_drc_routed.pb -rpx mem_bd_wrapper_methodology_drc_routed.rpx
INFO: [Timing 38-35] Done setting XDC timing constraints.
INFO: [DRC 23-133] Running Methodology with 8 threads
INFO: [Vivado_Tcl 2-1520] The results of Report Methodology are in file /home/mss464/minitpu/tpu/ultra96-v2/output/mem_system/mem_system.runs/impl_1/mem_bd_wrapper_methodology_drc_routed.rpt.
report_methodology completed successfully
report_methodology: Time (s): cpu = 00:00:55 ; elapsed = 00:00:12 . Memory (MB): peak = 5566.633 ; gain = 0.000 ; free physical = 7622 ; free virtual = 144303
INFO: [runtcl-4] Executing : report_power -file mem_bd_wrapper_power_routed.rpt -pb mem_bd_wrapper_power_summary_routed.pb -rpx mem_bd_wrapper_power_routed.rpx
Command: report_power -file mem_bd_wrapper_power_routed.rpt -pb mem_bd_wrapper_power_summary_routed.pb -rpx mem_bd_wrapper_power_routed.rpx
INFO: [Timing 38-35] Done setting XDC timing constraints.
Running Vector-less Activity Propagation...

Finished Running Vector-less Activity Propagation
WARNING: [Power 33-332] Found switching activity that implies high-fanout reset nets being asserted for excessive periods of time which may result in inaccurate power analysis.
Resolution: To review and fix problems, please run Power Constraints Advisor in the GUI from Tools > Power Constraints Advisor or run report_power with the -advisory option to generate a text report.
139 Infos, 204 Warnings, 0 Critical Warnings and 0 Errors encountered.
report_power completed successfully
report_power: Time (s): cpu = 00:00:52 ; elapsed = 00:00:25 . Memory (MB): peak = 5566.633 ; gain = 0.000 ; free physical = 7522 ; free virtual = 144249
INFO: [runtcl-4] Executing : report_route_status -file mem_bd_wrapper_route_status.rpt -pb mem_bd_wrapper_route_status.pb
INFO: [runtcl-4] Executing : report_timing_summary -max_paths 10 -report_unconstrained -file mem_bd_wrapper_timing_summary_routed.rpt -pb mem_bd_wrapper_timing_summary_routed.pb -rpx mem_bd_wrapper_timing_summary_routed.rpx -warn_on_violation 
INFO: [Timing 38-91] UpdateTimingParams: Speed grade: -1, Temperature grade: I, Delay Type: min_max.
INFO: [Timing 38-191] Multithreading enabled for timing update using a maximum of 8 CPUs
INFO: [runtcl-4] Executing : report_incremental_reuse -file mem_bd_wrapper_incremental_reuse_routed.rpt
INFO: [Vivado_Tcl 4-1062] Incremental flow is disabled. No incremental reuse Info to report.
INFO: [runtcl-4] Executing : report_clock_utilization -file mem_bd_wrapper_clock_utilization_routed.rpt
INFO: [runtcl-4] Executing : report_bus_skew -warn_on_violation -file mem_bd_wrapper_bus_skew_routed.rpt -pb mem_bd_wrapper_bus_skew_routed.pb -rpx mem_bd_wrapper_bus_skew_routed.rpx
INFO: [Timing 38-91] UpdateTimingParams: Speed grade: -1, Temperature grade: I, Delay Type: min_max.
INFO: [Timing 38-191] Multithreading enabled for timing update using a maximum of 8 CPUs
INFO: [Timing 38-480] Writing timing data to binary archive.
Write ShapeDB Complete: Time (s): cpu = 00:00:00.7 ; elapsed = 00:00:00.15 . Memory (MB): peak = 5566.633 ; gain = 0.000 ; free physical = 7477 ; free virtual = 144229
Wrote PlaceDB: Time (s): cpu = 00:00:09 ; elapsed = 00:00:03 . Memory (MB): peak = 5566.633 ; gain = 0.000 ; free physical = 7406 ; free virtual = 144226
Wrote PulsedLatchDB: Time (s): cpu = 00:00:00 ; elapsed = 00:00:00 . Memory (MB): peak = 5566.633 ; gain = 0.000 ; free physical = 7406 ; free virtual = 144226
Writing XDEF routing.
Writing XDEF routing logical nets.
Writing XDEF routing special nets.
Wrote RouteStorage: Time (s): cpu = 00:00:02 ; elapsed = 00:00:00.92 . Memory (MB): peak = 5566.633 ; gain = 0.000 ; free physical = 7384 ; free virtual = 144222
Wrote Netlist Cache: Time (s): cpu = 00:00:00.19 ; elapsed = 00:00:00.12 . Memory (MB): peak = 5566.633 ; gain = 0.000 ; free physical = 7376 ; free virtual = 144221
Wrote Device Cache: Time (s): cpu = 00:00:00.04 ; elapsed = 00:00:00.03 . Memory (MB): peak = 5566.633 ; gain = 0.000 ; free physical = 7384 ; free virtual = 144231
Write Physdb Complete: Time (s): cpu = 00:00:11 ; elapsed = 00:00:04 . Memory (MB): peak = 5566.633 ; gain = 0.000 ; free physical = 7383 ; free virtual = 144231
INFO: [Common 17-1381] The checkpoint '/home/mss464/minitpu/tpu/ultra96-v2/output/mem_system/mem_system.runs/impl_1/mem_bd_wrapper_routed.dcp' has been generated.
write_checkpoint: Time (s): cpu = 00:00:15 ; elapsed = 00:00:09 . Memory (MB): peak = 5566.633 ; gain = 0.000 ; free physical = 7300 ; free virtual = 144085
INFO: [Common 17-206] Exiting Vivado at Sun May 10 23:47:25 2026...
[Sun May 10 23:47:40 2026] impl_1 finished
wait_on_runs: Time (s): cpu = 00:00:02 ; elapsed = 00:12:23 . Memory (MB): peak = 2364.027 ; gain = 0.000 ; free physical = 11069 ; free virtual = 147871
# set impl_status [get_property STATUS [get_runs impl_1]]
# puts "  Implementation status: $impl_status"
  Implementation status: route_design Complete!
# if {[string match "*ERROR*" $impl_status]} {
#     puts "ERROR: Implementation failed"
#     close_project
#     exit 1
# }
# puts "\n>>> Step 22: Generating bitstream..."

>>> Step 22: Generating bitstream...
# launch_runs impl_1 -to_step write_bitstream -jobs 4
[Sun May 10 23:47:40 2026] Launched impl_1...
Run output will be captured here: /home/mss464/minitpu/tpu/ultra96-v2/output/mem_system/mem_system.runs/impl_1/runme.log
# wait_on_run impl_1
[Sun May 10 23:47:40 2026] Waiting for impl_1 to finish...

*** Running vivado
    with args -log mem_bd_wrapper.vdi -applog -m64 -product Vivado -messageDb vivado.pb -mode batch -source mem_bd_wrapper.tcl -notrace


****** Vivado v2023.2 (64-bit)
  **** SW Build 4029153 on Fri Oct 13 20:13:54 MDT 2023
  **** IP Build 4028589 on Sat Oct 14 00:45:43 MDT 2023
  **** SharedData Build 4025554 on Tue Oct 10 17:18:54 MDT 2023
    ** Copyright 1986-2022 Xilinx, Inc. All Rights Reserved.
    ** Copyright 2022-2023 Advanced Micro Devices, Inc. All Rights Reserved.

source mem_bd_wrapper.tcl -notrace
create_project: Time (s): cpu = 00:00:07 ; elapsed = 00:00:08 . Memory (MB): peak = 1556.152 ; gain = 32.836 ; free physical = 11878 ; free virtual = 147160
INFO: [IP_Flow 19-234] Refreshing IP repositories
INFO: [IP_Flow 19-1700] Loaded user IP repository '/home/mss464/minitpu/tpu/ultra96-v2/ip_repo'.
INFO: [IP_Flow 19-2313] Loaded Vivado IP repository '/opt/xilinx/Vivado/2023.2/data/ip'.
Command: link_design -top mem_bd_wrapper -part xczu3eg-sbva484-1-i
Design is defaulting to srcset: sources_1
Design is defaulting to constrset: constrs_1
INFO: [Device 21-403] Loading part xczu3eg-sbva484-1-i
INFO: [Project 1-454] Reading design checkpoint '/home/mss464/minitpu/tpu/ultra96-v2/output/mem_system/mem_system.gen/sources_1/bd/mem_bd/ip/mem_bd_axi_dma_0_0/mem_bd_axi_dma_0_0.dcp' for cell 'mem_bd_i/axi_dma_0'
INFO: [Project 1-454] Reading design checkpoint '/home/mss464/minitpu/tpu/ultra96-v2/output/mem_system/mem_system.gen/sources_1/bd/mem_bd/ip/mem_bd_axi_smc_0/mem_bd_axi_smc_0.dcp' for cell 'mem_bd_i/axi_smc'
INFO: [Project 1-454] Reading design checkpoint '/home/mss464/minitpu/tpu/ultra96-v2/output/mem_system/mem_system.gen/sources_1/bd/mem_bd/ip/mem_bd_axi_smc_full_0/mem_bd_axi_smc_full_0.dcp' for cell 'mem_bd_i/axi_smc_full'
INFO: [Project 1-454] Reading design checkpoint '/home/mss464/minitpu/tpu/ultra96-v2/output/mem_system/mem_system.gen/sources_1/bd/mem_bd/ip/mem_bd_mem_top_0_0/mem_bd_mem_top_0_0.dcp' for cell 'mem_bd_i/mem_top_0'
INFO: [Project 1-454] Reading design checkpoint '/home/mss464/minitpu/tpu/ultra96-v2/output/mem_system/mem_system.gen/sources_1/bd/mem_bd/ip/mem_bd_proc_sys_reset_0_0/mem_bd_proc_sys_reset_0_0.dcp' for cell 'mem_bd_i/proc_sys_reset_0'
INFO: [Project 1-454] Reading design checkpoint '/home/mss464/minitpu/tpu/ultra96-v2/output/mem_system/mem_system.gen/sources_1/bd/mem_bd/ip/mem_bd_zynq_ps_0/mem_bd_zynq_ps_0.dcp' for cell 'mem_bd_i/zynq_ps'
INFO: [Project 1-454] Reading design checkpoint '/home/mss464/minitpu/tpu/ultra96-v2/output/mem_system/mem_system.gen/sources_1/bd/mem_bd/ip/mem_bd_xbar_0/mem_bd_xbar_0.dcp' for cell 'mem_bd_i/axi_interconnect_0/xbar'
INFO: [Project 1-454] Reading design checkpoint '/home/mss464/minitpu/tpu/ultra96-v2/output/mem_system/mem_system.gen/sources_1/bd/mem_bd/ip/mem_bd_auto_pc_0/mem_bd_auto_pc_0.dcp' for cell 'mem_bd_i/axi_interconnect_0/s00_couplers/auto_pc'
Netlist sorting complete. Time (s): cpu = 00:00:00.84 ; elapsed = 00:00:00.84 . Memory (MB): peak = 2508.270 ; gain = 2.000 ; free physical = 11005 ; free virtual = 146302
INFO: [Netlist 29-17] Analyzing 1198 Unisim elements for replacement
INFO: [Netlist 29-28] Unisim Transformation completed in 0 CPU seconds
INFO: [Project 1-479] Netlist was created with Vivado 2023.2
INFO: [Project 1-570] Preparing netlist for logic optimization
Parsing XDC File [/home/mss464/minitpu/tpu/ultra96-v2/output/mem_system/mem_system.gen/sources_1/bd/mem_bd/ip/mem_bd_axi_smc_0/bd_0/ip/ip_22/bd_47d6_m00rn_0_clocks.xdc] for cell 'mem_bd_i/axi_smc/inst/m00_nodes/m00_r_node/inst'
WARNING: [Vivado_Tcl 4-921] Waiver ID 'CDC-1' -to list should not be empty. [/home/mss464/minitpu/tpu/ultra96-v2/output/mem_system/mem_system.gen/sources_1/bd/mem_bd/ip/mem_bd_axi_smc_0/bd_0/ip/ip_22/bd_47d6_m00rn_0_clocks.xdc:49]
WARNING: [Vivado_Tcl 4-921] Waiver ID 'CDC-1' -to list should not be empty. [/home/mss464/minitpu/tpu/ultra96-v2/output/mem_system/mem_system.gen/sources_1/bd/mem_bd/ip/mem_bd_axi_smc_0/bd_0/ip/ip_22/bd_47d6_m00rn_0_clocks.xdc:52]
WARNING: [Vivado_Tcl 4-921] Waiver ID 'CDC-1' -to list should not be empty. [/home/mss464/minitpu/tpu/ultra96-v2/output/mem_system/mem_system.gen/sources_1/bd/mem_bd/ip/mem_bd_axi_smc_0/bd_0/ip/ip_22/bd_47d6_m00rn_0_clocks.xdc:55]
WARNING: [Vivado_Tcl 4-921] Waiver ID 'CDC-1' -to list should not be empty. [/home/mss464/minitpu/tpu/ultra96-v2/output/mem_system/mem_system.gen/sources_1/bd/mem_bd/ip/mem_bd_axi_smc_0/bd_0/ip/ip_22/bd_47d6_m00rn_0_clocks.xdc:59]
WARNING: [Vivado_Tcl 4-921] Waiver ID 'CDC-1' -to list should not be empty. [/home/mss464/minitpu/tpu/ultra96-v2/output/mem_system/mem_system.gen/sources_1/bd/mem_bd/ip/mem_bd_axi_smc_0/bd_0/ip/ip_22/bd_47d6_m00rn_0_clocks.xdc:63]
WARNING: [Vivado_Tcl 4-921] Waiver ID 'CDC-1' -to list should not be empty. [/home/mss464/minitpu/tpu/ultra96-v2/output/mem_system/mem_system.gen/sources_1/bd/mem_bd/ip/mem_bd_axi_smc_0/bd_0/ip/ip_22/bd_47d6_m00rn_0_clocks.xdc:66]
WARNING: [Vivado_Tcl 4-921] Waiver ID 'CDC-1' -to list should not be empty. [/home/mss464/minitpu/tpu/ultra96-v2/output/mem_system/mem_system.gen/sources_1/bd/mem_bd/ip/mem_bd_axi_smc_0/bd_0/ip/ip_22/bd_47d6_m00rn_0_clocks.xdc:70]
WARNING: [Vivado_Tcl 4-921] Waiver ID 'CDC-1' -to list should not be empty. [/home/mss464/minitpu/tpu/ultra96-v2/output/mem_system/mem_system.gen/sources_1/bd/mem_bd/ip/mem_bd_axi_smc_0/bd_0/ip/ip_22/bd_47d6_m00rn_0_clocks.xdc:73]
WARNING: [Vivado_Tcl 4-921] Waiver ID 'CDC-1' -to list should not be empty. [/home/mss464/minitpu/tpu/ultra96-v2/output/mem_system/mem_system.gen/sources_1/bd/mem_bd/ip/mem_bd_axi_smc_0/bd_0/ip/ip_22/bd_47d6_m00rn_0_clocks.xdc:76]
WARNING: [Vivado_Tcl 4-921] Waiver ID 'CDC-1' -to list should not be empty. [/home/mss464/minitpu/tpu/ultra96-v2/output/mem_system/mem_system.gen/sources_1/bd/mem_bd/ip/mem_bd_axi_smc_0/bd_0/ip/ip_22/bd_47d6_m00rn_0_clocks.xdc:79]
WARNING: [Vivado_Tcl 4-921] Waiver ID 'CDC-4' -to list should not be empty. [/home/mss464/minitpu/tpu/ultra96-v2/output/mem_system/mem_system.gen/sources_1/bd/mem_bd/ip/mem_bd_axi_smc_0/bd_0/ip/ip_22/bd_47d6_m00rn_0_clocks.xdc:85]
WARNING: [Vivado_Tcl 4-921] Waiver ID 'CDC-4' -to list should not be empty. [/home/mss464/minitpu/tpu/ultra96-v2/output/mem_system/mem_system.gen/sources_1/bd/mem_bd/ip/mem_bd_axi_smc_0/bd_0/ip/ip_22/bd_47d6_m00rn_0_clocks.xdc:88]
WARNING: [Vivado_Tcl 4-921] Waiver ID 'CDC-2' -to list should not be empty. [/home/mss464/minitpu/tpu/ultra96-v2/output/mem_system/mem_system.gen/sources_1/bd/mem_bd/ip/mem_bd_axi_smc_0/bd_0/ip/ip_22/bd_47d6_m00rn_0_clocks.xdc:91]
WARNING: [Vivado_Tcl 4-921] Waiver ID 'CDC-2' -to list should not be empty. [/home/mss464/minitpu/tpu/ultra96-v2/output/mem_system/mem_system.gen/sources_1/bd/mem_bd/ip/mem_bd_axi_smc_0/bd_0/ip/ip_22/bd_47d6_m00rn_0_clocks.xdc:94]
WARNING: [Vivado_Tcl 4-921] Waiver ID 'CDC-2' -to list should not be empty. [/home/mss464/minitpu/tpu/ultra96-v2/output/mem_system/mem_system.gen/sources_1/bd/mem_bd/ip/mem_bd_axi_smc_0/bd_0/ip/ip_22/bd_47d6_m00rn_0_clocks.xdc:97]
WARNING: [Vivado_Tcl 4-921] Waiver ID 'CDC-2' -to list should not be empty. [/home/mss464/minitpu/tpu/ultra96-v2/output/mem_system/mem_system.gen/sources_1/bd/mem_bd/ip/mem_bd_axi_smc_0/bd_0/ip/ip_22/bd_47d6_m00rn_0_clocks.xdc:100]
WARNING: [Vivado_Tcl 4-921] Waiver ID 'CDC-1' -to list should not be empty. [/home/mss464/minitpu/tpu/ultra96-v2/output/mem_system/mem_system.gen/sources_1/bd/mem_bd/ip/mem_bd_axi_smc_0/bd_0/ip/ip_22/bd_47d6_m00rn_0_clocks.xdc:104]
WARNING: [Vivado_Tcl 4-921] Waiver ID 'CDC-10' -to list should not be empty. [/home/mss464/minitpu/tpu/ultra96-v2/output/mem_system/mem_system.gen/sources_1/bd/mem_bd/ip/mem_bd_axi_smc_0/bd_0/ip/ip_22/bd_47d6_m00rn_0_clocks.xdc:107]
WARNING: [Vivado_Tcl 4-921] Waiver ID 'CDC-10' -to list should not be empty. [/home/mss464/minitpu/tpu/ultra96-v2/output/mem_system/mem_system.gen/sources_1/bd/mem_bd/ip/mem_bd_axi_smc_0/bd_0/ip/ip_22/bd_47d6_m00rn_0_clocks.xdc:110]
WARNING: [Vivado_Tcl 4-921] Waiver ID 'CDC-1' -to list should not be empty. [/home/mss464/minitpu/tpu/ultra96-v2/output/mem_system/mem_system.gen/sources_1/bd/mem_bd/ip/mem_bd_axi_smc_0/bd_0/ip/ip_22/bd_47d6_m00rn_0_clocks.xdc:113]
WARNING: [Vivado_Tcl 4-921] Waiver ID 'CDC-1' -to list should not be empty. [/home/mss464/minitpu/tpu/ultra96-v2/output/mem_system/mem_system.gen/sources_1/bd/mem_bd/ip/mem_bd_axi_smc_0/bd_0/ip/ip_22/bd_47d6_m00rn_0_clocks.xdc:116]
WARNING: [Vivado_Tcl 4-921] Waiver ID 'CDC-1' -to list should not be empty. [/home/mss464/minitpu/tpu/ultra96-v2/output/mem_system/mem_system.gen/sources_1/bd/mem_bd/ip/mem_bd_axi_smc_0/bd_0/ip/ip_22/bd_47d6_m00rn_0_clocks.xdc:119]
WARNING: [Vivado_Tcl 4-921] Waiver ID 'CDC-13' -to list should not be empty. [/home/mss464/minitpu/tpu/ultra96-v2/output/mem_system/mem_system.gen/sources_1/bd/mem_bd/ip/mem_bd_axi_smc_0/bd_0/ip/ip_22/bd_47d6_m00rn_0_clocks.xdc:122]
WARNING: [Vivado_Tcl 4-921] Waiver ID 'CDC-1' -to list should not be empty. [/home/mss464/minitpu/tpu/ultra96-v2/output/mem_system/mem_system.gen/sources_1/bd/mem_bd/ip/mem_bd_axi_smc_0/bd_0/ip/ip_22/bd_47d6_m00rn_0_clocks.xdc:125]
WARNING: [Vivado_Tcl 4-921] Waiver ID 'CDC-1' -to list should not be empty. [/home/mss464/minitpu/tpu/ultra96-v2/output/mem_system/mem_system.gen/sources_1/bd/mem_bd/ip/mem_bd_axi_smc_0/bd_0/ip/ip_22/bd_47d6_m00rn_0_clocks.xdc:128]
WARNING: [Vivado_Tcl 4-921] Waiver ID 'CDC-13' -to list should not be empty. [/home/mss464/minitpu/tpu/ultra96-v2/output/mem_system/mem_system.gen/sources_1/bd/mem_bd/ip/mem_bd_axi_smc_0/bd_0/ip/ip_22/bd_47d6_m00rn_0_clocks.xdc:131]
WARNING: [Vivado_Tcl 4-921] Waiver ID 'CDC-1' -to list should not be empty. [/home/mss464/minitpu/tpu/ultra96-v2/output/mem_system/mem_system.gen/sources_1/bd/mem_bd/ip/mem_bd_axi_smc_0/bd_0/ip/ip_22/bd_47d6_m00rn_0_clocks.xdc:134]
WARNING: [Vivado_Tcl 4-921] Waiver ID 'CDC-10' -to list should not be empty. [/home/mss464/minitpu/tpu/ultra96-v2/output/mem_system/mem_system.gen/sources_1/bd/mem_bd/ip/mem_bd_axi_smc_0/bd_0/ip/ip_22/bd_47d6_m00rn_0_clocks.xdc:137]
WARNING: [Vivado_Tcl 4-921] Waiver ID 'CDC-1' -to list should not be empty. [/home/mss464/minitpu/tpu/ultra96-v2/output/mem_system/mem_system.gen/sources_1/bd/mem_bd/ip/mem_bd_axi_smc_0/bd_0/ip/ip_22/bd_47d6_m00rn_0_clocks.xdc:140]
WARNING: [Vivado_Tcl 4-921] Waiver ID 'CDC-1' -to list should not be empty. [/home/mss464/minitpu/tpu/ultra96-v2/output/mem_system/mem_system.gen/sources_1/bd/mem_bd/ip/mem_bd_axi_smc_0/bd_0/ip/ip_22/bd_47d6_m00rn_0_clocks.xdc:143]
WARNING: [Vivado_Tcl 4-921] Waiver ID 'CDC-1' -to list should not be empty. [/home/mss464/minitpu/tpu/ultra96-v2/output/mem_system/mem_system.gen/sources_1/bd/mem_bd/ip/mem_bd_axi_smc_0/bd_0/ip/ip_22/bd_47d6_m00rn_0_clocks.xdc:146]
WARNING: [Vivado_Tcl 4-921] Waiver ID 'CDC-2' -to list should not be empty. [/home/mss464/minitpu/tpu/ultra96-v2/output/mem_system/mem_system.gen/sources_1/bd/mem_bd/ip/mem_bd_axi_smc_0/bd_0/ip/ip_22/bd_47d6_m00rn_0_clocks.xdc:149]
WARNING: [Vivado_Tcl 4-921] Waiver ID 'CDC-1' -to list should not be empty. [/home/mss464/minitpu/tpu/ultra96-v2/output/mem_system/mem_system.gen/sources_1/bd/mem_bd/ip/mem_bd_axi_smc_0/bd_0/ip/ip_22/bd_47d6_m00rn_0_clocks.xdc:152]
WARNING: [Vivado_Tcl 4-921] Waiver ID 'CDC-1' -to list should not be empty. [/home/mss464/minitpu/tpu/ultra96-v2/output/mem_system/mem_system.gen/sources_1/bd/mem_bd/ip/mem_bd_axi_smc_0/bd_0/ip/ip_22/bd_47d6_m00rn_0_clocks.xdc:155]
WARNING: [Vivado_Tcl 4-921] Waiver ID 'CDC-10' -to list should not be empty. [/home/mss464/minitpu/tpu/ultra96-v2/output/mem_system/mem_system.gen/sources_1/bd/mem_bd/ip/mem_bd_axi_smc_0/bd_0/ip/ip_22/bd_47d6_m00rn_0_clocks.xdc:161]
WARNING: [Vivado_Tcl 4-921] Waiver ID 'CDC-4' -to list should not be empty. [/home/mss464/minitpu/tpu/ultra96-v2/output/mem_system/mem_system.gen/sources_1/bd/mem_bd/ip/mem_bd_axi_smc_0/bd_0/ip/ip_22/bd_47d6_m00rn_0_clocks.xdc:164]
WARNING: [Vivado_Tcl 4-921] Waiver ID 'CDC-4' -to list should not be empty. [/home/mss464/minitpu/tpu/ultra96-v2/output/mem_system/mem_system.gen/sources_1/bd/mem_bd/ip/mem_bd_axi_smc_0/bd_0/ip/ip_22/bd_47d6_m00rn_0_clocks.xdc:167]
WARNING: [Vivado_Tcl 4-921] Waiver ID 'CDC-4' -to list should not be empty. [/home/mss464/minitpu/tpu/ultra96-v2/output/mem_system/mem_system.gen/sources_1/bd/mem_bd/ip/mem_bd_axi_smc_0/bd_0/ip/ip_22/bd_47d6_m00rn_0_clocks.xdc:171]
WARNING: [Vivado_Tcl 4-921] Waiver ID 'CDC-4' -to list should not be empty. [/home/mss464/minitpu/tpu/ultra96-v2/output/mem_system/mem_system.gen/sources_1/bd/mem_bd/ip/mem_bd_axi_smc_0/bd_0/ip/ip_22/bd_47d6_m00rn_0_clocks.xdc:174]
WARNING: [Vivado_Tcl 4-921] Waiver ID 'CDC-1' -to list should not be empty. [/home/mss464/minitpu/tpu/ultra96-v2/output/mem_system/mem_system.gen/sources_1/bd/mem_bd/ip/mem_bd_axi_smc_0/bd_0/ip/ip_22/bd_47d6_m00rn_0_clocks.xdc:178]
Finished Parsing XDC File [/home/mss464/minitpu/tpu/ultra96-v2/output/mem_system/mem_system.gen/sources_1/bd/mem_bd/ip/mem_bd_axi_smc_0/bd_0/ip/ip_22/bd_47d6_m00rn_0_clocks.xdc] for cell 'mem_bd_i/axi_smc/inst/m00_nodes/m00_r_node/inst'
Parsing XDC File [/home/mss464/minitpu/tpu/ultra96-v2/output/mem_system/mem_system.gen/sources_1/bd/mem_bd/ip/mem_bd_axi_smc_full_0/smartconnect.xdc] for cell 'mem_bd_i/axi_smc_full/inst'
WARNING: [Vivado_Tcl 4-919] Waiver ID 'CDC-1' -from list should not be empty. [/home/mss464/minitpu/tpu/ultra96-v2/output/mem_system/mem_system.gen/sources_1/bd/mem_bd/ip/mem_bd_axi_smc_full_0/smartconnect.xdc:1]
WARNING: [Vivado_Tcl 4-921] Waiver ID 'CDC-1' -to list should not be empty. [/home/mss464/minitpu/tpu/ultra96-v2/output/mem_system/mem_system.gen/sources_1/bd/mem_bd/ip/mem_bd_axi_smc_full_0/smartconnect.xdc:2]
WARNING: [Vivado_Tcl 4-921] Waiver ID 'CDC-1' -to list should not be empty. [/home/mss464/minitpu/tpu/ultra96-v2/output/mem_system/mem_system.gen/sources_1/bd/mem_bd/ip/mem_bd_axi_smc_full_0/smartconnect.xdc:3]
WARNING: [Vivado_Tcl 4-921] Waiver ID 'CDC-1' -to list should not be empty. [/home/mss464/minitpu/tpu/ultra96-v2/output/mem_system/mem_system.gen/sources_1/bd/mem_bd/ip/mem_bd_axi_smc_full_0/smartconnect.xdc:4]
WARNING: [Vivado_Tcl 4-921] Waiver ID 'CDC-1' -to list should not be empty. [/home/mss464/minitpu/tpu/ultra96-v2/output/mem_system/mem_system.gen/sources_1/bd/mem_bd/ip/mem_bd_axi_smc_full_0/smartconnect.xdc:5]
WARNING: [Vivado_Tcl 4-921] Waiver ID 'CDC-1' -to list should not be empty. [/home/mss464/minitpu/tpu/ultra96-v2/output/mem_system/mem_system.gen/sources_1/bd/mem_bd/ip/mem_bd_axi_smc_full_0/smartconnect.xdc:6]
WARNING: [Vivado_Tcl 4-921] Waiver ID 'CDC-1' -to list should not be empty. [/home/mss464/minitpu/tpu/ultra96-v2/output/mem_system/mem_system.gen/sources_1/bd/mem_bd/ip/mem_bd_axi_smc_full_0/smartconnect.xdc:7]
WARNING: [Vivado_Tcl 4-921] Waiver ID 'CDC-1' -to list should not be empty. [/home/mss464/minitpu/tpu/ultra96-v2/output/mem_system/mem_system.gen/sources_1/bd/mem_bd/ip/mem_bd_axi_smc_full_0/smartconnect.xdc:8]
WARNING: [Vivado_Tcl 4-921] Waiver ID 'CDC-1' -to list should not be empty. [/home/mss464/minitpu/tpu/ultra96-v2/output/mem_system/mem_system.gen/sources_1/bd/mem_bd/ip/mem_bd_axi_smc_full_0/smartconnect.xdc:9]
WARNING: [Vivado_Tcl 4-921] Waiver ID 'CDC-1' -to list should not be empty. [/home/mss464/minitpu/tpu/ultra96-v2/output/mem_system/mem_system.gen/sources_1/bd/mem_bd/ip/mem_bd_axi_smc_full_0/smartconnect.xdc:10]
Finished Parsing XDC File [/home/mss464/minitpu/tpu/ultra96-v2/output/mem_system/mem_system.gen/sources_1/bd/mem_bd/ip/mem_bd_axi_smc_full_0/smartconnect.xdc] for cell 'mem_bd_i/axi_smc_full/inst'
Parsing XDC File [/home/mss464/minitpu/tpu/ultra96-v2/output/mem_system/mem_system.gen/sources_1/bd/mem_bd/ip/mem_bd_axi_smc_full_0/bd_0/ip/ip_10/bd_3238_sbn_0_clocks.xdc] for cell 'mem_bd_i/axi_smc_full/inst/s00_nodes/s00_b_node/inst'
WARNING: [Vivado_Tcl 4-921] Waiver ID 'CDC-1' -to list should not be empty. [/home/mss464/minitpu/tpu/ultra96-v2/output/mem_system/mem_system.gen/sources_1/bd/mem_bd/ip/mem_bd_axi_smc_full_0/bd_0/ip/ip_10/bd_3238_sbn_0_clocks.xdc:49]
WARNING: [Vivado_Tcl 4-921] Waiver ID 'CDC-1' -to list should not be empty. [/home/mss464/minitpu/tpu/ultra96-v2/output/mem_system/mem_system.gen/sources_1/bd/mem_bd/ip/mem_bd_axi_smc_full_0/bd_0/ip/ip_10/bd_3238_sbn_0_clocks.xdc:52]
WARNING: [Vivado_Tcl 4-921] Waiver ID 'CDC-1' -to list should not be empty. [/home/mss464/minitpu/tpu/ultra96-v2/output/mem_system/mem_system.gen/sources_1/bd/mem_bd/ip/mem_bd_axi_smc_full_0/bd_0/ip/ip_10/bd_3238_sbn_0_clocks.xdc:55]
WARNING: [Vivado_Tcl 4-921] Waiver ID 'CDC-1' -to list should not be empty. [/home/mss464/minitpu/tpu/ultra96-v2/output/mem_system/mem_system.gen/sources_1/bd/mem_bd/ip/mem_bd_axi_smc_full_0/bd_0/ip/ip_10/bd_3238_sbn_0_clocks.xdc:59]
WARNING: [Vivado_Tcl 4-921] Waiver ID 'CDC-1' -to list should not be empty. [/home/mss464/minitpu/tpu/ultra96-v2/output/mem_system/mem_system.gen/sources_1/bd/mem_bd/ip/mem_bd_axi_smc_full_0/bd_0/ip/ip_10/bd_3238_sbn_0_clocks.xdc:63]
WARNING: [Vivado_Tcl 4-921] Waiver ID 'CDC-1' -to list should not be empty. [/home/mss464/minitpu/tpu/ultra96-v2/output/mem_system/mem_system.gen/sources_1/bd/mem_bd/ip/mem_bd_axi_smc_full_0/bd_0/ip/ip_10/bd_3238_sbn_0_clocks.xdc:66]
WARNING: [Vivado_Tcl 4-921] Waiver ID 'CDC-1' -to list should not be empty. [/home/mss464/minitpu/tpu/ultra96-v2/output/mem_system/mem_system.gen/sources_1/bd/mem_bd/ip/mem_bd_axi_smc_full_0/bd_0/ip/ip_10/bd_3238_sbn_0_clocks.xdc:70]
WARNING: [Vivado_Tcl 4-921] Waiver ID 'CDC-1' -to list should not be empty. [/home/mss464/minitpu/tpu/ultra96-v2/output/mem_system/mem_system.gen/sources_1/bd/mem_bd/ip/mem_bd_axi_smc_full_0/bd_0/ip/ip_10/bd_3238_sbn_0_clocks.xdc:73]
WARNING: [Vivado_Tcl 4-921] Waiver ID 'CDC-1' -to list should not be empty. [/home/mss464/minitpu/tpu/ultra96-v2/output/mem_system/mem_system.gen/sources_1/bd/mem_bd/ip/mem_bd_axi_smc_full_0/bd_0/ip/ip_10/bd_3238_sbn_0_clocks.xdc:76]
WARNING: [Vivado_Tcl 4-921] Waiver ID 'CDC-1' -to list should not be empty. [/home/mss464/minitpu/tpu/ultra96-v2/output/mem_system/mem_system.gen/sources_1/bd/mem_bd/ip/mem_bd_axi_smc_full_0/bd_0/ip/ip_10/bd_3238_sbn_0_clocks.xdc:79]
WARNING: [Vivado_Tcl 4-921] Waiver ID 'CDC-1' -to list should not be empty. [/home/mss464/minitpu/tpu/ultra96-v2/output/mem_system/mem_system.gen/sources_1/bd/mem_bd/ip/mem_bd_axi_smc_full_0/bd_0/ip/ip_10/bd_3238_sbn_0_clocks.xdc:82]
WARNING: [Vivado_Tcl 4-921] Waiver ID 'CDC-4' -to list should not be empty. [/home/mss464/minitpu/tpu/ultra96-v2/output/mem_system/mem_system.gen/sources_1/bd/mem_bd/ip/mem_bd_axi_smc_full_0/bd_0/ip/ip_10/bd_3238_sbn_0_clocks.xdc:85]
WARNING: [Vivado_Tcl 4-921] Waiver ID 'CDC-4' -to list should not be empty. [/home/mss464/minitpu/tpu/ultra96-v2/output/mem_system/mem_system.gen/sources_1/bd/mem_bd/ip/mem_bd_axi_smc_full_0/bd_0/ip/ip_10/bd_3238_sbn_0_clocks.xdc:88]
WARNING: [Vivado_Tcl 4-921] Waiver ID 'CDC-2' -to list should not be empty. [/home/mss464/minitpu/tpu/ultra96-v2/output/mem_system/mem_system.gen/sources_1/bd/mem_bd/ip/mem_bd_axi_smc_full_0/bd_0/ip/ip_10/bd_3238_sbn_0_clocks.xdc:91]
WARNING: [Vivado_Tcl 4-921] Waiver ID 'CDC-2' -to list should not be empty. [/home/mss464/minitpu/tpu/ultra96-v2/output/mem_system/mem_system.gen/sources_1/bd/mem_bd/ip/mem_bd_axi_smc_full_0/bd_0/ip/ip_10/bd_3238_sbn_0_clocks.xdc:94]
WARNING: [Vivado_Tcl 4-921] Waiver ID 'CDC-2' -to list should not be empty. [/home/mss464/minitpu/tpu/ultra96-v2/output/mem_system/mem_system.gen/sources_1/bd/mem_bd/ip/mem_bd_axi_smc_full_0/bd_0/ip/ip_10/bd_3238_sbn_0_clocks.xdc:97]
WARNING: [Vivado_Tcl 4-921] Waiver ID 'CDC-2' -to list should not be empty. [/home/mss464/minitpu/tpu/ultra96-v2/output/mem_system/mem_system.gen/sources_1/bd/mem_bd/ip/mem_bd_axi_smc_full_0/bd_0/ip/ip_10/bd_3238_sbn_0_clocks.xdc:100]
WARNING: [Vivado_Tcl 4-921] Waiver ID 'CDC-1' -to list should not be empty. [/home/mss464/minitpu/tpu/ultra96-v2/output/mem_system/mem_system.gen/sources_1/bd/mem_bd/ip/mem_bd_axi_smc_full_0/bd_0/ip/ip_10/bd_3238_sbn_0_clocks.xdc:104]
WARNING: [Vivado_Tcl 4-921] Waiver ID 'CDC-10' -to list should not be empty. [/home/mss464/minitpu/tpu/ultra96-v2/output/mem_system/mem_system.gen/sources_1/bd/mem_bd/ip/mem_bd_axi_smc_full_0/bd_0/ip/ip_10/bd_3238_sbn_0_clocks.xdc:107]
WARNING: [Vivado_Tcl 4-921] Waiver ID 'CDC-10' -to list should not be empty. [/home/mss464/minitpu/tpu/ultra96-v2/output/mem_system/mem_system.gen/sources_1/bd/mem_bd/ip/mem_bd_axi_smc_full_0/bd_0/ip/ip_10/bd_3238_sbn_0_clocks.xdc:110]
WARNING: [Vivado_Tcl 4-921] Waiver ID 'CDC-1' -to list should not be empty. [/home/mss464/minitpu/tpu/ultra96-v2/output/mem_system/mem_system.gen/sources_1/bd/mem_bd/ip/mem_bd_axi_smc_full_0/bd_0/ip/ip_10/bd_3238_sbn_0_clocks.xdc:113]
WARNING: [Vivado_Tcl 4-921] Waiver ID 'CDC-1' -to list should not be empty. [/home/mss464/minitpu/tpu/ultra96-v2/output/mem_system/mem_system.gen/sources_1/bd/mem_bd/ip/mem_bd_axi_smc_full_0/bd_0/ip/ip_10/bd_3238_sbn_0_clocks.xdc:116]
WARNING: [Vivado_Tcl 4-921] Waiver ID 'CDC-1' -to list should not be empty. [/home/mss464/minitpu/tpu/ultra96-v2/output/mem_system/mem_system.gen/sources_1/bd/mem_bd/ip/mem_bd_axi_smc_full_0/bd_0/ip/ip_10/bd_3238_sbn_0_clocks.xdc:119]
WARNING: [Vivado_Tcl 4-921] Waiver ID 'CDC-13' -to list should not be empty. [/home/mss464/minitpu/tpu/ultra96-v2/output/mem_system/mem_system.gen/sources_1/bd/mem_bd/ip/mem_bd_axi_smc_full_0/bd_0/ip/ip_10/bd_3238_sbn_0_clocks.xdc:122]
WARNING: [Vivado_Tcl 4-921] Waiver ID 'CDC-1' -to list should not be empty. [/home/mss464/minitpu/tpu/ultra96-v2/output/mem_system/mem_system.gen/sources_1/bd/mem_bd/ip/mem_bd_axi_smc_full_0/bd_0/ip/ip_10/bd_3238_sbn_0_clocks.xdc:125]
WARNING: [Vivado_Tcl 4-921] Waiver ID 'CDC-1' -to list should not be empty. [/home/mss464/minitpu/tpu/ultra96-v2/output/mem_system/mem_system.gen/sources_1/bd/mem_bd/ip/mem_bd_axi_smc_full_0/bd_0/ip/ip_10/bd_3238_sbn_0_clocks.xdc:128]
WARNING: [Vivado_Tcl 4-921] Waiver ID 'CDC-13' -to list should not be empty. [/home/mss464/minitpu/tpu/ultra96-v2/output/mem_system/mem_system.gen/sources_1/bd/mem_bd/ip/mem_bd_axi_smc_full_0/bd_0/ip/ip_10/bd_3238_sbn_0_clocks.xdc:131]
WARNING: [Vivado_Tcl 4-921] Waiver ID 'CDC-1' -to list should not be empty. [/home/mss464/minitpu/tpu/ultra96-v2/output/mem_system/mem_system.gen/sources_1/bd/mem_bd/ip/mem_bd_axi_smc_full_0/bd_0/ip/ip_10/bd_3238_sbn_0_clocks.xdc:134]
WARNING: [Vivado_Tcl 4-921] Waiver ID 'CDC-10' -to list should not be empty. [/home/mss464/minitpu/tpu/ultra96-v2/output/mem_system/mem_system.gen/sources_1/bd/mem_bd/ip/mem_bd_axi_smc_full_0/bd_0/ip/ip_10/bd_3238_sbn_0_clocks.xdc:137]
WARNING: [Vivado_Tcl 4-921] Waiver ID 'CDC-1' -to list should not be empty. [/home/mss464/minitpu/tpu/ultra96-v2/output/mem_system/mem_system.gen/sources_1/bd/mem_bd/ip/mem_bd_axi_smc_full_0/bd_0/ip/ip_10/bd_3238_sbn_0_clocks.xdc:140]
WARNING: [Vivado_Tcl 4-921] Waiver ID 'CDC-1' -to list should not be empty. [/home/mss464/minitpu/tpu/ultra96-v2/output/mem_system/mem_system.gen/sources_1/bd/mem_bd/ip/mem_bd_axi_smc_full_0/bd_0/ip/ip_10/bd_3238_sbn_0_clocks.xdc:143]
WARNING: [Vivado_Tcl 4-921] Waiver ID 'CDC-1' -to list should not be empty. [/home/mss464/minitpu/tpu/ultra96-v2/output/mem_system/mem_system.gen/sources_1/bd/mem_bd/ip/mem_bd_axi_smc_full_0/bd_0/ip/ip_10/bd_3238_sbn_0_clocks.xdc:146]
WARNING: [Vivado_Tcl 4-921] Waiver ID 'CDC-2' -to list should not be empty. [/home/mss464/minitpu/tpu/ultra96-v2/output/mem_system/mem_system.gen/sources_1/bd/mem_bd/ip/mem_bd_axi_smc_full_0/bd_0/ip/ip_10/bd_3238_sbn_0_clocks.xdc:149]
WARNING: [Vivado_Tcl 4-921] Waiver ID 'CDC-1' -to list should not be empty. [/home/mss464/minitpu/tpu/ultra96-v2/output/mem_system/mem_system.gen/sources_1/bd/mem_bd/ip/mem_bd_axi_smc_full_0/bd_0/ip/ip_10/bd_3238_sbn_0_clocks.xdc:152]
WARNING: [Vivado_Tcl 4-921] Waiver ID 'CDC-1' -to list should not be empty. [/home/mss464/minitpu/tpu/ultra96-v2/output/mem_system/mem_system.gen/sources_1/bd/mem_bd/ip/mem_bd_axi_smc_full_0/bd_0/ip/ip_10/bd_3238_sbn_0_clocks.xdc:155]
WARNING: [Vivado_Tcl 4-921] Waiver ID 'CDC-1' -to list should not be empty. [/home/mss464/minitpu/tpu/ultra96-v2/output/mem_system/mem_system.gen/sources_1/bd/mem_bd/ip/mem_bd_axi_smc_full_0/bd_0/ip/ip_10/bd_3238_sbn_0_clocks.xdc:158]
WARNING: [Vivado_Tcl 4-921] Waiver ID 'CDC-10' -to list should not be empty. [/home/mss464/minitpu/tpu/ultra96-v2/output/mem_system/mem_system.gen/sources_1/bd/mem_bd/ip/mem_bd_axi_smc_full_0/bd_0/ip/ip_10/bd_3238_sbn_0_clocks.xdc:161]
WARNING: [Vivado_Tcl 4-921] Waiver ID 'CDC-4' -to list should not be empty. [/home/mss464/minitpu/tpu/ultra96-v2/output/mem_system/mem_system.gen/sources_1/bd/mem_bd/ip/mem_bd_axi_smc_full_0/bd_0/ip/ip_10/bd_3238_sbn_0_clocks.xdc:164]
WARNING: [Vivado_Tcl 4-921] Waiver ID 'CDC-4' -to list should not be empty. [/home/mss464/minitpu/tpu/ultra96-v2/output/mem_system/mem_system.gen/sources_1/bd/mem_bd/ip/mem_bd_axi_smc_full_0/bd_0/ip/ip_10/bd_3238_sbn_0_clocks.xdc:167]
WARNING: [Vivado_Tcl 4-921] Waiver ID 'CDC-4' -to list should not be empty. [/home/mss464/minitpu/tpu/ultra96-v2/output/mem_system/mem_system.gen/sources_1/bd/mem_bd/ip/mem_bd_axi_smc_full_0/bd_0/ip/ip_10/bd_3238_sbn_0_clocks.xdc:171]
WARNING: [Vivado_Tcl 4-921] Waiver ID 'CDC-4' -to list should not be empty. [/home/mss464/minitpu/tpu/ultra96-v2/output/mem_system/mem_system.gen/sources_1/bd/mem_bd/ip/mem_bd_axi_smc_full_0/bd_0/ip/ip_10/bd_3238_sbn_0_clocks.xdc:174]
WARNING: [Vivado_Tcl 4-921] Waiver ID 'CDC-1' -to list should not be empty. [/home/mss464/minitpu/tpu/ultra96-v2/output/mem_system/mem_system.gen/sources_1/bd/mem_bd/ip/mem_bd_axi_smc_full_0/bd_0/ip/ip_10/bd_3238_sbn_0_clocks.xdc:178]
Finished Parsing XDC File [/home/mss464/minitpu/tpu/ultra96-v2/output/mem_system/mem_system.gen/sources_1/bd/mem_bd/ip/mem_bd_axi_smc_full_0/bd_0/ip/ip_10/bd_3238_sbn_0_clocks.xdc] for cell 'mem_bd_i/axi_smc_full/inst/s00_nodes/s00_b_node/inst'
Parsing XDC File [/home/mss464/minitpu/tpu/ultra96-v2/output/mem_system/mem_system.gen/sources_1/bd/mem_bd/ip/mem_bd_axi_smc_full_0/bd_0/ip/ip_9/bd_3238_swn_0_clocks.xdc] for cell 'mem_bd_i/axi_smc_full/inst/s00_nodes/s00_w_node/inst'
INFO: [Common 17-14] Message 'Vivado 12-180' appears 100 times and further instances of the messages will be disabled. Use the Tcl command set_msg_config to change the current settings. [/home/mss464/minitpu/tpu/ultra96-v2/output/mem_system/mem_system.gen/sources_1/bd/mem_bd/ip/mem_bd_axi_smc_full_0/bd_0/ip/ip_9/bd_3238_swn_0_clocks.xdc:49]
WARNING: [Vivado_Tcl 4-921] Waiver ID 'CDC-1' -to list should not be empty. [/home/mss464/minitpu/tpu/ultra96-v2/output/mem_system/mem_system.gen/sources_1/bd/mem_bd/ip/mem_bd_axi_smc_full_0/bd_0/ip/ip_9/bd_3238_swn_0_clocks.xdc:49]
WARNING: [Vivado_Tcl 4-921] Waiver ID 'CDC-1' -to list should not be empty. [/home/mss464/minitpu/tpu/ultra96-v2/output/mem_system/mem_system.gen/sources_1/bd/mem_bd/ip/mem_bd_axi_smc_full_0/bd_0/ip/ip_9/bd_3238_swn_0_clocks.xdc:52]
WARNING: [Vivado_Tcl 4-921] Waiver ID 'CDC-1' -to list should not be empty. [/home/mss464/minitpu/tpu/ultra96-v2/output/mem_system/mem_system.gen/sources_1/bd/mem_bd/ip/mem_bd_axi_smc_full_0/bd_0/ip/ip_9/bd_3238_swn_0_clocks.xdc:55]
WARNING: [Vivado_Tcl 4-921] Waiver ID 'CDC-1' -to list should not be empty. [/home/mss464/minitpu/tpu/ultra96-v2/output/mem_system/mem_system.gen/sources_1/bd/mem_bd/ip/mem_bd_axi_smc_full_0/bd_0/ip/ip_9/bd_3238_swn_0_clocks.xdc:59]
WARNING: [Vivado_Tcl 4-921] Waiver ID 'CDC-1' -to list should not be empty. [/home/mss464/minitpu/tpu/ultra96-v2/output/mem_system/mem_system.gen/sources_1/bd/mem_bd/ip/mem_bd_axi_smc_full_0/bd_0/ip/ip_9/bd_3238_swn_0_clocks.xdc:63]
WARNING: [Vivado_Tcl 4-921] Waiver ID 'CDC-1' -to list should not be empty. [/home/mss464/minitpu/tpu/ultra96-v2/output/mem_system/mem_system.gen/sources_1/bd/mem_bd/ip/mem_bd_axi_smc_full_0/bd_0/ip/ip_9/bd_3238_swn_0_clocks.xdc:66]
WARNING: [Vivado_Tcl 4-921] Waiver ID 'CDC-1' -to list should not be empty. [/home/mss464/minitpu/tpu/ultra96-v2/output/mem_system/mem_system.gen/sources_1/bd/mem_bd/ip/mem_bd_axi_smc_full_0/bd_0/ip/ip_9/bd_3238_swn_0_clocks.xdc:70]
WARNING: [Vivado_Tcl 4-921] Waiver ID 'CDC-1' -to list should not be empty. [/home/mss464/minitpu/tpu/ultra96-v2/output/mem_system/mem_system.gen/sources_1/bd/mem_bd/ip/mem_bd_axi_smc_full_0/bd_0/ip/ip_9/bd_3238_swn_0_clocks.xdc:73]
WARNING: [Vivado_Tcl 4-921] Waiver ID 'CDC-1' -to list should not be empty. [/home/mss464/minitpu/tpu/ultra96-v2/output/mem_system/mem_system.gen/sources_1/bd/mem_bd/ip/mem_bd_axi_smc_full_0/bd_0/ip/ip_9/bd_3238_swn_0_clocks.xdc:76]
INFO: [Common 17-14] Message 'Vivado_Tcl 4-921' appears 100 times and further instances of the messages will be disabled. Use the Tcl command set_msg_config to change the current settings. [/home/mss464/minitpu/tpu/ultra96-v2/output/mem_system/mem_system.gen/sources_1/bd/mem_bd/ip/mem_bd_axi_smc_full_0/bd_0/ip/ip_9/bd_3238_swn_0_clocks.xdc:76]
Finished Parsing XDC File [/home/mss464/minitpu/tpu/ultra96-v2/output/mem_system/mem_system.gen/sources_1/bd/mem_bd/ip/mem_bd_axi_smc_full_0/bd_0/ip/ip_9/bd_3238_swn_0_clocks.xdc] for cell 'mem_bd_i/axi_smc_full/inst/s00_nodes/s00_w_node/inst'
Parsing XDC File [/home/mss464/minitpu/tpu/ultra96-v2/output/mem_system/mem_system.gen/sources_1/bd/mem_bd/ip/mem_bd_axi_smc_full_0/bd_0/ip/ip_8/bd_3238_sawn_0_clocks.xdc] for cell 'mem_bd_i/axi_smc_full/inst/s00_nodes/s00_aw_node/inst'
Finished Parsing XDC File [/home/mss464/minitpu/tpu/ultra96-v2/output/mem_system/mem_system.gen/sources_1/bd/mem_bd/ip/mem_bd_axi_smc_full_0/bd_0/ip/ip_8/bd_3238_sawn_0_clocks.xdc] for cell 'mem_bd_i/axi_smc_full/inst/s00_nodes/s00_aw_node/inst'
Parsing XDC File [/home/mss464/minitpu/tpu/ultra96-v2/output/mem_system/mem_system.gen/sources_1/bd/mem_bd/ip/mem_bd_axi_smc_full_0/bd_0/ip/ip_7/bd_3238_srn_0_clocks.xdc] for cell 'mem_bd_i/axi_smc_full/inst/s00_nodes/s00_r_node/inst'
Finished Parsing XDC File [/home/mss464/minitpu/tpu/ultra96-v2/output/mem_system/mem_system.gen/sources_1/bd/mem_bd/ip/mem_bd_axi_smc_full_0/bd_0/ip/ip_7/bd_3238_srn_0_clocks.xdc] for cell 'mem_bd_i/axi_smc_full/inst/s00_nodes/s00_r_node/inst'
Parsing XDC File [/home/mss464/minitpu/tpu/ultra96-v2/output/mem_system/mem_system.gen/sources_1/bd/mem_bd/ip/mem_bd_axi_smc_full_0/bd_0/ip/ip_6/bd_3238_sarn_0_clocks.xdc] for cell 'mem_bd_i/axi_smc_full/inst/s00_nodes/s00_ar_node/inst'
Finished Parsing XDC File [/home/mss464/minitpu/tpu/ultra96-v2/output/mem_system/mem_system.gen/sources_1/bd/mem_bd/ip/mem_bd_axi_smc_full_0/bd_0/ip/ip_6/bd_3238_sarn_0_clocks.xdc] for cell 'mem_bd_i/axi_smc_full/inst/s00_nodes/s00_ar_node/inst'
Parsing XDC File [/home/mss464/minitpu/tpu/ultra96-v2/output/mem_system/mem_system.gen/sources_1/bd/mem_bd/ip/mem_bd_axi_smc_full_0/bd_0/ip/ip_1/bd_3238_psr_aclk_0.xdc] for cell 'mem_bd_i/axi_smc_full/inst/clk_map/psr_aclk/U0'
Finished Parsing XDC File [/home/mss464/minitpu/tpu/ultra96-v2/output/mem_system/mem_system.gen/sources_1/bd/mem_bd/ip/mem_bd_axi_smc_full_0/bd_0/ip/ip_1/bd_3238_psr_aclk_0.xdc] for cell 'mem_bd_i/axi_smc_full/inst/clk_map/psr_aclk/U0'
Parsing XDC File [/home/mss464/minitpu/tpu/ultra96-v2/output/mem_system/mem_system.gen/sources_1/bd/mem_bd/ip/mem_bd_axi_smc_full_0/bd_0/ip/ip_1/bd_3238_psr_aclk_0_board.xdc] for cell 'mem_bd_i/axi_smc_full/inst/clk_map/psr_aclk/U0'
Finished Parsing XDC File [/home/mss464/minitpu/tpu/ultra96-v2/output/mem_system/mem_system.gen/sources_1/bd/mem_bd/ip/mem_bd_axi_smc_full_0/bd_0/ip/ip_1/bd_3238_psr_aclk_0_board.xdc] for cell 'mem_bd_i/axi_smc_full/inst/clk_map/psr_aclk/U0'
Parsing XDC File [/home/mss464/minitpu/tpu/ultra96-v2/output/mem_system/mem_system.gen/sources_1/bd/mem_bd/ip/mem_bd_axi_smc_0/smartconnect.xdc] for cell 'mem_bd_i/axi_smc/inst'
WARNING: [Vivado_Tcl 4-919] Waiver ID 'CDC-1' -from list should not be empty. [/home/mss464/minitpu/tpu/ultra96-v2/output/mem_system/mem_system.gen/sources_1/bd/mem_bd/ip/mem_bd_axi_smc_0/smartconnect.xdc:1]
Finished Parsing XDC File [/home/mss464/minitpu/tpu/ultra96-v2/output/mem_system/mem_system.gen/sources_1/bd/mem_bd/ip/mem_bd_axi_smc_0/smartconnect.xdc] for cell 'mem_bd_i/axi_smc/inst'
Parsing XDC File [/home/mss464/minitpu/tpu/ultra96-v2/output/mem_system/mem_system.gen/sources_1/bd/mem_bd/ip/mem_bd_axi_smc_0/bd_0/ip/ip_25/bd_47d6_m00bn_0_clocks.xdc] for cell 'mem_bd_i/axi_smc/inst/m00_nodes/m00_b_node/inst'
Finished Parsing XDC File [/home/mss464/minitpu/tpu/ultra96-v2/output/mem_system/mem_system.gen/sources_1/bd/mem_bd/ip/mem_bd_axi_smc_0/bd_0/ip/ip_25/bd_47d6_m00bn_0_clocks.xdc] for cell 'mem_bd_i/axi_smc/inst/m00_nodes/m00_b_node/inst'
Parsing XDC File [/home/mss464/minitpu/tpu/ultra96-v2/output/mem_system/mem_system.gen/sources_1/bd/mem_bd/ip/mem_bd_axi_smc_0/bd_0/ip/ip_24/bd_47d6_m00wn_0_clocks.xdc] for cell 'mem_bd_i/axi_smc/inst/m00_nodes/m00_w_node/inst'
Finished Parsing XDC File [/home/mss464/minitpu/tpu/ultra96-v2/output/mem_system/mem_system.gen/sources_1/bd/mem_bd/ip/mem_bd_axi_smc_0/bd_0/ip/ip_24/bd_47d6_m00wn_0_clocks.xdc] for cell 'mem_bd_i/axi_smc/inst/m00_nodes/m00_w_node/inst'
Parsing XDC File [/home/mss464/minitpu/tpu/ultra96-v2/output/mem_system/mem_system.gen/sources_1/bd/mem_bd/ip/mem_bd_axi_smc_0/bd_0/ip/ip_23/bd_47d6_m00awn_0_clocks.xdc] for cell 'mem_bd_i/axi_smc/inst/m00_nodes/m00_aw_node/inst'
Finished Parsing XDC File [/home/mss464/minitpu/tpu/ultra96-v2/output/mem_system/mem_system.gen/sources_1/bd/mem_bd/ip/mem_bd_axi_smc_0/bd_0/ip/ip_23/bd_47d6_m00awn_0_clocks.xdc] for cell 'mem_bd_i/axi_smc/inst/m00_nodes/m00_aw_node/inst'
Parsing XDC File [/home/mss464/minitpu/tpu/ultra96-v2/output/mem_system/mem_system.gen/sources_1/bd/mem_bd/ip/mem_bd_zynq_ps_0/mem_bd_zynq_ps_0.xdc] for cell 'mem_bd_i/zynq_ps/inst'
create_clock: Time (s): cpu = 00:00:05 ; elapsed = 00:00:05 . Memory (MB): peak = 2789.297 ; gain = 29.688 ; free physical = 10937 ; free virtual = 146254
Finished Parsing XDC File [/home/mss464/minitpu/tpu/ultra96-v2/output/mem_system/mem_system.gen/sources_1/bd/mem_bd/ip/mem_bd_zynq_ps_0/mem_bd_zynq_ps_0.xdc] for cell 'mem_bd_i/zynq_ps/inst'
Parsing XDC File [/home/mss464/minitpu/tpu/ultra96-v2/output/mem_system/mem_system.gen/sources_1/bd/mem_bd/ip/mem_bd_axi_smc_0/bd_0/ip/ip_21/bd_47d6_m00arn_0_clocks.xdc] for cell 'mem_bd_i/axi_smc/inst/m00_nodes/m00_ar_node/inst'
Finished Parsing XDC File [/home/mss464/minitpu/tpu/ultra96-v2/output/mem_system/mem_system.gen/sources_1/bd/mem_bd/ip/mem_bd_axi_smc_0/bd_0/ip/ip_21/bd_47d6_m00arn_0_clocks.xdc] for cell 'mem_bd_i/axi_smc/inst/m00_nodes/m00_ar_node/inst'
Parsing XDC File [/home/mss464/minitpu/tpu/ultra96-v2/output/mem_system/mem_system.gen/sources_1/bd/mem_bd/ip/mem_bd_axi_smc_0/bd_0/ip/ip_19/bd_47d6_sbn_0_clocks.xdc] for cell 'mem_bd_i/axi_smc/inst/s01_nodes/s01_b_node/inst'
Finished Parsing XDC File [/home/mss464/minitpu/tpu/ultra96-v2/output/mem_system/mem_system.gen/sources_1/bd/mem_bd/ip/mem_bd_axi_smc_0/bd_0/ip/ip_19/bd_47d6_sbn_0_clocks.xdc] for cell 'mem_bd_i/axi_smc/inst/s01_nodes/s01_b_node/inst'
Parsing XDC File [/home/mss464/minitpu/tpu/ultra96-v2/output/mem_system/mem_system.gen/sources_1/bd/mem_bd/ip/mem_bd_axi_smc_0/bd_0/ip/ip_18/bd_47d6_swn_0_clocks.xdc] for cell 'mem_bd_i/axi_smc/inst/s01_nodes/s01_w_node/inst'
Finished Parsing XDC File [/home/mss464/minitpu/tpu/ultra96-v2/output/mem_system/mem_system.gen/sources_1/bd/mem_bd/ip/mem_bd_axi_smc_0/bd_0/ip/ip_18/bd_47d6_swn_0_clocks.xdc] for cell 'mem_bd_i/axi_smc/inst/s01_nodes/s01_w_node/inst'
Parsing XDC File [/home/mss464/minitpu/tpu/ultra96-v2/output/mem_system/mem_system.gen/sources_1/bd/mem_bd/ip/mem_bd_axi_smc_0/bd_0/ip/ip_17/bd_47d6_sawn_0_clocks.xdc] for cell 'mem_bd_i/axi_smc/inst/s01_nodes/s01_aw_node/inst'
Finished Parsing XDC File [/home/mss464/minitpu/tpu/ultra96-v2/output/mem_system/mem_system.gen/sources_1/bd/mem_bd/ip/mem_bd_axi_smc_0/bd_0/ip/ip_17/bd_47d6_sawn_0_clocks.xdc] for cell 'mem_bd_i/axi_smc/inst/s01_nodes/s01_aw_node/inst'
Parsing XDC File [/home/mss464/minitpu/tpu/ultra96-v2/output/mem_system/mem_system.gen/sources_1/bd/mem_bd/ip/mem_bd_axi_smc_0/bd_0/ip/ip_12/bd_47d6_srn_0_clocks.xdc] for cell 'mem_bd_i/axi_smc/inst/s00_nodes/s00_r_node/inst'
Finished Parsing XDC File [/home/mss464/minitpu/tpu/ultra96-v2/output/mem_system/mem_system.gen/sources_1/bd/mem_bd/ip/mem_bd_axi_smc_0/bd_0/ip/ip_12/bd_47d6_srn_0_clocks.xdc] for cell 'mem_bd_i/axi_smc/inst/s00_nodes/s00_r_node/inst'
Parsing XDC File [/home/mss464/minitpu/tpu/ultra96-v2/output/mem_system/mem_system.gen/sources_1/bd/mem_bd/ip/mem_bd_axi_smc_0/bd_0/ip/ip_11/bd_47d6_sarn_0_clocks.xdc] for cell 'mem_bd_i/axi_smc/inst/s00_nodes/s00_ar_node/inst'
Finished Parsing XDC File [/home/mss464/minitpu/tpu/ultra96-v2/output/mem_system/mem_system.gen/sources_1/bd/mem_bd/ip/mem_bd_axi_smc_0/bd_0/ip/ip_11/bd_47d6_sarn_0_clocks.xdc] for cell 'mem_bd_i/axi_smc/inst/s00_nodes/s00_ar_node/inst'
Parsing XDC File [/home/mss464/minitpu/tpu/ultra96-v2/output/mem_system/mem_system.gen/sources_1/bd/mem_bd/ip/mem_bd_axi_smc_0/bd_0/ip/ip_1/bd_47d6_psr_aclk_0.xdc] for cell 'mem_bd_i/axi_smc/inst/clk_map/psr_aclk/U0'
Finished Parsing XDC File [/home/mss464/minitpu/tpu/ultra96-v2/output/mem_system/mem_system.gen/sources_1/bd/mem_bd/ip/mem_bd_axi_smc_0/bd_0/ip/ip_1/bd_47d6_psr_aclk_0.xdc] for cell 'mem_bd_i/axi_smc/inst/clk_map/psr_aclk/U0'
Parsing XDC File [/home/mss464/minitpu/tpu/ultra96-v2/output/mem_system/mem_system.gen/sources_1/bd/mem_bd/ip/mem_bd_axi_smc_0/bd_0/ip/ip_1/bd_47d6_psr_aclk_0_board.xdc] for cell 'mem_bd_i/axi_smc/inst/clk_map/psr_aclk/U0'
Finished Parsing XDC File [/home/mss464/minitpu/tpu/ultra96-v2/output/mem_system/mem_system.gen/sources_1/bd/mem_bd/ip/mem_bd_axi_smc_0/bd_0/ip/ip_1/bd_47d6_psr_aclk_0_board.xdc] for cell 'mem_bd_i/axi_smc/inst/clk_map/psr_aclk/U0'
Parsing XDC File [/home/mss464/minitpu/tpu/ultra96-v2/output/mem_system/mem_system.gen/sources_1/bd/mem_bd/ip/mem_bd_axi_dma_0_0/mem_bd_axi_dma_0_0.xdc] for cell 'mem_bd_i/axi_dma_0/U0'
WARNING: [Vivado_Tcl 4-919] Waiver ID 'CDC-1' -from list should not be empty. [/home/mss464/minitpu/tpu/ultra96-v2/output/mem_system/mem_system.gen/sources_1/bd/mem_bd/ip/mem_bd_axi_dma_0_0/mem_bd_axi_dma_0_0.xdc:61]
Finished Parsing XDC File [/home/mss464/minitpu/tpu/ultra96-v2/output/mem_system/mem_system.gen/sources_1/bd/mem_bd/ip/mem_bd_axi_dma_0_0/mem_bd_axi_dma_0_0.xdc] for cell 'mem_bd_i/axi_dma_0/U0'
Parsing XDC File [/home/mss464/minitpu/tpu/ultra96-v2/output/mem_system/mem_system.gen/sources_1/bd/mem_bd/ip/mem_bd_proc_sys_reset_0_0/mem_bd_proc_sys_reset_0_0.xdc] for cell 'mem_bd_i/proc_sys_reset_0/U0'
Finished Parsing XDC File [/home/mss464/minitpu/tpu/ultra96-v2/output/mem_system/mem_system.gen/sources_1/bd/mem_bd/ip/mem_bd_proc_sys_reset_0_0/mem_bd_proc_sys_reset_0_0.xdc] for cell 'mem_bd_i/proc_sys_reset_0/U0'
Parsing XDC File [/home/mss464/minitpu/tpu/ultra96-v2/output/mem_system/mem_system.gen/sources_1/bd/mem_bd/ip/mem_bd_proc_sys_reset_0_0/mem_bd_proc_sys_reset_0_0_board.xdc] for cell 'mem_bd_i/proc_sys_reset_0/U0'
Finished Parsing XDC File [/home/mss464/minitpu/tpu/ultra96-v2/output/mem_system/mem_system.gen/sources_1/bd/mem_bd/ip/mem_bd_proc_sys_reset_0_0/mem_bd_proc_sys_reset_0_0_board.xdc] for cell 'mem_bd_i/proc_sys_reset_0/U0'
Parsing XDC File [/home/mss464/minitpu/tpu/ultra96-v2/output/mem_system/mem_system.gen/sources_1/bd/mem_bd/ip/mem_bd_axi_dma_0_0/mem_bd_axi_dma_0_0_clocks.xdc] for cell 'mem_bd_i/axi_dma_0/U0'
Finished Parsing XDC File [/home/mss464/minitpu/tpu/ultra96-v2/output/mem_system/mem_system.gen/sources_1/bd/mem_bd/ip/mem_bd_axi_dma_0_0/mem_bd_axi_dma_0_0_clocks.xdc] for cell 'mem_bd_i/axi_dma_0/U0'
INFO: [Project 1-1714] 68 XPM XDC files have been applied to the design.
INFO: [Opt 31-138] Pushed 0 inverter(s) to 0 load pin(s).
INFO: [Project 1-1687] 668 scoped IP constraints or related sub-commands were skipped due to synthesis logic optimizations usually triggered by constant connectivity or unconnected output pins. To review the skipped constraints and messages, run the command 'set_param netlist.IPMsgFiltering false' before opening the design.
Netlist sorting complete. Time (s): cpu = 00:00:00.01 ; elapsed = 00:00:00.02 . Memory (MB): peak = 3425.098 ; gain = 0.000 ; free physical = 10581 ; free virtual = 145913
INFO: [Project 1-111] Unisim Transformation Summary:
  A total of 243 instances were transformed.
  DSP48E2 => DSP48E2 (DSP_ALU, DSP_A_B_DATA, DSP_C_DATA, DSP_MULTIPLIER, DSP_M_DATA, DSP_OUTPUT, DSP_PREADD, DSP_PREADD_DATA): 50 instances
  RAM16X1D => RAM32X1D (RAMD32(x2)): 1 instance 
  RAM32M16 => RAM32M16 (RAMD32(x14), RAMS32(x2)): 155 instances
  RAM64M8 => RAM64M8 (RAMD64E(x8)): 37 instances

22 Infos, 103 Warnings, 0 Critical Warnings and 0 Errors encountered.
link_design completed successfully
link_design: Time (s): cpu = 00:00:47 ; elapsed = 00:00:37 . Memory (MB): peak = 3425.098 ; gain = 1806.258 ; free physical = 10581 ; free virtual = 145913
Command: opt_design
Attempting to get a license for feature 'Implementation' and/or device 'xczu3eg'
INFO: [Common 17-349] Got license for feature 'Implementation' and/or device 'xczu3eg'
Running DRC as a precondition to command opt_design

Starting DRC Task
INFO: [DRC 23-27] Running DRC with 8 threads
INFO: [Project 1-461] DRC finished with 0 Errors
INFO: [Project 1-462] Please refer to the DRC report (report_drc) for more information.

Time (s): cpu = 00:00:03 ; elapsed = 00:00:01 . Memory (MB): peak = 3425.098 ; gain = 0.000 ; free physical = 10568 ; free virtual = 145901

Starting Cache Timing Information Task
INFO: [Timing 38-35] Done setting XDC timing constraints.
Ending Cache Timing Information Task | Checksum: d0ebc8a1

Time (s): cpu = 00:00:10 ; elapsed = 00:00:03 . Memory (MB): peak = 3425.098 ; gain = 0.000 ; free physical = 10549 ; free virtual = 145886

Starting Logic Optimization Task

Phase 1 Initialization

Phase 1.1 Core Generation And Design Setup
Phase 1.1 Core Generation And Design Setup | Checksum: d0ebc8a1

Time (s): cpu = 00:00:00.02 ; elapsed = 00:00:00.03 . Memory (MB): peak = 3575.945 ; gain = 0.000 ; free physical = 10279 ; free virtual = 145619

Phase 1.2 Setup Constraints And Sort Netlist
Phase 1.2 Setup Constraints And Sort Netlist | Checksum: d0ebc8a1

Time (s): cpu = 00:00:00.05 ; elapsed = 00:00:00.06 . Memory (MB): peak = 3575.945 ; gain = 0.000 ; free physical = 10279 ; free virtual = 145619
Phase 1 Initialization | Checksum: d0ebc8a1

Time (s): cpu = 00:00:00.05 ; elapsed = 00:00:00.07 . Memory (MB): peak = 3575.945 ; gain = 0.000 ; free physical = 10278 ; free virtual = 145619

Phase 2 Timer Update And Timing Data Collection

Phase 2.1 Timer Update
Phase 2.1 Timer Update | Checksum: d0ebc8a1

Time (s): cpu = 00:00:05 ; elapsed = 00:00:01 . Memory (MB): peak = 3575.945 ; gain = 0.000 ; free physical = 10265 ; free virtual = 145607

Phase 2.2 Timing Data Collection
Phase 2.2 Timing Data Collection | Checksum: d0ebc8a1

Time (s): cpu = 00:00:05 ; elapsed = 00:00:01 . Memory (MB): peak = 3575.945 ; gain = 0.000 ; free physical = 10255 ; free virtual = 145598
Phase 2 Timer Update And Timing Data Collection | Checksum: d0ebc8a1

Time (s): cpu = 00:00:05 ; elapsed = 00:00:01 . Memory (MB): peak = 3575.945 ; gain = 0.000 ; free physical = 10255 ; free virtual = 145598

Phase 3 Retarget
INFO: [Opt 31-1566] Pulled 20 inverters resulting in an inversion of 918 pins
INFO: [Opt 31-138] Pushed 89 inverter(s) to 10799 load pin(s).
INFO: [Opt 31-49] Retargeted 0 cell(s).
Phase 3 Retarget | Checksum: 11c962b20

Time (s): cpu = 00:00:08 ; elapsed = 00:00:04 . Memory (MB): peak = 3575.945 ; gain = 0.000 ; free physical = 10250 ; free virtual = 145595
Retarget | Checksum: 11c962b20
INFO: [Opt 31-389] Phase Retarget created 125 cells and removed 509 cells
INFO: [Opt 31-1021] In phase Retarget, 60 netlist objects are constrained preventing optimization. Please run opt_design with -debug_log to get more detail. 

Phase 4 Constant propagation
INFO: [Opt 31-138] Pushed 2 inverter(s) to 7 load pin(s).
Phase 4 Constant propagation | Checksum: b48242b1

Time (s): cpu = 00:00:08 ; elapsed = 00:00:04 . Memory (MB): peak = 3575.945 ; gain = 0.000 ; free physical = 10259 ; free virtual = 145605
Constant propagation | Checksum: b48242b1
INFO: [Opt 31-389] Phase Constant propagation created 40 cells and removed 263 cells
INFO: [Opt 31-1021] In phase Constant propagation, 60 netlist objects are constrained preventing optimization. Please run opt_design with -debug_log to get more detail. 

Phase 5 Sweep
Phase 5 Sweep | Checksum: ec579382

Time (s): cpu = 00:00:11 ; elapsed = 00:00:07 . Memory (MB): peak = 3575.945 ; gain = 0.000 ; free physical = 10256 ; free virtual = 145605
Sweep | Checksum: ec579382
INFO: [Opt 31-389] Phase Sweep created 0 cells and removed 1183 cells
INFO: [Opt 31-1021] In phase Sweep, 77 netlist objects are constrained preventing optimization. Please run opt_design with -debug_log to get more detail. 

Phase 6 BUFG optimization
INFO: [Opt 31-1077] Phase BUFG optimization inserted 0 global clock buffer(s) for CLOCK_LOW_FANOUT.
Phase 6 BUFG optimization | Checksum: ec579382

Time (s): cpu = 00:00:13 ; elapsed = 00:00:08 . Memory (MB): peak = 3575.945 ; gain = 0.000 ; free physical = 10251 ; free virtual = 145601
BUFG optimization | Checksum: ec579382
INFO: [Opt 31-662] Phase BUFG optimization created 0 cells of which 0 are BUFGs and removed 0 cells.

Phase 7 Shift Register Optimization
WARNING: [Opt 31-1131] Can not pull register out from mem_bd_i/axi_interconnect_0/s00_couplers/auto_pc/inst/gen_axilite.gen_b2s_conv.axilite_b2s/RD.r_channel_0/rd_data_fifo_0/memory_reg[31][0]_srl32 due to none static srl address bits
WARNING: [Opt 31-1131] Can not pull register out from mem_bd_i/axi_interconnect_0/s00_couplers/auto_pc/inst/gen_axilite.gen_b2s_conv.axilite_b2s/RD.r_channel_0/rd_data_fifo_0/memory_reg[31][10]_srl32 due to none static srl address bits
WARNING: [Opt 31-1131] Can not pull register out from mem_bd_i/axi_interconnect_0/s00_couplers/auto_pc/inst/gen_axilite.gen_b2s_conv.axilite_b2s/RD.r_channel_0/rd_data_fifo_0/memory_reg[31][11]_srl32 due to none static srl address bits
WARNING: [Opt 31-1131] Can not pull register out from mem_bd_i/axi_interconnect_0/s00_couplers/auto_pc/inst/gen_axilite.gen_b2s_conv.axilite_b2s/RD.r_channel_0/rd_data_fifo_0/memory_reg[31][12]_srl32 due to none static srl address bits
WARNING: [Opt 31-1131] Can not pull register out from mem_bd_i/axi_interconnect_0/s00_couplers/auto_pc/inst/gen_axilite.gen_b2s_conv.axilite_b2s/RD.r_channel_0/rd_data_fifo_0/memory_reg[31][13]_srl32 due to none static srl address bits
WARNING: [Opt 31-1131] Can not pull register out from mem_bd_i/axi_interconnect_0/s00_couplers/auto_pc/inst/gen_axilite.gen_b2s_conv.axilite_b2s/RD.r_channel_0/rd_data_fifo_0/memory_reg[31][14]_srl32 due to none static srl address bits
WARNING: [Opt 31-1131] Can not pull register out from mem_bd_i/axi_interconnect_0/s00_couplers/auto_pc/inst/gen_axilite.gen_b2s_conv.axilite_b2s/RD.r_channel_0/rd_data_fifo_0/memory_reg[31][15]_srl32 due to none static srl address bits
WARNING: [Opt 31-1131] Can not pull register out from mem_bd_i/axi_interconnect_0/s00_couplers/auto_pc/inst/gen_axilite.gen_b2s_conv.axilite_b2s/RD.r_channel_0/rd_data_fifo_0/memory_reg[31][16]_srl32 due to none static srl address bits
WARNING: [Opt 31-1131] Can not pull register out from mem_bd_i/axi_interconnect_0/s00_couplers/auto_pc/inst/gen_axilite.gen_b2s_conv.axilite_b2s/RD.r_channel_0/rd_data_fifo_0/memory_reg[31][17]_srl32 due to none static srl address bits
WARNING: [Opt 31-1131] Can not pull register out from mem_bd_i/axi_interconnect_0/s00_couplers/auto_pc/inst/gen_axilite.gen_b2s_conv.axilite_b2s/RD.r_channel_0/rd_data_fifo_0/memory_reg[31][18]_srl32 due to none static srl address bits
WARNING: [Opt 31-1131] Can not pull register out from mem_bd_i/axi_interconnect_0/s00_couplers/auto_pc/inst/gen_axilite.gen_b2s_conv.axilite_b2s/RD.r_channel_0/rd_data_fifo_0/memory_reg[31][19]_srl32 due to none static srl address bits
WARNING: [Opt 31-1131] Can not pull register out from mem_bd_i/axi_interconnect_0/s00_couplers/auto_pc/inst/gen_axilite.gen_b2s_conv.axilite_b2s/RD.r_channel_0/rd_data_fifo_0/memory_reg[31][1]_srl32 due to none static srl address bits
WARNING: [Opt 31-1131] Can not pull register out from mem_bd_i/axi_interconnect_0/s00_couplers/auto_pc/inst/gen_axilite.gen_b2s_conv.axilite_b2s/RD.r_channel_0/rd_data_fifo_0/memory_reg[31][20]_srl32 due to none static srl address bits
WARNING: [Opt 31-1131] Can not pull register out from mem_bd_i/axi_interconnect_0/s00_couplers/auto_pc/inst/gen_axilite.gen_b2s_conv.axilite_b2s/RD.r_channel_0/rd_data_fifo_0/memory_reg[31][21]_srl32 due to none static srl address bits
WARNING: [Opt 31-1131] Can not pull register out from mem_bd_i/axi_interconnect_0/s00_couplers/auto_pc/inst/gen_axilite.gen_b2s_conv.axilite_b2s/RD.r_channel_0/rd_data_fifo_0/memory_reg[31][22]_srl32 due to none static srl address bits
WARNING: [Opt 31-1131] Can not pull register out from mem_bd_i/axi_interconnect_0/s00_couplers/auto_pc/inst/gen_axilite.gen_b2s_conv.axilite_b2s/RD.r_channel_0/rd_data_fifo_0/memory_reg[31][23]_srl32 due to none static srl address bits
WARNING: [Opt 31-1131] Can not pull register out from mem_bd_i/axi_interconnect_0/s00_couplers/auto_pc/inst/gen_axilite.gen_b2s_conv.axilite_b2s/RD.r_channel_0/rd_data_fifo_0/memory_reg[31][24]_srl32 due to none static srl address bits
WARNING: [Opt 31-1131] Can not pull register out from mem_bd_i/axi_interconnect_0/s00_couplers/auto_pc/inst/gen_axilite.gen_b2s_conv.axilite_b2s/RD.r_channel_0/rd_data_fifo_0/memory_reg[31][25]_srl32 due to none static srl address bits
WARNING: [Opt 31-1131] Can not pull register out from mem_bd_i/axi_interconnect_0/s00_couplers/auto_pc/inst/gen_axilite.gen_b2s_conv.axilite_b2s/RD.r_channel_0/rd_data_fifo_0/memory_reg[31][26]_srl32 due to none static srl address bits
WARNING: [Opt 31-1131] Can not pull register out from mem_bd_i/axi_interconnect_0/s00_couplers/auto_pc/inst/gen_axilite.gen_b2s_conv.axilite_b2s/RD.r_channel_0/rd_data_fifo_0/memory_reg[31][27]_srl32 due to none static srl address bits
WARNING: [Opt 31-1131] Can not pull register out from mem_bd_i/axi_interconnect_0/s00_couplers/auto_pc/inst/gen_axilite.gen_b2s_conv.axilite_b2s/RD.r_channel_0/rd_data_fifo_0/memory_reg[31][28]_srl32 due to none static srl address bits
WARNING: [Opt 31-1131] Can not pull register out from mem_bd_i/axi_interconnect_0/s00_couplers/auto_pc/inst/gen_axilite.gen_b2s_conv.axilite_b2s/RD.r_channel_0/rd_data_fifo_0/memory_reg[31][29]_srl32 due to none static srl address bits
WARNING: [Opt 31-1131] Can not pull register out from mem_bd_i/axi_interconnect_0/s00_couplers/auto_pc/inst/gen_axilite.gen_b2s_conv.axilite_b2s/RD.r_channel_0/rd_data_fifo_0/memory_reg[31][2]_srl32 due to none static srl address bits
WARNING: [Opt 31-1131] Can not pull register out from mem_bd_i/axi_interconnect_0/s00_couplers/auto_pc/inst/gen_axilite.gen_b2s_conv.axilite_b2s/RD.r_channel_0/rd_data_fifo_0/memory_reg[31][30]_srl32 due to none static srl address bits
WARNING: [Opt 31-1131] Can not pull register out from mem_bd_i/axi_interconnect_0/s00_couplers/auto_pc/inst/gen_axilite.gen_b2s_conv.axilite_b2s/RD.r_channel_0/rd_data_fifo_0/memory_reg[31][31]_srl32 due to none static srl address bits
WARNING: [Opt 31-1131] Can not pull register out from mem_bd_i/axi_interconnect_0/s00_couplers/auto_pc/inst/gen_axilite.gen_b2s_conv.axilite_b2s/RD.r_channel_0/rd_data_fifo_0/memory_reg[31][32]_srl32 due to none static srl address bits
WARNING: [Opt 31-1131] Can not pull register out from mem_bd_i/axi_interconnect_0/s00_couplers/auto_pc/inst/gen_axilite.gen_b2s_conv.axilite_b2s/RD.r_channel_0/rd_data_fifo_0/memory_reg[31][33]_srl32 due to none static srl address bits
WARNING: [Opt 31-1131] Can not pull register out from mem_bd_i/axi_interconnect_0/s00_couplers/auto_pc/inst/gen_axilite.gen_b2s_conv.axilite_b2s/RD.r_channel_0/rd_data_fifo_0/memory_reg[31][3]_srl32 due to none static srl address bits
WARNING: [Opt 31-1131] Can not pull register out from mem_bd_i/axi_interconnect_0/s00_couplers/auto_pc/inst/gen_axilite.gen_b2s_conv.axilite_b2s/RD.r_channel_0/rd_data_fifo_0/memory_reg[31][4]_srl32 due to none static srl address bits
WARNING: [Opt 31-1131] Can not pull register out from mem_bd_i/axi_interconnect_0/s00_couplers/auto_pc/inst/gen_axilite.gen_b2s_conv.axilite_b2s/RD.r_channel_0/rd_data_fifo_0/memory_reg[31][5]_srl32 due to none static srl address bits
WARNING: [Opt 31-1131] Can not pull register out from mem_bd_i/axi_interconnect_0/s00_couplers/auto_pc/inst/gen_axilite.gen_b2s_conv.axilite_b2s/RD.r_channel_0/rd_data_fifo_0/memory_reg[31][6]_srl32 due to none static srl address bits
WARNING: [Opt 31-1131] Can not pull register out from mem_bd_i/axi_interconnect_0/s00_couplers/auto_pc/inst/gen_axilite.gen_b2s_conv.axilite_b2s/RD.r_channel_0/rd_data_fifo_0/memory_reg[31][7]_srl32 due to none static srl address bits
WARNING: [Opt 31-1131] Can not pull register out from mem_bd_i/axi_interconnect_0/s00_couplers/auto_pc/inst/gen_axilite.gen_b2s_conv.axilite_b2s/RD.r_channel_0/rd_data_fifo_0/memory_reg[31][8]_srl32 due to none static srl address bits
WARNING: [Opt 31-1131] Can not pull register out from mem_bd_i/axi_interconnect_0/s00_couplers/auto_pc/inst/gen_axilite.gen_b2s_conv.axilite_b2s/RD.r_channel_0/rd_data_fifo_0/memory_reg[31][9]_srl32 due to none static srl address bits
WARNING: [Opt 31-1131] Can not pull register out from mem_bd_i/axi_interconnect_0/s00_couplers/auto_pc/inst/gen_axilite.gen_b2s_conv.axilite_b2s/RD.r_channel_0/transaction_fifo_0/memory_reg[31][0]_srl32 due to none static srl address bits
WARNING: [Opt 31-1131] Can not pull register out from mem_bd_i/axi_interconnect_0/s00_couplers/auto_pc/inst/gen_axilite.gen_b2s_conv.axilite_b2s/RD.r_channel_0/transaction_fifo_0/memory_reg[31][10]_srl32 due to none static srl address bits
WARNING: [Opt 31-1131] Can not pull register out from mem_bd_i/axi_interconnect_0/s00_couplers/auto_pc/inst/gen_axilite.gen_b2s_conv.axilite_b2s/RD.r_channel_0/transaction_fifo_0/memory_reg[31][11]_srl32 due to none static srl address bits
WARNING: [Opt 31-1131] Can not pull register out from mem_bd_i/axi_interconnect_0/s00_couplers/auto_pc/inst/gen_axilite.gen_b2s_conv.axilite_b2s/RD.r_channel_0/transaction_fifo_0/memory_reg[31][12]_srl32 due to none static srl address bits
WARNING: [Opt 31-1131] Can not pull register out from mem_bd_i/axi_interconnect_0/s00_couplers/auto_pc/inst/gen_axilite.gen_b2s_conv.axilite_b2s/RD.r_channel_0/transaction_fifo_0/memory_reg[31][13]_srl32 due to none static srl address bits
WARNING: [Opt 31-1131] Can not pull register out from mem_bd_i/axi_interconnect_0/s00_couplers/auto_pc/inst/gen_axilite.gen_b2s_conv.axilite_b2s/RD.r_channel_0/transaction_fifo_0/memory_reg[31][14]_srl32 due to none static srl address bits
WARNING: [Opt 31-1131] Can not pull register out from mem_bd_i/axi_interconnect_0/s00_couplers/auto_pc/inst/gen_axilite.gen_b2s_conv.axilite_b2s/RD.r_channel_0/transaction_fifo_0/memory_reg[31][15]_srl32 due to none static srl address bits
WARNING: [Opt 31-1131] Can not pull register out from mem_bd_i/axi_interconnect_0/s00_couplers/auto_pc/inst/gen_axilite.gen_b2s_conv.axilite_b2s/RD.r_channel_0/transaction_fifo_0/memory_reg[31][16]_srl32 due to none static srl address bits
WARNING: [Opt 31-1131] Can not pull register out from mem_bd_i/axi_interconnect_0/s00_couplers/auto_pc/inst/gen_axilite.gen_b2s_conv.axilite_b2s/RD.r_channel_0/transaction_fifo_0/memory_reg[31][1]_srl32 due to none static srl address bits
WARNING: [Opt 31-1131] Can not pull register out from mem_bd_i/axi_interconnect_0/s00_couplers/auto_pc/inst/gen_axilite.gen_b2s_conv.axilite_b2s/RD.r_channel_0/transaction_fifo_0/memory_reg[31][2]_srl32 due to none static srl address bits
WARNING: [Opt 31-1131] Can not pull register out from mem_bd_i/axi_interconnect_0/s00_couplers/auto_pc/inst/gen_axilite.gen_b2s_conv.axilite_b2s/RD.r_channel_0/transaction_fifo_0/memory_reg[31][3]_srl32 due to none static srl address bits
WARNING: [Opt 31-1131] Can not pull register out from mem_bd_i/axi_interconnect_0/s00_couplers/auto_pc/inst/gen_axilite.gen_b2s_conv.axilite_b2s/RD.r_channel_0/transaction_fifo_0/memory_reg[31][4]_srl32 due to none static srl address bits
WARNING: [Opt 31-1131] Can not pull register out from mem_bd_i/axi_interconnect_0/s00_couplers/auto_pc/inst/gen_axilite.gen_b2s_conv.axilite_b2s/RD.r_channel_0/transaction_fifo_0/memory_reg[31][5]_srl32 due to none static srl address bits
WARNING: [Opt 31-1131] Can not pull register out from mem_bd_i/axi_interconnect_0/s00_couplers/auto_pc/inst/gen_axilite.gen_b2s_conv.axilite_b2s/RD.r_channel_0/transaction_fifo_0/memory_reg[31][6]_srl32 due to none static srl address bits
WARNING: [Opt 31-1131] Can not pull register out from mem_bd_i/axi_interconnect_0/s00_couplers/auto_pc/inst/gen_axilite.gen_b2s_conv.axilite_b2s/RD.r_channel_0/transaction_fifo_0/memory_reg[31][7]_srl32 due to none static srl address bits
WARNING: [Opt 31-1131] Can not pull register out from mem_bd_i/axi_interconnect_0/s00_couplers/auto_pc/inst/gen_axilite.gen_b2s_conv.axilite_b2s/RD.r_channel_0/transaction_fifo_0/memory_reg[31][8]_srl32 due to none static srl address bits
WARNING: [Opt 31-1131] Can not pull register out from mem_bd_i/axi_interconnect_0/s00_couplers/auto_pc/inst/gen_axilite.gen_b2s_conv.axilite_b2s/RD.r_channel_0/transaction_fifo_0/memory_reg[31][9]_srl32 due to none static srl address bits
WARNING: [Opt 31-1131] Can not pull register out from mem_bd_i/axi_interconnect_0/s00_couplers/auto_pc/inst/gen_axilite.gen_b2s_conv.axilite_b2s/WR.b_channel_0/bid_fifo_0/memory_reg[3][0]_srl4 due to none static srl address bits
WARNING: [Opt 31-1131] Can not pull register out from mem_bd_i/axi_interconnect_0/s00_couplers/auto_pc/inst/gen_axilite.gen_b2s_conv.axilite_b2s/WR.b_channel_0/bid_fifo_0/memory_reg[3][10]_srl4 due to none static srl address bits
WARNING: [Opt 31-1131] Can not pull register out from mem_bd_i/axi_interconnect_0/s00_couplers/auto_pc/inst/gen_axilite.gen_b2s_conv.axilite_b2s/WR.b_channel_0/bid_fifo_0/memory_reg[3][11]_srl4 due to none static srl address bits
WARNING: [Opt 31-1131] Can not pull register out from mem_bd_i/axi_interconnect_0/s00_couplers/auto_pc/inst/gen_axilite.gen_b2s_conv.axilite_b2s/WR.b_channel_0/bid_fifo_0/memory_reg[3][12]_srl4 due to none static srl address bits
WARNING: [Opt 31-1131] Can not pull register out from mem_bd_i/axi_interconnect_0/s00_couplers/auto_pc/inst/gen_axilite.gen_b2s_conv.axilite_b2s/WR.b_channel_0/bid_fifo_0/memory_reg[3][13]_srl4 due to none static srl address bits
WARNING: [Opt 31-1131] Can not pull register out from mem_bd_i/axi_interconnect_0/s00_couplers/auto_pc/inst/gen_axilite.gen_b2s_conv.axilite_b2s/WR.b_channel_0/bid_fifo_0/memory_reg[3][14]_srl4 due to none static srl address bits
WARNING: [Opt 31-1131] Can not pull register out from mem_bd_i/axi_interconnect_0/s00_couplers/auto_pc/inst/gen_axilite.gen_b2s_conv.axilite_b2s/WR.b_channel_0/bid_fifo_0/memory_reg[3][15]_srl4 due to none static srl address bits
WARNING: [Opt 31-1131] Can not pull register out from mem_bd_i/axi_interconnect_0/s00_couplers/auto_pc/inst/gen_axilite.gen_b2s_conv.axilite_b2s/WR.b_channel_0/bid_fifo_0/memory_reg[3][16]_srl4 due to none static srl address bits
WARNING: [Opt 31-1131] Can not pull register out from mem_bd_i/axi_interconnect_0/s00_couplers/auto_pc/inst/gen_axilite.gen_b2s_conv.axilite_b2s/WR.b_channel_0/bid_fifo_0/memory_reg[3][17]_srl4 due to none static srl address bits
WARNING: [Opt 31-1131] Can not pull register out from mem_bd_i/axi_interconnect_0/s00_couplers/auto_pc/inst/gen_axilite.gen_b2s_conv.axilite_b2s/WR.b_channel_0/bid_fifo_0/memory_reg[3][18]_srl4 due to none static srl address bits
WARNING: [Opt 31-1131] Can not pull register out from mem_bd_i/axi_interconnect_0/s00_couplers/auto_pc/inst/gen_axilite.gen_b2s_conv.axilite_b2s/WR.b_channel_0/bid_fifo_0/memory_reg[3][19]_srl4 due to none static srl address bits
WARNING: [Opt 31-1131] Can not pull register out from mem_bd_i/axi_interconnect_0/s00_couplers/auto_pc/inst/gen_axilite.gen_b2s_conv.axilite_b2s/WR.b_channel_0/bid_fifo_0/memory_reg[3][1]_srl4 due to none static srl address bits
WARNING: [Opt 31-1131] Can not pull register out from mem_bd_i/axi_interconnect_0/s00_couplers/auto_pc/inst/gen_axilite.gen_b2s_conv.axilite_b2s/WR.b_channel_0/bid_fifo_0/memory_reg[3][20]_srl4 due to none static srl address bits
WARNING: [Opt 31-1131] Can not pull register out from mem_bd_i/axi_interconnect_0/s00_couplers/auto_pc/inst/gen_axilite.gen_b2s_conv.axilite_b2s/WR.b_channel_0/bid_fifo_0/memory_reg[3][21]_srl4 due to none static srl address bits
WARNING: [Opt 31-1131] Can not pull register out from mem_bd_i/axi_interconnect_0/s00_couplers/auto_pc/inst/gen_axilite.gen_b2s_conv.axilite_b2s/WR.b_channel_0/bid_fifo_0/memory_reg[3][22]_srl4 due to none static srl address bits
WARNING: [Opt 31-1131] Can not pull register out from mem_bd_i/axi_interconnect_0/s00_couplers/auto_pc/inst/gen_axilite.gen_b2s_conv.axilite_b2s/WR.b_channel_0/bid_fifo_0/memory_reg[3][23]_srl4 due to none static srl address bits
WARNING: [Opt 31-1131] Can not pull register out from mem_bd_i/axi_interconnect_0/s00_couplers/auto_pc/inst/gen_axilite.gen_b2s_conv.axilite_b2s/WR.b_channel_0/bid_fifo_0/memory_reg[3][2]_srl4 due to none static srl address bits
WARNING: [Opt 31-1131] Can not pull register out from mem_bd_i/axi_interconnect_0/s00_couplers/auto_pc/inst/gen_axilite.gen_b2s_conv.axilite_b2s/WR.b_channel_0/bid_fifo_0/memory_reg[3][3]_srl4 due to none static srl address bits
WARNING: [Opt 31-1131] Can not pull register out from mem_bd_i/axi_interconnect_0/s00_couplers/auto_pc/inst/gen_axilite.gen_b2s_conv.axilite_b2s/WR.b_channel_0/bid_fifo_0/memory_reg[3][4]_srl4 due to none static srl address bits
WARNING: [Opt 31-1131] Can not pull register out from mem_bd_i/axi_interconnect_0/s00_couplers/auto_pc/inst/gen_axilite.gen_b2s_conv.axilite_b2s/WR.b_channel_0/bid_fifo_0/memory_reg[3][5]_srl4 due to none static srl address bits
WARNING: [Opt 31-1131] Can not pull register out from mem_bd_i/axi_interconnect_0/s00_couplers/auto_pc/inst/gen_axilite.gen_b2s_conv.axilite_b2s/WR.b_channel_0/bid_fifo_0/memory_reg[3][6]_srl4 due to none static srl address bits
WARNING: [Opt 31-1131] Can not pull register out from mem_bd_i/axi_interconnect_0/s00_couplers/auto_pc/inst/gen_axilite.gen_b2s_conv.axilite_b2s/WR.b_channel_0/bid_fifo_0/memory_reg[3][7]_srl4 due to none static srl address bits
WARNING: [Opt 31-1131] Can not pull register out from mem_bd_i/axi_interconnect_0/s00_couplers/auto_pc/inst/gen_axilite.gen_b2s_conv.axilite_b2s/WR.b_channel_0/bid_fifo_0/memory_reg[3][8]_srl4 due to none static srl address bits
WARNING: [Opt 31-1131] Can not pull register out from mem_bd_i/axi_interconnect_0/s00_couplers/auto_pc/inst/gen_axilite.gen_b2s_conv.axilite_b2s/WR.b_channel_0/bid_fifo_0/memory_reg[3][9]_srl4 due to none static srl address bits
WARNING: [Opt 31-1131] Can not pull register out from mem_bd_i/axi_interconnect_0/s00_couplers/auto_pc/inst/gen_axilite.gen_b2s_conv.axilite_b2s/WR.b_channel_0/bresp_fifo_0/memory_reg[3][0]_srl4 due to none static srl address bits
WARNING: [Opt 31-1131] Can not pull register out from mem_bd_i/axi_interconnect_0/s00_couplers/auto_pc/inst/gen_axilite.gen_b2s_conv.axilite_b2s/WR.b_channel_0/bresp_fifo_0/memory_reg[3][1]_srl4 due to none static srl address bits
WARNING: [Opt 31-1131] Can not pull register out from mem_bd_i/axi_smc/inst/m00_exit_pipeline/m00_exit/inst/exit_inst/gen_r_cmd_fifo.r_cmd_fifo/gen_srls[10].srl_nx1/shift_reg_reg[0]_srl16 due to none static srl address bits
WARNING: [Opt 31-1131] Can not pull register out from mem_bd_i/axi_smc/inst/m00_exit_pipeline/m00_exit/inst/exit_inst/gen_r_cmd_fifo.r_cmd_fifo/gen_srls[11].srl_nx1/shift_reg_reg[0]_srl16 due to none static srl address bits
WARNING: [Opt 31-1131] Can not pull register out from mem_bd_i/axi_smc/inst/m00_exit_pipeline/m00_exit/inst/exit_inst/gen_r_cmd_fifo.r_cmd_fifo/gen_srls[12].srl_nx1/shift_reg_reg[0]_srl16 due to none static srl address bits
WARNING: [Opt 31-1131] Can not pull register out from mem_bd_i/axi_smc/inst/m00_exit_pipeline/m00_exit/inst/exit_inst/gen_r_cmd_fifo.r_cmd_fifo/gen_srls[13].srl_nx1/shift_reg_reg[0]_srl16 due to none static srl address bits
WARNING: [Opt 31-1131] Can not pull register out from mem_bd_i/axi_smc/inst/m00_exit_pipeline/m00_exit/inst/exit_inst/gen_r_cmd_fifo.r_cmd_fifo/gen_srls[14].srl_nx1/shift_reg_reg[0]_srl16 due to none static srl address bits
WARNING: [Opt 31-1131] Can not pull register out from mem_bd_i/axi_smc/inst/m00_exit_pipeline/m00_exit/inst/exit_inst/gen_r_cmd_fifo.r_cmd_fifo/gen_srls[15].srl_nx1/shift_reg_reg[0]_srl16 due to none static srl address bits
WARNING: [Opt 31-1131] Can not pull register out from mem_bd_i/axi_smc/inst/m00_exit_pipeline/m00_exit/inst/exit_inst/gen_r_cmd_fifo.r_cmd_fifo/gen_srls[16].srl_nx1/shift_reg_reg[0]_srl16 due to none static srl address bits
WARNING: [Opt 31-1131] Can not pull register out from mem_bd_i/axi_smc/inst/m00_exit_pipeline/m00_exit/inst/exit_inst/gen_r_cmd_fifo.r_cmd_fifo/gen_srls[1].srl_nx1/shift_reg_reg[0]_srl16 due to none static srl address bits
WARNING: [Opt 31-1131] Can not pull register out from mem_bd_i/axi_smc/inst/m00_exit_pipeline/m00_exit/inst/exit_inst/gen_r_cmd_fifo.r_cmd_fifo/gen_srls[2].srl_nx1/shift_reg_reg[0]_srl16 due to none static srl address bits
WARNING: [Opt 31-1131] Can not pull register out from mem_bd_i/axi_smc/inst/m00_exit_pipeline/m00_exit/inst/exit_inst/gen_r_cmd_fifo.r_cmd_fifo/gen_srls[3].srl_nx1/shift_reg_reg[0]_srl16 due to none static srl address bits
WARNING: [Opt 31-1131] Can not pull register out from mem_bd_i/axi_smc/inst/m00_exit_pipeline/m00_exit/inst/exit_inst/gen_r_cmd_fifo.r_cmd_fifo/gen_srls[4].srl_nx1/shift_reg_reg[0]_srl16 due to none static srl address bits
WARNING: [Opt 31-1131] Can not pull register out from mem_bd_i/axi_smc/inst/m00_exit_pipeline/m00_exit/inst/exit_inst/gen_r_cmd_fifo.r_cmd_fifo/gen_srls[5].srl_nx1/shift_reg_reg[0]_srl16 due to none static srl address bits
WARNING: [Opt 31-1131] Can not pull register out from mem_bd_i/axi_smc/inst/m00_exit_pipeline/m00_exit/inst/exit_inst/gen_r_cmd_fifo.r_cmd_fifo/gen_srls[6].srl_nx1/shift_reg_reg[0]_srl16 due to none static srl address bits
WARNING: [Opt 31-1131] Can not pull register out from mem_bd_i/axi_smc/inst/m00_exit_pipeline/m00_exit/inst/exit_inst/gen_r_cmd_fifo.r_cmd_fifo/gen_srls[7].srl_nx1/shift_reg_reg[0]_srl16 due to none static srl address bits
WARNING: [Opt 31-1131] Can not pull register out from mem_bd_i/axi_smc/inst/m00_exit_pipeline/m00_exit/inst/exit_inst/gen_r_cmd_fifo.r_cmd_fifo/gen_srls[8].srl_nx1/shift_reg_reg[0]_srl16 due to none static srl address bits
WARNING: [Opt 31-1131] Can not pull register out from mem_bd_i/axi_smc/inst/m00_exit_pipeline/m00_exit/inst/exit_inst/gen_r_cmd_fifo.r_cmd_fifo/gen_srls[9].srl_nx1/shift_reg_reg[0]_srl16 due to none static srl address bits
WARNING: [Opt 31-1131] Can not pull register out from mem_bd_i/axi_smc/inst/m00_exit_pipeline/m00_exit/inst/exit_inst/gen_w_cmd_fifo.w_cmd_fifo/gen_srls[1].srl_nx1/shift_reg_reg[0]_srl16 due to none static srl address bits
WARNING: [Opt 31-1131] Can not pull register out from mem_bd_i/axi_smc/inst/m00_exit_pipeline/m00_exit/inst/exit_inst/gen_w_cmd_fifo.w_cmd_fifo/gen_srls[2].srl_nx1/shift_reg_reg[0]_srl16 due to none static srl address bits
WARNING: [Opt 31-1131] Can not pull register out from mem_bd_i/axi_smc/inst/m00_nodes/m00_aw_node/inst/inst_si_handler/gen_m_axis_arb_fifo.inst_axis_arb_fifo/gen_srls[1].srl_nx1/shift_reg_reg[0]_srl16 due to none static srl address bits
WARNING: [Opt 31-1131] Can not pull register out from mem_bd_i/axi_smc/inst/s01_entry_pipeline/s01_si_converter/inst/gen_normal.splitter_inst/gen_no_wsplitter.gen_endpoint_woffset.gen_wbypass_offset_fifo.wbypass_offset_fifo/gen_srls[0].srl_nx1/shift_reg_reg[0]_srl16 due to none static srl address bits
WARNING: [Opt 31-1131] Can not pull register out from mem_bd_i/axi_smc/inst/s01_entry_pipeline/s01_si_converter/inst/gen_normal.splitter_inst/gen_no_wsplitter.gen_endpoint_woffset.gen_wbypass_offset_fifo.wbypass_offset_fifo/gen_srls[10].srl_nx1/shift_reg_reg[0]_srl16 due to none static srl address bits
WARNING: [Opt 31-1131] Can not pull register out from mem_bd_i/axi_smc/inst/s01_entry_pipeline/s01_si_converter/inst/gen_normal.splitter_inst/gen_no_wsplitter.gen_endpoint_woffset.gen_wbypass_offset_fifo.wbypass_offset_fifo/gen_srls[11].srl_nx1/shift_reg_reg[0]_srl16 due to none static srl address bits
WARNING: [Opt 31-1131] Can not pull register out from mem_bd_i/axi_smc/inst/s01_entry_pipeline/s01_si_converter/inst/gen_normal.splitter_inst/gen_no_wsplitter.gen_endpoint_woffset.gen_wbypass_offset_fifo.wbypass_offset_fifo/gen_srls[12].srl_nx1/shift_reg_reg[0]_srl16 due to none static srl address bits
INFO: [Common 17-14] Message 'Opt 31-1131' appears 100 times and further instances of the messages will be disabled. Use the Tcl command set_msg_config to change the current settings.
INFO: [Opt 31-1064] SRL Remap converted 0 SRLs to 0 registers and converted 0 registers of register chains to 0 SRLs
Phase 7 Shift Register Optimization | Checksum: ec579382

Time (s): cpu = 00:00:13 ; elapsed = 00:00:08 . Memory (MB): peak = 3575.945 ; gain = 0.000 ; free physical = 10250 ; free virtual = 145601
Shift Register Optimization | Checksum: ec579382
INFO: [Opt 31-389] Phase Shift Register Optimization created 0 cells and removed 0 cells

Phase 8 Post Processing Netlist
Phase 8 Post Processing Netlist | Checksum: d9525412

Time (s): cpu = 00:00:13 ; elapsed = 00:00:08 . Memory (MB): peak = 3575.945 ; gain = 0.000 ; free physical = 10250 ; free virtual = 145601
Post Processing Netlist | Checksum: d9525412
INFO: [Opt 31-389] Phase Post Processing Netlist created 0 cells and removed 0 cells
INFO: [Opt 31-1021] In phase Post Processing Netlist, 60 netlist objects are constrained preventing optimization. Please run opt_design with -debug_log to get more detail. 

Phase 9 Finalization

Phase 9.1 Finalizing Design Cores and Updating Shapes
Phase 9.1 Finalizing Design Cores and Updating Shapes | Checksum: d17864a2

Time (s): cpu = 00:00:14 ; elapsed = 00:00:09 . Memory (MB): peak = 3575.945 ; gain = 0.000 ; free physical = 10248 ; free virtual = 145600

Phase 9.2 Verifying Netlist Connectivity

Starting Connectivity Check Task

Time (s): cpu = 00:00:00.17 ; elapsed = 00:00:00.17 . Memory (MB): peak = 3575.945 ; gain = 0.000 ; free physical = 10248 ; free virtual = 145600
Phase 9.2 Verifying Netlist Connectivity | Checksum: d17864a2

Time (s): cpu = 00:00:14 ; elapsed = 00:00:09 . Memory (MB): peak = 3575.945 ; gain = 0.000 ; free physical = 10248 ; free virtual = 145600
Phase 9 Finalization | Checksum: d17864a2

Time (s): cpu = 00:00:14 ; elapsed = 00:00:09 . Memory (MB): peak = 3575.945 ; gain = 0.000 ; free physical = 10248 ; free virtual = 145600
Opt_design Change Summary
=========================


-------------------------------------------------------------------------------------------------------------------------
|  Phase                        |  #Cells created  |  #Cells Removed  |  #Constrained objects preventing optimizations  |
-------------------------------------------------------------------------------------------------------------------------
|  Retarget                     |             125  |             509  |                                             60  |
|  Constant propagation         |              40  |             263  |                                             60  |
|  Sweep                        |               0  |            1183  |                                             77  |
|  BUFG optimization            |               0  |               0  |                                              0  |
|  Shift Register Optimization  |               0  |               0  |                                              0  |
|  Post Processing Netlist      |               0  |               0  |                                             60  |
-------------------------------------------------------------------------------------------------------------------------


Ending Logic Optimization Task | Checksum: d17864a2

Time (s): cpu = 00:00:14 ; elapsed = 00:00:09 . Memory (MB): peak = 3575.945 ; gain = 0.000 ; free physical = 10248 ; free virtual = 145600
INFO: [Constraints 18-11670] Building netlist checker database with flags, 0x8
Done building netlist checker database: Time (s): cpu = 00:00:00.03 ; elapsed = 00:00:00.03 . Memory (MB): peak = 3575.945 ; gain = 0.000 ; free physical = 10248 ; free virtual = 145601

Starting Power Optimization Task
INFO: [Pwropt 34-132] Skipping clock gating for clocks with a period < 2.00 ns.
INFO: [Timing 38-35] Done setting XDC timing constraints.
INFO: [Pwropt 34-9] Applying IDT optimizations ...
INFO: [Pwropt 34-10] Applying ODC optimizations ...
Running Vector-less Activity Propagation...

Finished Running Vector-less Activity Propagation


Starting PowerOpt Patch Enables Task
INFO: [Pwropt 34-162] WRITE_MODE attribute of 2 BRAM(s) out of a total of 84 has been updated to save power. Run report_power_opt to get a complete listing of the BRAMs updated.
INFO: [Pwropt 34-201] Structural ODC has moved 4 WE to EN ports
Number of BRAM Ports augmented: 1 newly gated: 6 Total Ports: 168
Ending PowerOpt Patch Enables Task | Checksum: 13f7f37c8

Time (s): cpu = 00:00:00.78 ; elapsed = 00:00:00.76 . Memory (MB): peak = 4518.078 ; gain = 0.000 ; free physical = 9409 ; free virtual = 144790
Ending Power Optimization Task | Checksum: 13f7f37c8

Time (s): cpu = 00:00:44 ; elapsed = 00:00:19 . Memory (MB): peak = 4518.078 ; gain = 942.133 ; free physical = 9409 ; free virtual = 144790

Starting Final Cleanup Task
Ending Final Cleanup Task | Checksum: 13f7f37c8

Time (s): cpu = 00:00:00 ; elapsed = 00:00:00 . Memory (MB): peak = 4518.078 ; gain = 0.000 ; free physical = 9409 ; free virtual = 144790

Starting Netlist Obfuscation Task
Netlist sorting complete. Time (s): cpu = 00:00:00.02 ; elapsed = 00:00:00.02 . Memory (MB): peak = 4518.078 ; gain = 0.000 ; free physical = 9409 ; free virtual = 144789
Ending Netlist Obfuscation Task | Checksum: 16c7c36a5

Time (s): cpu = 00:00:00.02 ; elapsed = 00:00:00.03 . Memory (MB): peak = 4518.078 ; gain = 0.000 ; free physical = 9409 ; free virtual = 144789
INFO: [Common 17-83] Releasing license: Implementation
52 Infos, 203 Warnings, 0 Critical Warnings and 0 Errors encountered.
opt_design completed successfully
opt_design: Time (s): cpu = 00:01:14 ; elapsed = 00:00:35 . Memory (MB): peak = 4518.078 ; gain = 1092.980 ; free physical = 9409 ; free virtual = 144789
INFO: [runtcl-4] Executing : report_drc -file mem_bd_wrapper_drc_opted.rpt -pb mem_bd_wrapper_drc_opted.pb -rpx mem_bd_wrapper_drc_opted.rpx
Command: report_drc -file mem_bd_wrapper_drc_opted.rpt -pb mem_bd_wrapper_drc_opted.pb -rpx mem_bd_wrapper_drc_opted.rpx
INFO: [IP_Flow 19-1839] IP Catalog is up to date.
INFO: [DRC 23-27] Running DRC with 8 threads
INFO: [Vivado_Tcl 2-168] The results of DRC are in file /home/mss464/minitpu/tpu/ultra96-v2/output/mem_system/mem_system.runs/impl_1/mem_bd_wrapper_drc_opted.rpt.
report_drc completed successfully
INFO: [Timing 38-480] Writing timing data to binary archive.
Write ShapeDB Complete: Time (s): cpu = 00:00:00.47 ; elapsed = 00:00:00.13 . Memory (MB): peak = 4550.094 ; gain = 0.000 ; free physical = 9391 ; free virtual = 144782
INFO: [Common 17-1381] The checkpoint '/home/mss464/minitpu/tpu/ultra96-v2/output/mem_system/mem_system.runs/impl_1/mem_bd_wrapper_opt.dcp' has been generated.
write_checkpoint: Time (s): cpu = 00:00:10 ; elapsed = 00:00:07 . Memory (MB): peak = 4550.094 ; gain = 0.000 ; free physical = 9433 ; free virtual = 144842
Command: place_design
Attempting to get a license for feature 'Implementation' and/or device 'xczu3eg'
INFO: [Common 17-349] Got license for feature 'Implementation' and/or device 'xczu3eg'
INFO: [Common 17-83] Releasing license: Implementation
INFO: [DRC 23-27] Running DRC with 8 threads
INFO: [Vivado_Tcl 4-198] DRC finished with 0 Errors
INFO: [Vivado_Tcl 4-199] Please refer to the DRC report (report_drc) for more information.
Running DRC as a precondition to command place_design
INFO: [DRC 23-27] Running DRC with 8 threads
INFO: [Vivado_Tcl 4-198] DRC finished with 0 Errors
INFO: [Vivado_Tcl 4-199] Please refer to the DRC report (report_drc) for more information.
INFO: [Place 30-611] Multithreading enabled for place_design using a maximum of 8 CPUs

Starting Placer Task

Phase 1 Placer Initialization

Phase 1.1 Placer Initialization Netlist Sorting
Netlist sorting complete. Time (s): cpu = 00:00:00 ; elapsed = 00:00:00.01 . Memory (MB): peak = 4558.098 ; gain = 0.000 ; free physical = 9405 ; free virtual = 144815
Phase 1.1 Placer Initialization Netlist Sorting | Checksum: 7e9465f2

Time (s): cpu = 00:00:00.04 ; elapsed = 00:00:00.05 . Memory (MB): peak = 4558.098 ; gain = 0.000 ; free physical = 9405 ; free virtual = 144815
Netlist sorting complete. Time (s): cpu = 00:00:00.01 ; elapsed = 00:00:00.01 . Memory (MB): peak = 4558.098 ; gain = 0.000 ; free physical = 9404 ; free virtual = 144815

Phase 1.2 IO Placement/ Clock Placement/ Build Placer Device
INFO: [Timing 38-35] Done setting XDC timing constraints.
Phase 1.2 IO Placement/ Clock Placement/ Build Placer Device | Checksum: 132c02b66

Time (s): cpu = 00:00:30 ; elapsed = 00:00:22 . Memory (MB): peak = 4885.598 ; gain = 327.500 ; free physical = 8978 ; free virtual = 144422

Phase 1.3 Build Placer Netlist Model
Phase 1.3 Build Placer Netlist Model | Checksum: 1bc62ec91

Time (s): cpu = 00:00:59 ; elapsed = 00:00:35 . Memory (MB): peak = 4917.613 ; gain = 359.516 ; free physical = 8901 ; free virtual = 144366

Phase 1.4 Constrain Clocks/Macros
Phase 1.4 Constrain Clocks/Macros | Checksum: 1bc62ec91

Time (s): cpu = 00:01:00 ; elapsed = 00:00:36 . Memory (MB): peak = 4917.613 ; gain = 359.516 ; free physical = 8900 ; free virtual = 144365
Phase 1 Placer Initialization | Checksum: 1bc62ec91

Time (s): cpu = 00:01:00 ; elapsed = 00:00:36 . Memory (MB): peak = 4917.613 ; gain = 359.516 ; free physical = 8900 ; free virtual = 144366

Phase 2 Global Placement

Phase 2.1 Floorplanning

Phase 2.1.1 Partition Driven Placement

Phase 2.1.1.1 PBP: Partition Driven Placement
Phase 2.1.1.1 PBP: Partition Driven Placement | Checksum: 192dba8dd

Time (s): cpu = 00:02:11 ; elapsed = 00:01:02 . Memory (MB): peak = 4917.613 ; gain = 359.516 ; free physical = 8923 ; free virtual = 144430

Phase 2.1.1.2 PBP: Clock Region Placement
INFO: [Place 30-3162] Check ILP status : ILP-based clock placer completed successfully.
Phase 2.1.1.2 PBP: Clock Region Placement | Checksum: 192dba8dd

Time (s): cpu = 00:02:12 ; elapsed = 00:01:03 . Memory (MB): peak = 4917.613 ; gain = 359.516 ; free physical = 8920 ; free virtual = 144429

Phase 2.1.1.3 PBP: Compute Congestion
Phase 2.1.1.3 PBP: Compute Congestion | Checksum: 192dba8dd

Time (s): cpu = 00:02:28 ; elapsed = 00:01:07 . Memory (MB): peak = 5327.598 ; gain = 769.500 ; free physical = 8572 ; free virtual = 144084

Phase 2.1.1.4 PBP: UpdateTiming
Phase 2.1.1.4 PBP: UpdateTiming | Checksum: 137573b74

Time (s): cpu = 00:02:34 ; elapsed = 00:01:09 . Memory (MB): peak = 5359.613 ; gain = 801.516 ; free physical = 8553 ; free virtual = 144069

Phase 2.1.1.5 PBP: Add part constraints
Phase 2.1.1.5 PBP: Add part constraints | Checksum: 137573b74

Time (s): cpu = 00:02:35 ; elapsed = 00:01:10 . Memory (MB): peak = 5359.613 ; gain = 801.516 ; free physical = 8547 ; free virtual = 144063
Phase 2.1.1 Partition Driven Placement | Checksum: 137573b74

Time (s): cpu = 00:02:35 ; elapsed = 00:01:10 . Memory (MB): peak = 5359.613 ; gain = 801.516 ; free physical = 8547 ; free virtual = 144063
Phase 2.1 Floorplanning | Checksum: 1fbe8e398

Time (s): cpu = 00:02:35 ; elapsed = 00:01:10 . Memory (MB): peak = 5359.613 ; gain = 801.516 ; free physical = 8542 ; free virtual = 144058

Phase 2.2 Update Timing before SLR Path Opt
Phase 2.2 Update Timing before SLR Path Opt | Checksum: 1fbe8e398

Time (s): cpu = 00:02:35 ; elapsed = 00:01:10 . Memory (MB): peak = 5359.613 ; gain = 801.516 ; free physical = 8542 ; free virtual = 144058

Phase 2.3 Post-Processing in Floorplanning
Phase 2.3 Post-Processing in Floorplanning | Checksum: 1fbe8e398

Time (s): cpu = 00:02:35 ; elapsed = 00:01:10 . Memory (MB): peak = 5359.613 ; gain = 801.516 ; free physical = 8541 ; free virtual = 144058

Phase 2.4 Global Placement Core

Phase 2.4.1 UpdateTiming Before Physical Synthesis
Phase 2.4.1 UpdateTiming Before Physical Synthesis | Checksum: 15bdd85bf

Time (s): cpu = 00:05:58 ; elapsed = 00:02:19 . Memory (MB): peak = 5467.613 ; gain = 909.516 ; free physical = 8236 ; free virtual = 143856

Phase 2.4.2 Physical Synthesis In Placer
INFO: [Physopt 32-1035] Found 2838 LUTNM shape to break, 1283 LUT instances to create LUTNM shape
INFO: [Physopt 32-1044] Break lutnm for timing: one critical 249, two critical 2589, total 1092, new lutff created 0
INFO: [Physopt 32-1138] End 1 Pass. Optimized 1583 nets or LUTs. Breaked 1092 LUTs, combined 491 existing LUTs and moved 0 existing LUT
INFO: [Physopt 32-1030] Pass 1. Identified 28 candidate driver sets for equivalent driver rewiring.
INFO: [Physopt 32-661] Optimized 20 nets.  Re-placed 123 instances.
INFO: [Physopt 32-775] End 1 Pass. Optimized 20 nets or cells. Created 133 new cells, deleted 212 existing cells and moved 123 existing cells
Netlist sorting complete. Time (s): cpu = 00:00:00.09 ; elapsed = 00:00:00.09 . Memory (MB): peak = 5467.613 ; gain = 0.000 ; free physical = 8321 ; free virtual = 143947
INFO: [Physopt 32-65] No nets found for high-fanout optimization.
INFO: [Physopt 32-232] Optimized 0 net. Created 0 new instance.
INFO: [Physopt 32-775] End 1 Pass. Optimized 0 net or cell. Created 0 new cell, deleted 0 existing cell and moved 0 existing cell
INFO: [Physopt 32-456] No candidate cells for DSP register optimization found in the design.
INFO: [Physopt 32-775] End 2 Pass. Optimized 0 net or cell. Created 0 new cell, deleted 0 existing cell and moved 0 existing cell
INFO: [Physopt 32-1123] No candidate cells found for Shift Register to Pipeline optimization
INFO: [Physopt 32-775] End 2 Pass. Optimized 0 net or cell. Created 0 new cell, deleted 0 existing cell and moved 0 existing cell
INFO: [Physopt 32-1401] No candidate cells found for Shift Register optimization.
INFO: [Physopt 32-677] No candidate cells for Shift Register optimization found in the design
INFO: [Physopt 32-775] End 1 Pass. Optimized 0 net or cell. Created 0 new cell, deleted 0 existing cell and moved 0 existing cell
INFO: [Physopt 32-526] No candidate cells for BRAM register optimization found in the design
INFO: [Physopt 32-775] End 1 Pass. Optimized 0 net or cell. Created 0 new cell, deleted 0 existing cell and moved 0 existing cell
INFO: [Physopt 32-846] No candidate cells for URAM register optimization found in the design
INFO: [Physopt 32-775] End 1 Pass. Optimized 0 net or cell. Created 0 new cell, deleted 0 existing cell and moved 0 existing cell
INFO: [Physopt 32-846] No candidate cells for URAM register optimization found in the design
INFO: [Physopt 32-775] End 1 Pass. Optimized 0 net or cell. Created 0 new cell, deleted 0 existing cell and moved 0 existing cell
INFO: [Physopt 32-949] No candidate nets found for dynamic/static region interface net replication
INFO: [Physopt 32-775] End 1 Pass. Optimized 0 net or cell. Created 0 new cell, deleted 0 existing cell and moved 0 existing cell
Netlist sorting complete. Time (s): cpu = 00:00:00.01 ; elapsed = 00:00:00.01 . Memory (MB): peak = 5467.613 ; gain = 0.000 ; free physical = 8309 ; free virtual = 143937

Summary of Physical Synthesis Optimizations
============================================


-----------------------------------------------------------------------------------------------------------------------------------------------------------
|  Optimization                                     |  Added Cells  |  Removed Cells  |  Optimized Cells/Nets  |  Dont Touch  |  Iterations  |  Elapsed   |
-----------------------------------------------------------------------------------------------------------------------------------------------------------
|  LUT Combining                                    |         1092  |            491  |                  1583  |           0  |           1  |  00:00:03  |
|  Retime                                           |            0  |              0  |                     0  |           0  |           1  |  00:00:00  |
|  Equivalent Driver Rewiring                       |          133  |            212  |                    20  |           0  |           1  |  00:00:02  |
|  Very High Fanout                                 |            0  |              0  |                     0  |           0  |           1  |  00:00:01  |
|  DSP Register                                     |            0  |              0  |                     0  |           0  |           1  |  00:00:00  |
|  Shift Register to Pipeline                       |            0  |              0  |                     0  |           0  |           1  |  00:00:00  |
|  Shift Register                                   |            0  |              0  |                     0  |           0  |           1  |  00:00:00  |
|  BRAM Register                                    |            0  |              0  |                     0  |           0  |           1  |  00:00:00  |
|  URAM Register                                    |            0  |              0  |                     0  |           0  |           1  |  00:00:00  |
|  Dynamic/Static Region Interface Net Replication  |            0  |              0  |                     0  |           0  |           1  |  00:00:00  |
|  Total                                            |         1225  |            703  |                  1603  |           0  |          10  |  00:00:06  |
-----------------------------------------------------------------------------------------------------------------------------------------------------------


Phase 2.4.2 Physical Synthesis In Placer | Checksum: 1626ce120

Time (s): cpu = 00:06:12 ; elapsed = 00:02:30 . Memory (MB): peak = 5467.613 ; gain = 909.516 ; free physical = 8295 ; free virtual = 143928
Phase 2.4 Global Placement Core | Checksum: f1eb3513

Time (s): cpu = 00:06:33 ; elapsed = 00:02:36 . Memory (MB): peak = 5467.613 ; gain = 909.516 ; free physical = 8290 ; free virtual = 143930
Phase 2 Global Placement | Checksum: f1eb3513

Time (s): cpu = 00:06:34 ; elapsed = 00:02:36 . Memory (MB): peak = 5467.613 ; gain = 909.516 ; free physical = 8289 ; free virtual = 143929

Phase 3 Detail Placement

Phase 3.1 Commit Multi Column Macros
Phase 3.1 Commit Multi Column Macros | Checksum: 14c1304ae

Time (s): cpu = 00:06:56 ; elapsed = 00:02:42 . Memory (MB): peak = 5467.613 ; gain = 909.516 ; free physical = 8328 ; free virtual = 143976

Phase 3.2 Commit Most Macros & LUTRAMs
Phase 3.2 Commit Most Macros & LUTRAMs | Checksum: 16601dc4c

Time (s): cpu = 00:07:06 ; elapsed = 00:02:47 . Memory (MB): peak = 5467.613 ; gain = 909.516 ; free physical = 8313 ; free virtual = 143967

Phase 3.3 Small Shape DP

Phase 3.3.1 Small Shape Clustering
Phase 3.3.1 Small Shape Clustering | Checksum: 17dd207b8

Time (s): cpu = 00:08:18 ; elapsed = 00:03:06 . Memory (MB): peak = 5467.613 ; gain = 909.516 ; free physical = 8253 ; free virtual = 143933

Phase 3.3.2 Slice Area Swap

Phase 3.3.2.1 Slice Area Swap Initial
Phase 3.3.2.1 Slice Area Swap Initial | Checksum: 11315582b

Time (s): cpu = 00:08:27 ; elapsed = 00:03:13 . Memory (MB): peak = 5467.613 ; gain = 909.516 ; free physical = 8259 ; free virtual = 143949
Phase 3.3.2 Slice Area Swap | Checksum: 11315582b

Time (s): cpu = 00:08:28 ; elapsed = 00:03:14 . Memory (MB): peak = 5467.613 ; gain = 909.516 ; free physical = 8257 ; free virtual = 143948
Phase 3.3 Small Shape DP | Checksum: 1a956b8a3

Time (s): cpu = 00:08:47 ; elapsed = 00:03:20 . Memory (MB): peak = 5467.613 ; gain = 909.516 ; free physical = 8256 ; free virtual = 143954

Phase 3.4 Re-assign LUT pins
Phase 3.4 Re-assign LUT pins | Checksum: 178765cf7

Time (s): cpu = 00:08:51 ; elapsed = 00:03:24 . Memory (MB): peak = 5467.613 ; gain = 909.516 ; free physical = 8252 ; free virtual = 143956

Phase 3.5 Pipeline Register Optimization
Phase 3.5 Pipeline Register Optimization | Checksum: 119990a12

Time (s): cpu = 00:08:52 ; elapsed = 00:03:24 . Memory (MB): peak = 5467.613 ; gain = 909.516 ; free physical = 8250 ; free virtual = 143955

Phase 3.6 Fast Optimization
Phase 3.6 Fast Optimization | Checksum: 1d64da55c

Time (s): cpu = 00:09:41 ; elapsed = 00:03:43 . Memory (MB): peak = 5467.613 ; gain = 909.516 ; free physical = 8242 ; free virtual = 143970
Phase 3 Detail Placement | Checksum: 1d64da55c

Time (s): cpu = 00:09:42 ; elapsed = 00:03:43 . Memory (MB): peak = 5467.613 ; gain = 909.516 ; free physical = 8240 ; free virtual = 143969

Phase 4 Post Placement Optimization and Clean-Up

Phase 4.1 Post Commit Optimization
INFO: [Timing 38-35] Done setting XDC timing constraints.

Phase 4.1.1 Post Placement Optimization
Post Placement Optimization Initialization | Checksum: ce8d1ef5

Phase 4.1.1.1 BUFG Insertion

Starting Physical Synthesis Task

Phase 1 Physical Synthesis Initialization
INFO: [Physopt 32-721] Multithreading enabled for phys_opt_design using a maximum of 8 CPUs
INFO: [Physopt 32-619] Estimated Timing Summary | WNS=0.034 | TNS=0.000 |
Phase 1 Physical Synthesis Initialization | Checksum: 11b149e30

Time (s): cpu = 00:00:05 ; elapsed = 00:00:01 . Memory (MB): peak = 5467.613 ; gain = 0.000 ; free physical = 8192 ; free virtual = 143944
INFO: [Place 46-35] Processed net mem_bd_i/axi_dma_0/U0/I_PRMRY_DATAMOVER/GEN_S2MM_FULL.I_S2MM_FULL_WRAPPER/I_RESET/sig_cmd_stat_rst_user_reg_n_cdc_from, inserted BUFG to drive 1097 loads.
INFO: [Place 46-45] Replicated bufg driver mem_bd_i/axi_dma_0/U0/I_PRMRY_DATAMOVER/GEN_S2MM_FULL.I_S2MM_FULL_WRAPPER/I_RESET/sig_cmd_stat_rst_user_reg_n_cdc_from_reg_replica
INFO: [Place 46-56] BUFG insertion identified 1 candidate nets. Inserted BUFG: 1, Replicated BUFG Driver: 1, Skipped due to Placement/Routing Conflicts: 0, Skipped due to Timing Degradation: 0, Skipped due to netlist editing failed: 0.
Ending Physical Synthesis Task | Checksum: 120368031

Time (s): cpu = 00:00:08 ; elapsed = 00:00:03 . Memory (MB): peak = 5467.613 ; gain = 0.000 ; free physical = 8197 ; free virtual = 143951
Phase 4.1.1.1 BUFG Insertion | Checksum: 174fdb53c

Time (s): cpu = 00:10:44 ; elapsed = 00:04:03 . Memory (MB): peak = 5467.613 ; gain = 909.516 ; free physical = 8195 ; free virtual = 143950

Phase 4.1.1.2 Post Placement Timing Optimization
INFO: [Place 30-746] Post Placement Timing Summary WNS=0.502. For the most accurate timing information please run report_timing.
Phase 4.1.1.2 Post Placement Timing Optimization | Checksum: ea2cf863

Time (s): cpu = 00:11:13 ; elapsed = 00:04:27 . Memory (MB): peak = 5467.613 ; gain = 909.516 ; free physical = 8137 ; free virtual = 143927

Time (s): cpu = 00:11:13 ; elapsed = 00:04:27 . Memory (MB): peak = 5467.613 ; gain = 909.516 ; free physical = 8137 ; free virtual = 143927
Phase 4.1 Post Commit Optimization | Checksum: ea2cf863

Time (s): cpu = 00:11:14 ; elapsed = 00:04:27 . Memory (MB): peak = 5467.613 ; gain = 909.516 ; free physical = 8135 ; free virtual = 143926
Netlist sorting complete. Time (s): cpu = 00:00:00.06 ; elapsed = 00:00:00.06 . Memory (MB): peak = 5494.598 ; gain = 0.000 ; free physical = 8105 ; free virtual = 143905

Phase 4.2 Post Placement Cleanup
Phase 4.2 Post Placement Cleanup | Checksum: 1ddd68cef

Time (s): cpu = 00:11:33 ; elapsed = 00:04:35 . Memory (MB): peak = 5494.598 ; gain = 936.500 ; free physical = 8106 ; free virtual = 143908

Phase 4.3 Placer Reporting

Phase 4.3.1 Print Estimated Congestion
INFO: [Place 30-612] Post-Placement Estimated Congestion 
 ________________________________________________________________________
|           | Global Congestion | Long Congestion   | Short Congestion  |
| Direction | Region Size       | Region Size       | Region Size       |
|___________|___________________|___________________|___________________|
|      North|                1x1|                1x1|                1x1|
|___________|___________________|___________________|___________________|
|      South|                1x1|                1x1|                2x2|
|___________|___________________|___________________|___________________|
|       East|                1x1|                1x1|                4x4|
|___________|___________________|___________________|___________________|
|       West|                1x1|                1x1|                4x4|
|___________|___________________|___________________|___________________|

Phase 4.3.1 Print Estimated Congestion | Checksum: 1ddd68cef

Time (s): cpu = 00:11:34 ; elapsed = 00:04:35 . Memory (MB): peak = 5494.598 ; gain = 936.500 ; free physical = 8106 ; free virtual = 143908
Phase 4.3 Placer Reporting | Checksum: 1ddd68cef

Time (s): cpu = 00:11:34 ; elapsed = 00:04:36 . Memory (MB): peak = 5494.598 ; gain = 936.500 ; free physical = 8105 ; free virtual = 143908

Phase 4.4 Final Placement Cleanup
Netlist sorting complete. Time (s): cpu = 00:00:00.02 ; elapsed = 00:00:00.01 . Memory (MB): peak = 5494.598 ; gain = 0.000 ; free physical = 8105 ; free virtual = 143909

Time (s): cpu = 00:11:35 ; elapsed = 00:04:36 . Memory (MB): peak = 5494.598 ; gain = 936.500 ; free physical = 8105 ; free virtual = 143909
Phase 4 Post Placement Optimization and Clean-Up | Checksum: 25c5817a9

Time (s): cpu = 00:11:35 ; elapsed = 00:04:36 . Memory (MB): peak = 5494.598 ; gain = 936.500 ; free physical = 8105 ; free virtual = 143909
Ending Placer Task | Checksum: 252ab5f4f

Time (s): cpu = 00:11:35 ; elapsed = 00:04:37 . Memory (MB): peak = 5494.598 ; gain = 936.500 ; free physical = 8104 ; free virtual = 143908
101 Infos, 203 Warnings, 0 Critical Warnings and 0 Errors encountered.
place_design completed successfully
place_design: Time (s): cpu = 00:11:41 ; elapsed = 00:04:38 . Memory (MB): peak = 5494.598 ; gain = 944.504 ; free physical = 8102 ; free virtual = 143906
INFO: [runtcl-4] Executing : report_io -file mem_bd_wrapper_io_placed.rpt
report_io: Time (s): cpu = 00:00:00.12 ; elapsed = 00:00:00.24 . Memory (MB): peak = 5494.598 ; gain = 0.000 ; free physical = 8101 ; free virtual = 143906
INFO: [runtcl-4] Executing : report_utilization -file mem_bd_wrapper_utilization_placed.rpt -pb mem_bd_wrapper_utilization_placed.pb
INFO: [runtcl-4] Executing : report_control_sets -verbose -file mem_bd_wrapper_control_sets_placed.rpt
report_control_sets: Time (s): cpu = 00:00:00.15 ; elapsed = 00:00:00.28 . Memory (MB): peak = 5494.598 ; gain = 0.000 ; free physical = 8097 ; free virtual = 143903
INFO: [Timing 38-480] Writing timing data to binary archive.
Write ShapeDB Complete: Time (s): cpu = 00:00:00.82 ; elapsed = 00:00:00.18 . Memory (MB): peak = 5494.598 ; gain = 0.000 ; free physical = 8078 ; free virtual = 143897
Wrote PlaceDB: Time (s): cpu = 00:00:11 ; elapsed = 00:00:04 . Memory (MB): peak = 5494.598 ; gain = 0.000 ; free physical = 8003 ; free virtual = 143893
Wrote PulsedLatchDB: Time (s): cpu = 00:00:00 ; elapsed = 00:00:00 . Memory (MB): peak = 5494.598 ; gain = 0.000 ; free physical = 8003 ; free virtual = 143892
Writing XDEF routing.
Writing XDEF routing logical nets.
Writing XDEF routing special nets.
Wrote RouteStorage: Time (s): cpu = 00:00:00.55 ; elapsed = 00:00:00.22 . Memory (MB): peak = 5494.598 ; gain = 0.000 ; free physical = 8005 ; free virtual = 143895
Wrote Netlist Cache: Time (s): cpu = 00:00:00.21 ; elapsed = 00:00:00.12 . Memory (MB): peak = 5494.598 ; gain = 0.000 ; free physical = 7997 ; free virtual = 143893
Wrote Device Cache: Time (s): cpu = 00:00:00.06 ; elapsed = 00:00:00.03 . Memory (MB): peak = 5494.598 ; gain = 0.000 ; free physical = 7998 ; free virtual = 143898
Write Physdb Complete: Time (s): cpu = 00:00:12 ; elapsed = 00:00:04 . Memory (MB): peak = 5494.598 ; gain = 0.000 ; free physical = 7997 ; free virtual = 143898
INFO: [Common 17-1381] The checkpoint '/home/mss464/minitpu/tpu/ultra96-v2/output/mem_system/mem_system.runs/impl_1/mem_bd_wrapper_placed.dcp' has been generated.
write_checkpoint: Time (s): cpu = 00:00:24 ; elapsed = 00:00:12 . Memory (MB): peak = 5518.609 ; gain = 24.012 ; free physical = 7972 ; free virtual = 143821
Command: phys_opt_design
Attempting to get a license for feature 'Implementation' and/or device 'xczu3eg'
INFO: [Common 17-349] Got license for feature 'Implementation' and/or device 'xczu3eg'

Starting Initial Update Timing Task

Time (s): cpu = 00:00:35 ; elapsed = 00:00:08 . Memory (MB): peak = 5518.609 ; gain = 0.000 ; free physical = 7901 ; free virtual = 143762
INFO: [Vivado_Tcl 4-383] Design worst setup slack (WNS) is greater than or equal to 0.000 ns. Skipping all physical synthesis optimizations.
INFO: [Vivado_Tcl 4-232] No setup violation found. The netlist was not modified.
INFO: [Common 17-83] Releasing license: Implementation
110 Infos, 203 Warnings, 0 Critical Warnings and 0 Errors encountered.
phys_opt_design completed successfully
phys_opt_design: Time (s): cpu = 00:00:35 ; elapsed = 00:00:08 . Memory (MB): peak = 5518.609 ; gain = 0.000 ; free physical = 7901 ; free virtual = 143762
INFO: [Timing 38-480] Writing timing data to binary archive.
Write ShapeDB Complete: Time (s): cpu = 00:00:00.83 ; elapsed = 00:00:00.18 . Memory (MB): peak = 5518.609 ; gain = 0.000 ; free physical = 7952 ; free virtual = 143823
Wrote PlaceDB: Time (s): cpu = 00:00:11 ; elapsed = 00:00:04 . Memory (MB): peak = 5518.609 ; gain = 0.000 ; free physical = 7858 ; free virtual = 143799
Wrote PulsedLatchDB: Time (s): cpu = 00:00:00 ; elapsed = 00:00:00 . Memory (MB): peak = 5518.609 ; gain = 0.000 ; free physical = 7858 ; free virtual = 143799
Writing XDEF routing.
Writing XDEF routing logical nets.
Writing XDEF routing special nets.
Wrote RouteStorage: Time (s): cpu = 00:00:00.47 ; elapsed = 00:00:00.22 . Memory (MB): peak = 5518.609 ; gain = 0.000 ; free physical = 7856 ; free virtual = 143799
Wrote Netlist Cache: Time (s): cpu = 00:00:00.2 ; elapsed = 00:00:00.13 . Memory (MB): peak = 5518.609 ; gain = 0.000 ; free physical = 7850 ; free virtual = 143798
Wrote Device Cache: Time (s): cpu = 00:00:00.06 ; elapsed = 00:00:00.03 . Memory (MB): peak = 5518.609 ; gain = 0.000 ; free physical = 7843 ; free virtual = 143795
Write Physdb Complete: Time (s): cpu = 00:00:11 ; elapsed = 00:00:04 . Memory (MB): peak = 5518.609 ; gain = 0.000 ; free physical = 7843 ; free virtual = 143795
INFO: [Common 17-1381] The checkpoint '/home/mss464/minitpu/tpu/ultra96-v2/output/mem_system/mem_system.runs/impl_1/mem_bd_wrapper_physopt.dcp' has been generated.
write_checkpoint: Time (s): cpu = 00:00:16 ; elapsed = 00:00:09 . Memory (MB): peak = 5518.609 ; gain = 0.000 ; free physical = 7881 ; free virtual = 143777
Command: route_design
Attempting to get a license for feature 'Implementation' and/or device 'xczu3eg'
INFO: [Common 17-349] Got license for feature 'Implementation' and/or device 'xczu3eg'
Running DRC as a precondition to command route_design
INFO: [DRC 23-27] Running DRC with 8 threads
INFO: [Vivado_Tcl 4-198] DRC finished with 0 Errors
INFO: [Vivado_Tcl 4-199] Please refer to the DRC report (report_drc) for more information.


Starting Routing Task
INFO: [Route 35-254] Multithreading enabled for route_design using a maximum of 8 CPUs

Phase 1 Build RT Design
Checksum: PlaceDB: d68b2a51 ConstDB: 0 ShapeSum: 8876a072 RouteDB: f3a9948c
Nodegraph reading from file.  Time (s): cpu = 00:00:00.57 ; elapsed = 00:00:00.58 . Memory (MB): peak = 5526.613 ; gain = 0.000 ; free physical = 7845 ; free virtual = 143747
Post Restoration Checksum: NetGraph: b08620cf | NumContArr: d7be11af | Constraints: 44d3fc5a | Timing: c2a8fa9d
Phase 1 Build RT Design | Checksum: 28fc12975

Time (s): cpu = 00:00:38 ; elapsed = 00:00:05 . Memory (MB): peak = 5526.613 ; gain = 0.000 ; free physical = 7827 ; free virtual = 143735

Phase 2 Router Initialization

Phase 2.1 Fix Topology Constraints
Phase 2.1 Fix Topology Constraints | Checksum: 28fc12975

Time (s): cpu = 00:00:38 ; elapsed = 00:00:06 . Memory (MB): peak = 5526.613 ; gain = 0.000 ; free physical = 7828 ; free virtual = 143735

Phase 2.2 Pre Route Cleanup
Phase 2.2 Pre Route Cleanup | Checksum: 28fc12975

Time (s): cpu = 00:00:39 ; elapsed = 00:00:06 . Memory (MB): peak = 5526.613 ; gain = 0.000 ; free physical = 7827 ; free virtual = 143734

Phase 2.3 Global Clock Net Routing
 Number of Nodes with overlaps = 0
Phase 2.3 Global Clock Net Routing | Checksum: 22c885d1f

Time (s): cpu = 00:00:43 ; elapsed = 00:00:07 . Memory (MB): peak = 5526.613 ; gain = 0.000 ; free physical = 7818 ; free virtual = 143728

Phase 2.4 Update Timing
Phase 2.4 Update Timing | Checksum: 16a1e29f6

Time (s): cpu = 00:01:05 ; elapsed = 00:00:14 . Memory (MB): peak = 5526.613 ; gain = 0.000 ; free physical = 7811 ; free virtual = 143733
INFO: [Route 35-416] Intermediate Timing Summary | WNS=1.420  | TNS=0.000  | WHS=-0.049 | THS=-13.111|


Router Utilization Summary
  Global Vertical Routing Utilization    = 0 %
  Global Horizontal Routing Utilization  = 0 %
  Routable Net Status*
  *Does not include unroutable nets such as driverless and loadless.
  Run report_route_status for detailed report.
  Number of Failed Nets               = 66861
    (Failed Nets is the sum of unrouted and partially routed nets)
  Number of Unrouted Nets             = 43016
  Number of Partially Routed Nets     = 23845
  Number of Node Overlaps             = 0

Phase 2 Router Initialization | Checksum: 21aa7cc4c

Time (s): cpu = 00:01:49 ; elapsed = 00:00:27 . Memory (MB): peak = 5526.613 ; gain = 0.000 ; free physical = 7786 ; free virtual = 143731

Phase 3 Initial Routing

Phase 3.1 Global Routing
Phase 3.1 Global Routing | Checksum: 21aa7cc4c

Time (s): cpu = 00:01:49 ; elapsed = 00:00:27 . Memory (MB): peak = 5526.613 ; gain = 0.000 ; free physical = 7786 ; free virtual = 143731

Phase 3.2 Initial Net Routing
Phase 3.2 Initial Net Routing | Checksum: 23e5dc9e6

Time (s): cpu = 00:02:20 ; elapsed = 00:00:36 . Memory (MB): peak = 5526.613 ; gain = 0.000 ; free physical = 7755 ; free virtual = 143714
Phase 3 Initial Routing | Checksum: 1d3c4a7d8

Time (s): cpu = 00:02:22 ; elapsed = 00:00:37 . Memory (MB): peak = 5526.613 ; gain = 0.000 ; free physical = 7754 ; free virtual = 143713

Phase 4 Rip-up And Reroute

Phase 4.1 Global Iteration 0
INFO: [Route 35-443] CLB routing congestion detected. Several CLBs have high routing utilization, which can impact timing closure. Congested CLBs and Nets are dumped in: iter_3_CongestedCLBsAndNets.txt
 Number of Nodes with overlaps = 17266
 Number of Nodes with overlaps = 2062
 Number of Nodes with overlaps = 373
 Number of Nodes with overlaps = 79
 Number of Nodes with overlaps = 19
 Number of Nodes with overlaps = 8
 Number of Nodes with overlaps = 0
INFO: [Route 35-416] Intermediate Timing Summary | WNS=-1.075 | TNS=-93.921| WHS=-0.038 | THS=-0.782 |

Phase 4.1 Global Iteration 0 | Checksum: 26c68243a

Time (s): cpu = 00:05:41 ; elapsed = 00:01:52 . Memory (MB): peak = 5526.613 ; gain = 0.000 ; free physical = 7570 ; free virtual = 143720

Phase 4.2 Global Iteration 1
 Number of Nodes with overlaps = 3998
 Number of Nodes with overlaps = 535
 Number of Nodes with overlaps = 214
 Number of Nodes with overlaps = 67
 Number of Nodes with overlaps = 21
 Number of Nodes with overlaps = 7
 Number of Nodes with overlaps = 4
 Number of Nodes with overlaps = 2
 Number of Nodes with overlaps = 2
 Number of Nodes with overlaps = 3
 Number of Nodes with overlaps = 1
 Number of Nodes with overlaps = 1
 Number of Nodes with overlaps = 0
INFO: [Route 35-416] Intermediate Timing Summary | WNS=-0.497 | TNS=-24.672| WHS=N/A    | THS=N/A    |

Phase 4.2 Global Iteration 1 | Checksum: 279b495db

Time (s): cpu = 00:06:53 ; elapsed = 00:02:33 . Memory (MB): peak = 5526.613 ; gain = 0.000 ; free physical = 6851 ; free virtual = 143366

Phase 4.3 Global Iteration 2
 Number of Nodes with overlaps = 3518
 Number of Nodes with overlaps = 541
 Number of Nodes with overlaps = 171
 Number of Nodes with overlaps = 66
 Number of Nodes with overlaps = 38
 Number of Nodes with overlaps = 26
 Number of Nodes with overlaps = 8
 Number of Nodes with overlaps = 4
 Number of Nodes with overlaps = 2
 Number of Nodes with overlaps = 1
 Number of Nodes with overlaps = 0
INFO: [Route 35-416] Intermediate Timing Summary | WNS=-0.232 | TNS=-2.797 | WHS=N/A    | THS=N/A    |

Phase 4.3 Global Iteration 2 | Checksum: 269b208c9

Time (s): cpu = 00:08:03 ; elapsed = 00:03:14 . Memory (MB): peak = 5526.613 ; gain = 0.000 ; free physical = 7566 ; free virtual = 144114

Phase 4.4 Global Iteration 3
 Number of Nodes with overlaps = 3693
 Number of Nodes with overlaps = 422
 Number of Nodes with overlaps = 163
 Number of Nodes with overlaps = 54
 Number of Nodes with overlaps = 3
 Number of Nodes with overlaps = 1
 Number of Nodes with overlaps = 0
INFO: [Route 35-416] Intermediate Timing Summary | WNS=-0.085 | TNS=-0.271 | WHS=N/A    | THS=N/A    |

Phase 4.4 Global Iteration 3 | Checksum: 1e2876586

Time (s): cpu = 00:08:55 ; elapsed = 00:03:42 . Memory (MB): peak = 5526.613 ; gain = 0.000 ; free physical = 7550 ; free virtual = 144141

Phase 4.5 Global Iteration 4
 Number of Nodes with overlaps = 2731
 Number of Nodes with overlaps = 426
 Number of Nodes with overlaps = 107
 Number of Nodes with overlaps = 25
 Number of Nodes with overlaps = 8
 Number of Nodes with overlaps = 6
 Number of Nodes with overlaps = 1
 Number of Nodes with overlaps = 0
INFO: [Route 35-416] Intermediate Timing Summary | WNS=0.196  | TNS=0.000  | WHS=N/A    | THS=N/A    |

Phase 4.5 Global Iteration 4 | Checksum: 283bfbc3f

Time (s): cpu = 00:09:32 ; elapsed = 00:04:00 . Memory (MB): peak = 5526.613 ; gain = 0.000 ; free physical = 7642 ; free virtual = 144265
Phase 4 Rip-up And Reroute | Checksum: 283bfbc3f

Time (s): cpu = 00:09:32 ; elapsed = 00:04:00 . Memory (MB): peak = 5526.613 ; gain = 0.000 ; free physical = 7642 ; free virtual = 144265

Phase 5 Delay and Skew Optimization

Phase 5.1 Delay CleanUp
Phase 5.1 Delay CleanUp | Checksum: 1d58ca326

Time (s): cpu = 00:09:33 ; elapsed = 00:04:00 . Memory (MB): peak = 5526.613 ; gain = 0.000 ; free physical = 7641 ; free virtual = 144265

Phase 5.2 Clock Skew Optimization
Phase 5.2 Clock Skew Optimization | Checksum: 1d58ca326

Time (s): cpu = 00:09:33 ; elapsed = 00:04:01 . Memory (MB): peak = 5526.613 ; gain = 0.000 ; free physical = 7641 ; free virtual = 144265
Phase 5 Delay and Skew Optimization | Checksum: 1d58ca326

Time (s): cpu = 00:09:33 ; elapsed = 00:04:01 . Memory (MB): peak = 5526.613 ; gain = 0.000 ; free physical = 7641 ; free virtual = 144265

Phase 6 Post Hold Fix

Phase 6.1 Hold Fix Iter

Phase 6.1.1 Update Timing
Phase 6.1.1 Update Timing | Checksum: 19c7c7e3d

Time (s): cpu = 00:09:53 ; elapsed = 00:04:06 . Memory (MB): peak = 5526.613 ; gain = 0.000 ; free physical = 7630 ; free virtual = 144264
INFO: [Route 35-416] Intermediate Timing Summary | WNS=0.196  | TNS=0.000  | WHS=0.010  | THS=0.000  |

Phase 6.1 Hold Fix Iter | Checksum: 1687b5f75

Time (s): cpu = 00:09:54 ; elapsed = 00:04:06 . Memory (MB): peak = 5526.613 ; gain = 0.000 ; free physical = 7629 ; free virtual = 144263
Phase 6 Post Hold Fix | Checksum: 1687b5f75

Time (s): cpu = 00:09:54 ; elapsed = 00:04:06 . Memory (MB): peak = 5526.613 ; gain = 0.000 ; free physical = 7629 ; free virtual = 144263

Phase 7 Route finalize

Router Utilization Summary
  Global Vertical Routing Utilization    = 12.8696 %
  Global Horizontal Routing Utilization  = 15.271 %
  Routable Net Status*
  *Does not include unroutable nets such as driverless and loadless.
  Run report_route_status for detailed report.
  Number of Failed Nets               = 0
    (Failed Nets is the sum of unrouted and partially routed nets)
  Number of Unrouted Nets             = 0
  Number of Partially Routed Nets     = 0
  Number of Node Overlaps             = 0

Phase 7 Route finalize | Checksum: 1687b5f75

Time (s): cpu = 00:09:56 ; elapsed = 00:04:06 . Memory (MB): peak = 5526.613 ; gain = 0.000 ; free physical = 7626 ; free virtual = 144261

Phase 8 Verifying routed nets

 Verification completed successfully
Phase 8 Verifying routed nets | Checksum: 1687b5f75

Time (s): cpu = 00:09:57 ; elapsed = 00:04:07 . Memory (MB): peak = 5526.613 ; gain = 0.000 ; free physical = 7626 ; free virtual = 144261

Phase 9 Depositing Routes
Phase 9 Depositing Routes | Checksum: 1687b5f75

Time (s): cpu = 00:10:04 ; elapsed = 00:04:11 . Memory (MB): peak = 5526.613 ; gain = 0.000 ; free physical = 7611 ; free virtual = 144254

Phase 10 Resolve XTalk
Phase 10 Resolve XTalk | Checksum: 1687b5f75

Time (s): cpu = 00:10:05 ; elapsed = 00:04:12 . Memory (MB): peak = 5526.613 ; gain = 0.000 ; free physical = 7608 ; free virtual = 144252

Phase 11 Post Router Timing
INFO: [Route 35-57] Estimated Timing Summary | WNS=0.196  | TNS=0.000  | WHS=0.010  | THS=0.000  |

INFO: [Route 35-327] The final timing numbers are based on the router estimated timing analysis. For a complete and accurate timing signoff, please run report_timing_summary.
Phase 11 Post Router Timing | Checksum: 1687b5f75

Time (s): cpu = 00:10:14 ; elapsed = 00:04:13 . Memory (MB): peak = 5526.613 ; gain = 0.000 ; free physical = 7604 ; free virtual = 144252
INFO: [Route 35-16] Router Completed Successfully

Phase 12 Post-Route Event Processing
Phase 12 Post-Route Event Processing | Checksum: 15848fade

Time (s): cpu = 00:10:17 ; elapsed = 00:04:15 . Memory (MB): peak = 5526.613 ; gain = 0.000 ; free physical = 7600 ; free virtual = 144250
Ending Routing Task | Checksum: 15848fade

Time (s): cpu = 00:10:18 ; elapsed = 00:04:17 . Memory (MB): peak = 5526.613 ; gain = 0.000 ; free physical = 7594 ; free virtual = 144248

Routing Is Done.
INFO: [Common 17-83] Releasing license: Implementation
129 Infos, 203 Warnings, 0 Critical Warnings and 0 Errors encountered.
route_design completed successfully
route_design: Time (s): cpu = 00:10:28 ; elapsed = 00:04:21 . Memory (MB): peak = 5526.613 ; gain = 8.004 ; free physical = 7593 ; free virtual = 144247
INFO: [runtcl-4] Executing : report_drc -file mem_bd_wrapper_drc_routed.rpt -pb mem_bd_wrapper_drc_routed.pb -rpx mem_bd_wrapper_drc_routed.rpx
Command: report_drc -file mem_bd_wrapper_drc_routed.rpt -pb mem_bd_wrapper_drc_routed.pb -rpx mem_bd_wrapper_drc_routed.rpx
INFO: [IP_Flow 19-1839] IP Catalog is up to date.
INFO: [DRC 23-27] Running DRC with 8 threads
INFO: [Vivado_Tcl 2-168] The results of DRC are in file /home/mss464/minitpu/tpu/ultra96-v2/output/mem_system/mem_system.runs/impl_1/mem_bd_wrapper_drc_routed.rpt.
report_drc completed successfully
report_drc: Time (s): cpu = 00:00:18 ; elapsed = 00:00:05 . Memory (MB): peak = 5566.633 ; gain = 40.020 ; free physical = 7571 ; free virtual = 144234
INFO: [runtcl-4] Executing : report_methodology -file mem_bd_wrapper_methodology_drc_routed.rpt -pb mem_bd_wrapper_methodology_drc_routed.pb -rpx mem_bd_wrapper_methodology_drc_routed.rpx
Command: report_methodology -file mem_bd_wrapper_methodology_drc_routed.rpt -pb mem_bd_wrapper_methodology_drc_routed.pb -rpx mem_bd_wrapper_methodology_drc_routed.rpx
INFO: [Timing 38-35] Done setting XDC timing constraints.
INFO: [DRC 23-133] Running Methodology with 8 threads
INFO: [Vivado_Tcl 2-1520] The results of Report Methodology are in file /home/mss464/minitpu/tpu/ultra96-v2/output/mem_system/mem_system.runs/impl_1/mem_bd_wrapper_methodology_drc_routed.rpt.
report_methodology completed successfully
report_methodology: Time (s): cpu = 00:00:55 ; elapsed = 00:00:12 . Memory (MB): peak = 5566.633 ; gain = 0.000 ; free physical = 7622 ; free virtual = 144303
INFO: [runtcl-4] Executing : report_power -file mem_bd_wrapper_power_routed.rpt -pb mem_bd_wrapper_power_summary_routed.pb -rpx mem_bd_wrapper_power_routed.rpx
Command: report_power -file mem_bd_wrapper_power_routed.rpt -pb mem_bd_wrapper_power_summary_routed.pb -rpx mem_bd_wrapper_power_routed.rpx
INFO: [Timing 38-35] Done setting XDC timing constraints.
Running Vector-less Activity Propagation...

Finished Running Vector-less Activity Propagation
WARNING: [Power 33-332] Found switching activity that implies high-fanout reset nets being asserted for excessive periods of time which may result in inaccurate power analysis.
Resolution: To review and fix problems, please run Power Constraints Advisor in the GUI from Tools > Power Constraints Advisor or run report_power with the -advisory option to generate a text report.
139 Infos, 204 Warnings, 0 Critical Warnings and 0 Errors encountered.
report_power completed successfully
report_power: Time (s): cpu = 00:00:52 ; elapsed = 00:00:25 . Memory (MB): peak = 5566.633 ; gain = 0.000 ; free physical = 7522 ; free virtual = 144249
INFO: [runtcl-4] Executing : report_route_status -file mem_bd_wrapper_route_status.rpt -pb mem_bd_wrapper_route_status.pb
INFO: [runtcl-4] Executing : report_timing_summary -max_paths 10 -report_unconstrained -file mem_bd_wrapper_timing_summary_routed.rpt -pb mem_bd_wrapper_timing_summary_routed.pb -rpx mem_bd_wrapper_timing_summary_routed.rpx -warn_on_violation 
INFO: [Timing 38-91] UpdateTimingParams: Speed grade: -1, Temperature grade: I, Delay Type: min_max.
INFO: [Timing 38-191] Multithreading enabled for timing update using a maximum of 8 CPUs
INFO: [runtcl-4] Executing : report_incremental_reuse -file mem_bd_wrapper_incremental_reuse_routed.rpt
INFO: [Vivado_Tcl 4-1062] Incremental flow is disabled. No incremental reuse Info to report.
INFO: [runtcl-4] Executing : report_clock_utilization -file mem_bd_wrapper_clock_utilization_routed.rpt
INFO: [runtcl-4] Executing : report_bus_skew -warn_on_violation -file mem_bd_wrapper_bus_skew_routed.rpt -pb mem_bd_wrapper_bus_skew_routed.pb -rpx mem_bd_wrapper_bus_skew_routed.rpx
INFO: [Timing 38-91] UpdateTimingParams: Speed grade: -1, Temperature grade: I, Delay Type: min_max.
INFO: [Timing 38-191] Multithreading enabled for timing update using a maximum of 8 CPUs
INFO: [Timing 38-480] Writing timing data to binary archive.
Write ShapeDB Complete: Time (s): cpu = 00:00:00.7 ; elapsed = 00:00:00.15 . Memory (MB): peak = 5566.633 ; gain = 0.000 ; free physical = 7477 ; free virtual = 144229
Wrote PlaceDB: Time (s): cpu = 00:00:09 ; elapsed = 00:00:03 . Memory (MB): peak = 5566.633 ; gain = 0.000 ; free physical = 7406 ; free virtual = 144226
Wrote PulsedLatchDB: Time (s): cpu = 00:00:00 ; elapsed = 00:00:00 . Memory (MB): peak = 5566.633 ; gain = 0.000 ; free physical = 7406 ; free virtual = 144226
Writing XDEF routing.
Writing XDEF routing logical nets.
Writing XDEF routing special nets.
Wrote RouteStorage: Time (s): cpu = 00:00:02 ; elapsed = 00:00:00.92 . Memory (MB): peak = 5566.633 ; gain = 0.000 ; free physical = 7384 ; free virtual = 144222
Wrote Netlist Cache: Time (s): cpu = 00:00:00.19 ; elapsed = 00:00:00.12 . Memory (MB): peak = 5566.633 ; gain = 0.000 ; free physical = 7376 ; free virtual = 144221
Wrote Device Cache: Time (s): cpu = 00:00:00.04 ; elapsed = 00:00:00.03 . Memory (MB): peak = 5566.633 ; gain = 0.000 ; free physical = 7384 ; free virtual = 144231
Write Physdb Complete: Time (s): cpu = 00:00:11 ; elapsed = 00:00:04 . Memory (MB): peak = 5566.633 ; gain = 0.000 ; free physical = 7383 ; free virtual = 144231
INFO: [Common 17-1381] The checkpoint '/home/mss464/minitpu/tpu/ultra96-v2/output/mem_system/mem_system.runs/impl_1/mem_bd_wrapper_routed.dcp' has been generated.
write_checkpoint: Time (s): cpu = 00:00:15 ; elapsed = 00:00:09 . Memory (MB): peak = 5566.633 ; gain = 0.000 ; free physical = 7300 ; free virtual = 144085
INFO: [Common 17-206] Exiting Vivado at Sun May 10 23:47:25 2026...

*** Running vivado
    with args -log mem_bd_wrapper.vdi -applog -m64 -product Vivado -messageDb vivado.pb -mode batch -source mem_bd_wrapper.tcl -notrace


****** Vivado v2023.2 (64-bit)
  **** SW Build 4029153 on Fri Oct 13 20:13:54 MDT 2023
  **** IP Build 4028589 on Sat Oct 14 00:45:43 MDT 2023
  **** SharedData Build 4025554 on Tue Oct 10 17:18:54 MDT 2023
    ** Copyright 1986-2022 Xilinx, Inc. All Rights Reserved.
    ** Copyright 2022-2023 Advanced Micro Devices, Inc. All Rights Reserved.

source mem_bd_wrapper.tcl -notrace
Command: open_checkpoint mem_bd_wrapper_routed.dcp
INFO: [Device 21-403] Loading part xczu3eg-sbva484-1-i
Netlist sorting complete. Time (s): cpu = 00:00:00.71 ; elapsed = 00:00:00.72 . Memory (MB): peak = 2452.230 ; gain = 0.000 ; free physical = 9682 ; free virtual = 146492
INFO: [Netlist 29-17] Analyzing 1189 Unisim elements for replacement
INFO: [Netlist 29-28] Unisim Transformation completed in 0 CPU seconds
INFO: [Project 1-479] Netlist was created with Vivado 2023.2
INFO: [Project 1-570] Preparing netlist for logic optimization
Read ShapeDB Complete: Time (s): cpu = 00:00:00.15 ; elapsed = 00:00:00.16 . Memory (MB): peak = 2614.707 ; gain = 16.344 ; free physical = 9507 ; free virtual = 146324
INFO: [Timing 38-478] Restoring timing data from binary archive.
INFO: [Timing 38-479] Binary timing data restore complete.
INFO: [Project 1-856] Restoring constraints from binary archive.
INFO: [Project 1-853] Binary constraint restore complete.
INFO: [Designutils 20-5722] Start Reading Physical Databases.
Reading placement.
Read Netlist Cache: Time (s): cpu = 00:00:00.08 ; elapsed = 00:00:00.09 . Memory (MB): peak = 3163.621 ; gain = 0.000 ; free physical = 9078 ; free virtual = 145914
Reading placer database...
Read Device Cache: Time (s): cpu = 00:00:00.04 ; elapsed = 00:00:00.04 . Memory (MB): peak = 3163.621 ; gain = 0.000 ; free physical = 9078 ; free virtual = 145915
Read PlaceDB: Time (s): cpu = 00:00:03 ; elapsed = 00:00:03 . Memory (MB): peak = 3214.621 ; gain = 51.000 ; free physical = 9001 ; free virtual = 145849
Read PulsedLatchDB: Time (s): cpu = 00:00:00 ; elapsed = 00:00:00 . Memory (MB): peak = 3214.621 ; gain = 0.000 ; free physical = 9001 ; free virtual = 145849
Reading routing.
Read RouteStorage: Time (s): cpu = 00:00:01 ; elapsed = 00:00:02 . Memory (MB): peak = 3259.434 ; gain = 44.812 ; free physical = 8963 ; free virtual = 145819
Read Physdb Files: Time (s): cpu = 00:00:05 ; elapsed = 00:00:05 . Memory (MB): peak = 3259.434 ; gain = 95.812 ; free physical = 8963 ; free virtual = 145819
Restored from archive | CPU: 4.760000 secs | Memory: 83.972603 MB |
Finished XDEF File Restore: Time (s): cpu = 00:00:05 ; elapsed = 00:00:05 . Memory (MB): peak = 3259.434 ; gain = 95.812 ; free physical = 8963 ; free virtual = 145819
Netlist sorting complete. Time (s): cpu = 00:00:00.01 ; elapsed = 00:00:00 . Memory (MB): peak = 3612.098 ; gain = 0.000 ; free physical = 8575 ; free virtual = 145442
INFO: [Project 1-111] Unisim Transformation Summary:
  A total of 236 instances were transformed.
  DSP48E2 => DSP48E2 (DSP_ALU, DSP_A_B_DATA, DSP_C_DATA, DSP_MULTIPLIER, DSP_M_DATA, DSP_OUTPUT, DSP_PREADD, DSP_PREADD_DATA): 50 instances
  RAM16X1D => RAM32X1D (RAMD32(x2)): 1 instance 
  RAM32M16 => RAM32M16 (RAMD32(x14), RAMS32(x2)): 148 instances
  RAM64M8 => RAM64M8 (RAMD64E(x8)): 37 instances

INFO: [Project 1-604] Checkpoint was created with Vivado v2023.2 (64-bit) build 4029153
open_checkpoint: Time (s): cpu = 00:00:39 ; elapsed = 00:00:39 . Memory (MB): peak = 3612.133 ; gain = 2094.137 ; free physical = 8575 ; free virtual = 145442
INFO: [Memdata 28-167] Found XPM memory block mem_bd_i/axi_smc_full/inst/s00_nodes/s00_w_node/inst/inst_mi_handler/gen_normal_area.inst_fifo_node_payld/gen_xpm_memory_fifo.inst_fifo/gen_mem_rep[0].inst_xpm_memory/xpm_memory_base_inst with a P_MEMORY_PRIMITIVE property set to distributed. A value of block is required. You will not be able to use the updatemem program to update the bitstream with new data for the mem_bd_i/axi_smc_full/inst/s00_nodes/s00_w_node/inst/inst_mi_handler/gen_normal_area.inst_fifo_node_payld/gen_xpm_memory_fifo.inst_fifo/gen_mem_rep[0].inst_xpm_memory/xpm_memory_base_inst block.
INFO: [Memdata 28-167] Found XPM memory block mem_bd_i/axi_smc_full/inst/s00_nodes/s00_r_node/inst/inst_mi_handler/gen_normal_area.inst_fifo_node_payld/gen_xpm_memory_fifo.inst_fifo/gen_mem_rep[0].inst_xpm_memory/xpm_memory_base_inst with a P_MEMORY_PRIMITIVE property set to distributed. A value of block is required. You will not be able to use the updatemem program to update the bitstream with new data for the mem_bd_i/axi_smc_full/inst/s00_nodes/s00_r_node/inst/inst_mi_handler/gen_normal_area.inst_fifo_node_payld/gen_xpm_memory_fifo.inst_fifo/gen_mem_rep[0].inst_xpm_memory/xpm_memory_base_inst block.
INFO: [Memdata 28-167] Found XPM memory block mem_bd_i/axi_smc_full/inst/s00_nodes/s00_b_node/inst/inst_mi_handler/gen_normal_area.inst_fifo_node_payld/gen_xpm_memory_fifo.inst_fifo/gen_mem_rep[0].inst_xpm_memory/xpm_memory_base_inst with a P_MEMORY_PRIMITIVE property set to distributed. A value of block is required. You will not be able to use the updatemem program to update the bitstream with new data for the mem_bd_i/axi_smc_full/inst/s00_nodes/s00_b_node/inst/inst_mi_handler/gen_normal_area.inst_fifo_node_payld/gen_xpm_memory_fifo.inst_fifo/gen_mem_rep[0].inst_xpm_memory/xpm_memory_base_inst block.
INFO: [Memdata 28-167] Found XPM memory block mem_bd_i/axi_smc_full/inst/s00_nodes/s00_aw_node/inst/inst_mi_handler/gen_normal_area.inst_fifo_node_payld/gen_xpm_memory_fifo.inst_fifo/gen_mem_rep[0].inst_xpm_memory/xpm_memory_base_inst with a P_MEMORY_PRIMITIVE property set to distributed. A value of block is required. You will not be able to use the updatemem program to update the bitstream with new data for the mem_bd_i/axi_smc_full/inst/s00_nodes/s00_aw_node/inst/inst_mi_handler/gen_normal_area.inst_fifo_node_payld/gen_xpm_memory_fifo.inst_fifo/gen_mem_rep[0].inst_xpm_memory/xpm_memory_base_inst block.
INFO: [Memdata 28-167] Found XPM memory block mem_bd_i/axi_smc_full/inst/s00_nodes/s00_ar_node/inst/inst_mi_handler/gen_normal_area.inst_fifo_node_payld/gen_xpm_memory_fifo.inst_fifo/gen_mem_rep[0].inst_xpm_memory/xpm_memory_base_inst with a P_MEMORY_PRIMITIVE property set to distributed. A value of block is required. You will not be able to use the updatemem program to update the bitstream with new data for the mem_bd_i/axi_smc_full/inst/s00_nodes/s00_ar_node/inst/inst_mi_handler/gen_normal_area.inst_fifo_node_payld/gen_xpm_memory_fifo.inst_fifo/gen_mem_rep[0].inst_xpm_memory/xpm_memory_base_inst block.
INFO: [Memdata 28-167] Found XPM memory block mem_bd_i/axi_smc/inst/s01_nodes/s01_w_node/inst/inst_mi_handler/gen_normal_area.inst_fifo_node_payld/gen_xpm_memory_fifo.inst_fifo/gen_mem_rep[1].inst_xpm_memory/xpm_memory_base_inst with a P_MEMORY_PRIMITIVE property set to distributed. A value of block is required. You will not be able to use the updatemem program to update the bitstream with new data for the mem_bd_i/axi_smc/inst/s01_nodes/s01_w_node/inst/inst_mi_handler/gen_normal_area.inst_fifo_node_payld/gen_xpm_memory_fifo.inst_fifo/gen_mem_rep[1].inst_xpm_memory/xpm_memory_base_inst block.
INFO: [Memdata 28-167] Found XPM memory block mem_bd_i/axi_smc/inst/s01_nodes/s01_w_node/inst/inst_mi_handler/gen_normal_area.inst_fifo_node_payld/gen_xpm_memory_fifo.inst_fifo/gen_mem_rep[0].inst_xpm_memory/xpm_memory_base_inst with a P_MEMORY_PRIMITIVE property set to distributed. A value of block is required. You will not be able to use the updatemem program to update the bitstream with new data for the mem_bd_i/axi_smc/inst/s01_nodes/s01_w_node/inst/inst_mi_handler/gen_normal_area.inst_fifo_node_payld/gen_xpm_memory_fifo.inst_fifo/gen_mem_rep[0].inst_xpm_memory/xpm_memory_base_inst block.
INFO: [Memdata 28-167] Found XPM memory block mem_bd_i/axi_smc/inst/s01_nodes/s01_w_node/inst/inst_mi_handler/gen_normal_area.gen_fifo_req.inst_fifo_req/gen_xpm_memory_fifo.inst_fifo/gen_mem_rep[0].inst_xpm_memory/xpm_memory_base_inst with a P_MEMORY_PRIMITIVE property set to distributed. A value of block is required. You will not be able to use the updatemem program to update the bitstream with new data for the mem_bd_i/axi_smc/inst/s01_nodes/s01_w_node/inst/inst_mi_handler/gen_normal_area.gen_fifo_req.inst_fifo_req/gen_xpm_memory_fifo.inst_fifo/gen_mem_rep[0].inst_xpm_memory/xpm_memory_base_inst block.
INFO: [Memdata 28-167] Found XPM memory block mem_bd_i/axi_smc/inst/s01_nodes/s01_b_node/inst/inst_mi_handler/gen_normal_area.inst_fifo_node_payld/gen_xpm_memory_fifo.inst_fifo/gen_mem_rep[0].inst_xpm_memory/xpm_memory_base_inst with a P_MEMORY_PRIMITIVE property set to distributed. A value of block is required. You will not be able to use the updatemem program to update the bitstream with new data for the mem_bd_i/axi_smc/inst/s01_nodes/s01_b_node/inst/inst_mi_handler/gen_normal_area.inst_fifo_node_payld/gen_xpm_memory_fifo.inst_fifo/gen_mem_rep[0].inst_xpm_memory/xpm_memory_base_inst block.
INFO: [Memdata 28-167] Found XPM memory block mem_bd_i/axi_smc/inst/s01_nodes/s01_aw_node/inst/inst_mi_handler/gen_normal_area.inst_fifo_node_payld/gen_xpm_memory_fifo.inst_fifo/gen_mem_rep[0].inst_xpm_memory/xpm_memory_base_inst with a P_MEMORY_PRIMITIVE property set to distributed. A value of block is required. You will not be able to use the updatemem program to update the bitstream with new data for the mem_bd_i/axi_smc/inst/s01_nodes/s01_aw_node/inst/inst_mi_handler/gen_normal_area.inst_fifo_node_payld/gen_xpm_memory_fifo.inst_fifo/gen_mem_rep[0].inst_xpm_memory/xpm_memory_base_inst block.
INFO: [Memdata 28-167] Found XPM memory block mem_bd_i/axi_smc/inst/s00_nodes/s00_r_node/inst/inst_mi_handler/gen_normal_area.inst_fifo_node_payld/gen_xpm_memory_fifo.inst_fifo/gen_mem_rep[1].inst_xpm_memory/xpm_memory_base_inst with a P_MEMORY_PRIMITIVE property set to distributed. A value of block is required. You will not be able to use the updatemem program to update the bitstream with new data for the mem_bd_i/axi_smc/inst/s00_nodes/s00_r_node/inst/inst_mi_handler/gen_normal_area.inst_fifo_node_payld/gen_xpm_memory_fifo.inst_fifo/gen_mem_rep[1].inst_xpm_memory/xpm_memory_base_inst block.
INFO: [Memdata 28-167] Found XPM memory block mem_bd_i/axi_smc/inst/s00_nodes/s00_r_node/inst/inst_mi_handler/gen_normal_area.inst_fifo_node_payld/gen_xpm_memory_fifo.inst_fifo/gen_mem_rep[0].inst_xpm_memory/xpm_memory_base_inst with a P_MEMORY_PRIMITIVE property set to distributed. A value of block is required. You will not be able to use the updatemem program to update the bitstream with new data for the mem_bd_i/axi_smc/inst/s00_nodes/s00_r_node/inst/inst_mi_handler/gen_normal_area.inst_fifo_node_payld/gen_xpm_memory_fifo.inst_fifo/gen_mem_rep[0].inst_xpm_memory/xpm_memory_base_inst block.
INFO: [Memdata 28-167] Found XPM memory block mem_bd_i/axi_smc/inst/s00_nodes/s00_ar_node/inst/inst_mi_handler/gen_normal_area.inst_fifo_node_payld/gen_xpm_memory_fifo.inst_fifo/gen_mem_rep[0].inst_xpm_memory/xpm_memory_base_inst with a P_MEMORY_PRIMITIVE property set to distributed. A value of block is required. You will not be able to use the updatemem program to update the bitstream with new data for the mem_bd_i/axi_smc/inst/s00_nodes/s00_ar_node/inst/inst_mi_handler/gen_normal_area.inst_fifo_node_payld/gen_xpm_memory_fifo.inst_fifo/gen_mem_rep[0].inst_xpm_memory/xpm_memory_base_inst block.
INFO: [Memdata 28-167] Found XPM memory block mem_bd_i/axi_smc/inst/m00_nodes/m00_w_node/inst/inst_si_handler/gen_si_handler.gen_request_fifos.gen_req_fifo[1].inst_req_fifo/gen_xpm_memory_fifo.inst_fifo/gen_mem_rep[0].inst_xpm_memory/xpm_memory_base_inst with a P_MEMORY_PRIMITIVE property set to distributed. A value of block is required. You will not be able to use the updatemem program to update the bitstream with new data for the mem_bd_i/axi_smc/inst/m00_nodes/m00_w_node/inst/inst_si_handler/gen_si_handler.gen_request_fifos.gen_req_fifo[1].inst_req_fifo/gen_xpm_memory_fifo.inst_fifo/gen_mem_rep[0].inst_xpm_memory/xpm_memory_base_inst block.
INFO: [Memdata 28-167] Found XPM memory block mem_bd_i/axi_smc/inst/m00_nodes/m00_w_node/inst/inst_mi_handler/gen_normal_area.inst_fifo_node_payld/gen_xpm_memory_fifo.inst_fifo/gen_mem_rep[1].inst_xpm_memory/xpm_memory_base_inst with a P_MEMORY_PRIMITIVE property set to distributed. A value of block is required. You will not be able to use the updatemem program to update the bitstream with new data for the mem_bd_i/axi_smc/inst/m00_nodes/m00_w_node/inst/inst_mi_handler/gen_normal_area.inst_fifo_node_payld/gen_xpm_memory_fifo.inst_fifo/gen_mem_rep[1].inst_xpm_memory/xpm_memory_base_inst block.
INFO: [Memdata 28-167] Found XPM memory block mem_bd_i/axi_smc/inst/m00_nodes/m00_w_node/inst/inst_mi_handler/gen_normal_area.inst_fifo_node_payld/gen_xpm_memory_fifo.inst_fifo/gen_mem_rep[0].inst_xpm_memory/xpm_memory_base_inst with a P_MEMORY_PRIMITIVE property set to distributed. A value of block is required. You will not be able to use the updatemem program to update the bitstream with new data for the mem_bd_i/axi_smc/inst/m00_nodes/m00_w_node/inst/inst_mi_handler/gen_normal_area.inst_fifo_node_payld/gen_xpm_memory_fifo.inst_fifo/gen_mem_rep[0].inst_xpm_memory/xpm_memory_base_inst block.
INFO: [Memdata 28-167] Found XPM memory block mem_bd_i/axi_smc/inst/m00_nodes/m00_r_node/inst/inst_mi_handler/gen_normal_area.inst_fifo_node_payld/gen_xpm_memory_fifo.inst_fifo/gen_mem_rep[1].inst_xpm_memory/xpm_memory_base_inst with a P_MEMORY_PRIMITIVE property set to distributed. A value of block is required. You will not be able to use the updatemem program to update the bitstream with new data for the mem_bd_i/axi_smc/inst/m00_nodes/m00_r_node/inst/inst_mi_handler/gen_normal_area.inst_fifo_node_payld/gen_xpm_memory_fifo.inst_fifo/gen_mem_rep[1].inst_xpm_memory/xpm_memory_base_inst block.
INFO: [Memdata 28-167] Found XPM memory block mem_bd_i/axi_smc/inst/m00_nodes/m00_r_node/inst/inst_mi_handler/gen_normal_area.inst_fifo_node_payld/gen_xpm_memory_fifo.inst_fifo/gen_mem_rep[0].inst_xpm_memory/xpm_memory_base_inst with a P_MEMORY_PRIMITIVE property set to distributed. A value of block is required. You will not be able to use the updatemem program to update the bitstream with new data for the mem_bd_i/axi_smc/inst/m00_nodes/m00_r_node/inst/inst_mi_handler/gen_normal_area.inst_fifo_node_payld/gen_xpm_memory_fifo.inst_fifo/gen_mem_rep[0].inst_xpm_memory/xpm_memory_base_inst block.
INFO: [Memdata 28-167] Found XPM memory block mem_bd_i/axi_smc/inst/m00_nodes/m00_r_node/inst/inst_mi_handler/gen_normal_area.gen_fifo_req.inst_fifo_req/gen_xpm_memory_fifo.inst_fifo/gen_mem_rep[0].inst_xpm_memory/xpm_memory_base_inst with a P_MEMORY_PRIMITIVE property set to distributed. A value of block is required. You will not be able to use the updatemem program to update the bitstream with new data for the mem_bd_i/axi_smc/inst/m00_nodes/m00_r_node/inst/inst_mi_handler/gen_normal_area.gen_fifo_req.inst_fifo_req/gen_xpm_memory_fifo.inst_fifo/gen_mem_rep[0].inst_xpm_memory/xpm_memory_base_inst block.
INFO: [Memdata 28-167] Found XPM memory block mem_bd_i/axi_smc/inst/m00_nodes/m00_b_node/inst/inst_mi_handler/gen_normal_area.inst_fifo_node_payld/gen_xpm_memory_fifo.inst_fifo/gen_mem_rep[0].inst_xpm_memory/xpm_memory_base_inst with a P_MEMORY_PRIMITIVE property set to distributed. A value of block is required. You will not be able to use the updatemem program to update the bitstream with new data for the mem_bd_i/axi_smc/inst/m00_nodes/m00_b_node/inst/inst_mi_handler/gen_normal_area.inst_fifo_node_payld/gen_xpm_memory_fifo.inst_fifo/gen_mem_rep[0].inst_xpm_memory/xpm_memory_base_inst block.
INFO: [Memdata 28-167] Found XPM memory block mem_bd_i/axi_smc/inst/m00_nodes/m00_b_node/inst/inst_mi_handler/gen_normal_area.gen_fifo_req.inst_fifo_req/gen_xpm_memory_fifo.inst_fifo/gen_mem_rep[0].inst_xpm_memory/xpm_memory_base_inst with a P_MEMORY_PRIMITIVE property set to distributed. A value of block is required. You will not be able to use the updatemem program to update the bitstream with new data for the mem_bd_i/axi_smc/inst/m00_nodes/m00_b_node/inst/inst_mi_handler/gen_normal_area.gen_fifo_req.inst_fifo_req/gen_xpm_memory_fifo.inst_fifo/gen_mem_rep[0].inst_xpm_memory/xpm_memory_base_inst block.
INFO: [Memdata 28-167] Found XPM memory block mem_bd_i/axi_smc/inst/m00_nodes/m00_aw_node/inst/inst_mi_handler/gen_normal_area.inst_fifo_node_payld/gen_xpm_memory_fifo.inst_fifo/gen_mem_rep[0].inst_xpm_memory/xpm_memory_base_inst with a P_MEMORY_PRIMITIVE property set to distributed. A value of block is required. You will not be able to use the updatemem program to update the bitstream with new data for the mem_bd_i/axi_smc/inst/m00_nodes/m00_aw_node/inst/inst_mi_handler/gen_normal_area.inst_fifo_node_payld/gen_xpm_memory_fifo.inst_fifo/gen_mem_rep[0].inst_xpm_memory/xpm_memory_base_inst block.
INFO: [Memdata 28-167] Found XPM memory block mem_bd_i/axi_smc/inst/m00_nodes/m00_ar_node/inst/inst_mi_handler/gen_normal_area.inst_fifo_node_payld/gen_xpm_memory_fifo.inst_fifo/gen_mem_rep[0].inst_xpm_memory/xpm_memory_base_inst with a P_MEMORY_PRIMITIVE property set to distributed. A value of block is required. You will not be able to use the updatemem program to update the bitstream with new data for the mem_bd_i/axi_smc/inst/m00_nodes/m00_ar_node/inst/inst_mi_handler/gen_normal_area.inst_fifo_node_payld/gen_xpm_memory_fifo.inst_fifo/gen_mem_rep[0].inst_xpm_memory/xpm_memory_base_inst block.
INFO: [Memdata 28-167] Found XPM memory block mem_bd_i/axi_dma_0/U0/I_PRMRY_DATAMOVER/GEN_S2MM_FULL.I_S2MM_FULL_WRAPPER/GEN_INCLUDE_REALIGNER.I_S2MM_REALIGNER/GEN_INCLUDE_SCATTER.I_S2MM_SCATTER/I_TSTRB_FIFO/USE_SYNC_FIFO.I_SYNC_FIFO/NON_BLK_MEM.I_SYNC_FIFOGEN_FIFO/xpm_fifo_instance.xpm_fifo_sync_inst/xpm_fifo_base_inst/gen_sdpram.xpm_memory_base_inst with a P_MEMORY_PRIMITIVE property set to auto. A value of block is required. You will not be able to use the updatemem program to update the bitstream with new data for the mem_bd_i/axi_dma_0/U0/I_PRMRY_DATAMOVER/GEN_S2MM_FULL.I_S2MM_FULL_WRAPPER/GEN_INCLUDE_REALIGNER.I_S2MM_REALIGNER/GEN_INCLUDE_SCATTER.I_S2MM_SCATTER/I_TSTRB_FIFO/USE_SYNC_FIFO.I_SYNC_FIFO/NON_BLK_MEM.I_SYNC_FIFOGEN_FIFO/xpm_fifo_instance.xpm_fifo_sync_inst/xpm_fifo_base_inst/gen_sdpram.xpm_memory_base_inst block.
INFO: [Memdata 28-167] Found XPM memory block mem_bd_i/axi_dma_0/U0/I_PRMRY_DATAMOVER/GEN_S2MM_FULL.I_S2MM_FULL_WRAPPER/GEN_ENABLE_INDET_BTT_SF.I_INDET_BTT/I_XD_FIFO/NON_BLK_MEM.I_SYNC_FIFOGEN_FIFO/xpm_fifo_instance.xpm_fifo_sync_inst/xpm_fifo_base_inst/gen_sdpram.xpm_memory_base_inst with a P_MEMORY_PRIMITIVE property set to auto. A value of block is required. You will not be able to use the updatemem program to update the bitstream with new data for the mem_bd_i/axi_dma_0/U0/I_PRMRY_DATAMOVER/GEN_S2MM_FULL.I_S2MM_FULL_WRAPPER/GEN_ENABLE_INDET_BTT_SF.I_INDET_BTT/I_XD_FIFO/NON_BLK_MEM.I_SYNC_FIFOGEN_FIFO/xpm_fifo_instance.xpm_fifo_sync_inst/xpm_fifo_base_inst/gen_sdpram.xpm_memory_base_inst block.
INFO: [Memdata 28-208] The XPM instance: <mem_bd_i/axi_dma_0/U0/I_PRMRY_DATAMOVER/GEN_S2MM_FULL.I_S2MM_FULL_WRAPPER/GEN_ENABLE_INDET_BTT_SF.I_INDET_BTT/I_DATA_FIFO/BLK_MEM.I_SYNC_FIFOGEN_FIFO/xpm_fifo_instance.xpm_fifo_sync_inst/xpm_fifo_base_inst/gen_sdpram.xpm_memory_base_inst> is part of IP: <mem_bd_i/axi_dma_0>. This XPM instance will be excluded from the .mmi because updatemem is prohibited from making changes to an XPM that is part of an IP.
INFO: [Memdata 28-208] The XPM instance: <mem_bd_i/axi_dma_0/U0/I_PRMRY_DATAMOVER/GEN_MM2S_FULL.I_MM2S_FULL_WRAPPER/GEN_INCLUDE_MM2S_SF.I_RD_SF/I_DATA_FIFO/BLK_MEM.I_SYNC_FIFOGEN_FIFO/xpm_fifo_instance.xpm_fifo_sync_inst/xpm_fifo_base_inst/gen_sdpram.xpm_memory_base_inst> is part of IP: <mem_bd_i/axi_dma_0>. This XPM instance will be excluded from the .mmi because updatemem is prohibited from making changes to an XPM that is part of an IP.
Command: write_bitstream -force mem_bd_wrapper.bit
Attempting to get a license for feature 'Implementation' and/or device 'xczu3eg'
INFO: [Common 17-349] Got license for feature 'Implementation' and/or device 'xczu3eg'
Running DRC as a precondition to command write_bitstream
INFO: [IP_Flow 19-234] Refreshing IP repositories
INFO: [IP_Flow 19-1704] No user IP repositories specified
INFO: [IP_Flow 19-2313] Loaded Vivado IP repository '/opt/xilinx/Vivado/2023.2/data/ip'.
INFO: [DRC 23-27] Running DRC with 8 threads
WARNING: [DRC DPIP-2] Input pipelining: DSP mem_bd_i/mem_top_0/inst/u_compute_tile/u_compute_core/u_mxu/array/pe11/mult/z_e2 input mem_bd_i/mem_top_0/inst/u_compute_tile/u_compute_core/u_mxu/array/pe11/mult/z_e2/A[29:0] is not pipelined. Pipelining DSP48 input will improve performance.
WARNING: [DRC DPIP-2] Input pipelining: DSP mem_bd_i/mem_top_0/inst/u_compute_tile/u_compute_core/u_mxu/array/pe11/mult/z_e2 input mem_bd_i/mem_top_0/inst/u_compute_tile/u_compute_core/u_mxu/array/pe11/mult/z_e2/B[17:0] is not pipelined. Pipelining DSP48 input will improve performance.
WARNING: [DRC DPIP-2] Input pipelining: DSP mem_bd_i/mem_top_0/inst/u_compute_tile/u_compute_core/u_mxu/array/pe11/mult/z_e2__0 input mem_bd_i/mem_top_0/inst/u_compute_tile/u_compute_core/u_mxu/array/pe11/mult/z_e2__0/B[17:0] is not pipelined. Pipelining DSP48 input will improve performance.
WARNING: [DRC DPIP-2] Input pipelining: DSP mem_bd_i/mem_top_0/inst/u_compute_tile/u_compute_core/u_mxu/array/pe12/mult/z_e2 input mem_bd_i/mem_top_0/inst/u_compute_tile/u_compute_core/u_mxu/array/pe12/mult/z_e2/A[29:0] is not pipelined. Pipelining DSP48 input will improve performance.
WARNING: [DRC DPIP-2] Input pipelining: DSP mem_bd_i/mem_top_0/inst/u_compute_tile/u_compute_core/u_mxu/array/pe12/mult/z_e2 input mem_bd_i/mem_top_0/inst/u_compute_tile/u_compute_core/u_mxu/array/pe12/mult/z_e2/B[17:0] is not pipelined. Pipelining DSP48 input will improve performance.
WARNING: [DRC DPIP-2] Input pipelining: DSP mem_bd_i/mem_top_0/inst/u_compute_tile/u_compute_core/u_mxu/array/pe12/mult/z_e2__0 input mem_bd_i/mem_top_0/inst/u_compute_tile/u_compute_core/u_mxu/array/pe12/mult/z_e2__0/B[17:0] is not pipelined. Pipelining DSP48 input will improve performance.
WARNING: [DRC DPIP-2] Input pipelining: DSP mem_bd_i/mem_top_0/inst/u_compute_tile/u_compute_core/u_mxu/array/pe13/mult/z_e2 input mem_bd_i/mem_top_0/inst/u_compute_tile/u_compute_core/u_mxu/array/pe13/mult/z_e2/A[29:0] is not pipelined. Pipelining DSP48 input will improve performance.
WARNING: [DRC DPIP-2] Input pipelining: DSP mem_bd_i/mem_top_0/inst/u_compute_tile/u_compute_core/u_mxu/array/pe13/mult/z_e2 input mem_bd_i/mem_top_0/inst/u_compute_tile/u_compute_core/u_mxu/array/pe13/mult/z_e2/B[17:0] is not pipelined. Pipelining DSP48 input will improve performance.
WARNING: [DRC DPIP-2] Input pipelining: DSP mem_bd_i/mem_top_0/inst/u_compute_tile/u_compute_core/u_mxu/array/pe13/mult/z_e2__0 input mem_bd_i/mem_top_0/inst/u_compute_tile/u_compute_core/u_mxu/array/pe13/mult/z_e2__0/B[17:0] is not pipelined. Pipelining DSP48 input will improve performance.
WARNING: [DRC DPIP-2] Input pipelining: DSP mem_bd_i/mem_top_0/inst/u_compute_tile/u_compute_core/u_mxu/array/pe14/mult/z_e2 input mem_bd_i/mem_top_0/inst/u_compute_tile/u_compute_core/u_mxu/array/pe14/mult/z_e2/A[29:0] is not pipelined. Pipelining DSP48 input will improve performance.
WARNING: [DRC DPIP-2] Input pipelining: DSP mem_bd_i/mem_top_0/inst/u_compute_tile/u_compute_core/u_mxu/array/pe14/mult/z_e2 input mem_bd_i/mem_top_0/inst/u_compute_tile/u_compute_core/u_mxu/array/pe14/mult/z_e2/B[17:0] is not pipelined. Pipelining DSP48 input will improve performance.
WARNING: [DRC DPIP-2] Input pipelining: DSP mem_bd_i/mem_top_0/inst/u_compute_tile/u_compute_core/u_mxu/array/pe14/mult/z_e2__0 input mem_bd_i/mem_top_0/inst/u_compute_tile/u_compute_core/u_mxu/array/pe14/mult/z_e2__0/B[17:0] is not pipelined. Pipelining DSP48 input will improve performance.
WARNING: [DRC DPIP-2] Input pipelining: DSP mem_bd_i/mem_top_0/inst/u_compute_tile/u_compute_core/u_mxu/array/pe21/mult/z_e2 input mem_bd_i/mem_top_0/inst/u_compute_tile/u_compute_core/u_mxu/array/pe21/mult/z_e2/A[29:0] is not pipelined. Pipelining DSP48 input will improve performance.
WARNING: [DRC DPIP-2] Input pipelining: DSP mem_bd_i/mem_top_0/inst/u_compute_tile/u_compute_core/u_mxu/array/pe21/mult/z_e2 input mem_bd_i/mem_top_0/inst/u_compute_tile/u_compute_core/u_mxu/array/pe21/mult/z_e2/B[17:0] is not pipelined. Pipelining DSP48 input will improve performance.
WARNING: [DRC DPIP-2] Input pipelining: DSP mem_bd_i/mem_top_0/inst/u_compute_tile/u_compute_core/u_mxu/array/pe21/mult/z_e2__0 input mem_bd_i/mem_top_0/inst/u_compute_tile/u_compute_core/u_mxu/array/pe21/mult/z_e2__0/B[17:0] is not pipelined. Pipelining DSP48 input will improve performance.
WARNING: [DRC DPIP-2] Input pipelining: DSP mem_bd_i/mem_top_0/inst/u_compute_tile/u_compute_core/u_mxu/array/pe22/mult/z_e2 input mem_bd_i/mem_top_0/inst/u_compute_tile/u_compute_core/u_mxu/array/pe22/mult/z_e2/A[29:0] is not pipelined. Pipelining DSP48 input will improve performance.
WARNING: [DRC DPIP-2] Input pipelining: DSP mem_bd_i/mem_top_0/inst/u_compute_tile/u_compute_core/u_mxu/array/pe22/mult/z_e2 input mem_bd_i/mem_top_0/inst/u_compute_tile/u_compute_core/u_mxu/array/pe22/mult/z_e2/B[17:0] is not pipelined. Pipelining DSP48 input will improve performance.
WARNING: [DRC DPIP-2] Input pipelining: DSP mem_bd_i/mem_top_0/inst/u_compute_tile/u_compute_core/u_mxu/array/pe22/mult/z_e2__0 input mem_bd_i/mem_top_0/inst/u_compute_tile/u_compute_core/u_mxu/array/pe22/mult/z_e2__0/B[17:0] is not pipelined. Pipelining DSP48 input will improve performance.
WARNING: [DRC DPIP-2] Input pipelining: DSP mem_bd_i/mem_top_0/inst/u_compute_tile/u_compute_core/u_mxu/array/pe23/mult/z_e2 input mem_bd_i/mem_top_0/inst/u_compute_tile/u_compute_core/u_mxu/array/pe23/mult/z_e2/A[29:0] is not pipelined. Pipelining DSP48 input will improve performance.
WARNING: [DRC DPIP-2] Input pipelining: DSP mem_bd_i/mem_top_0/inst/u_compute_tile/u_compute_core/u_mxu/array/pe23/mult/z_e2 input mem_bd_i/mem_top_0/inst/u_compute_tile/u_compute_core/u_mxu/array/pe23/mult/z_e2/B[17:0] is not pipelined. Pipelining DSP48 input will improve performance.
WARNING: [DRC DPIP-2] Input pipelining: DSP mem_bd_i/mem_top_0/inst/u_compute_tile/u_compute_core/u_mxu/array/pe23/mult/z_e2__0 input mem_bd_i/mem_top_0/inst/u_compute_tile/u_compute_core/u_mxu/array/pe23/mult/z_e2__0/B[17:0] is not pipelined. Pipelining DSP48 input will improve performance.
WARNING: [DRC DPIP-2] Input pipelining: DSP mem_bd_i/mem_top_0/inst/u_compute_tile/u_compute_core/u_mxu/array/pe24/mult/z_e2 input mem_bd_i/mem_top_0/inst/u_compute_tile/u_compute_core/u_mxu/array/pe24/mult/z_e2/A[29:0] is not pipelined. Pipelining DSP48 input will improve performance.
WARNING: [DRC DPIP-2] Input pipelining: DSP mem_bd_i/mem_top_0/inst/u_compute_tile/u_compute_core/u_mxu/array/pe24/mult/z_e2 input mem_bd_i/mem_top_0/inst/u_compute_tile/u_compute_core/u_mxu/array/pe24/mult/z_e2/B[17:0] is not pipelined. Pipelining DSP48 input will improve performance.
WARNING: [DRC DPIP-2] Input pipelining: DSP mem_bd_i/mem_top_0/inst/u_compute_tile/u_compute_core/u_mxu/array/pe24/mult/z_e2__0 input mem_bd_i/mem_top_0/inst/u_compute_tile/u_compute_core/u_mxu/array/pe24/mult/z_e2__0/B[17:0] is not pipelined. Pipelining DSP48 input will improve performance.
WARNING: [DRC DPIP-2] Input pipelining: DSP mem_bd_i/mem_top_0/inst/u_compute_tile/u_compute_core/u_mxu/array/pe31/mult/z_e2 input mem_bd_i/mem_top_0/inst/u_compute_tile/u_compute_core/u_mxu/array/pe31/mult/z_e2/A[29:0] is not pipelined. Pipelining DSP48 input will improve performance.
WARNING: [DRC DPIP-2] Input pipelining: DSP mem_bd_i/mem_top_0/inst/u_compute_tile/u_compute_core/u_mxu/array/pe31/mult/z_e2 input mem_bd_i/mem_top_0/inst/u_compute_tile/u_compute_core/u_mxu/array/pe31/mult/z_e2/B[17:0] is not pipelined. Pipelining DSP48 input will improve performance.
WARNING: [DRC DPIP-2] Input pipelining: DSP mem_bd_i/mem_top_0/inst/u_compute_tile/u_compute_core/u_mxu/array/pe31/mult/z_e2__0 input mem_bd_i/mem_top_0/inst/u_compute_tile/u_compute_core/u_mxu/array/pe31/mult/z_e2__0/B[17:0] is not pipelined. Pipelining DSP48 input will improve performance.
WARNING: [DRC DPIP-2] Input pipelining: DSP mem_bd_i/mem_top_0/inst/u_compute_tile/u_compute_core/u_mxu/array/pe32/mult/z_e2 input mem_bd_i/mem_top_0/inst/u_compute_tile/u_compute_core/u_mxu/array/pe32/mult/z_e2/A[29:0] is not pipelined. Pipelining DSP48 input will improve performance.
WARNING: [DRC DPIP-2] Input pipelining: DSP mem_bd_i/mem_top_0/inst/u_compute_tile/u_compute_core/u_mxu/array/pe32/mult/z_e2 input mem_bd_i/mem_top_0/inst/u_compute_tile/u_compute_core/u_mxu/array/pe32/mult/z_e2/B[17:0] is not pipelined. Pipelining DSP48 input will improve performance.
WARNING: [DRC DPIP-2] Input pipelining: DSP mem_bd_i/mem_top_0/inst/u_compute_tile/u_compute_core/u_mxu/array/pe32/mult/z_e2__0 input mem_bd_i/mem_top_0/inst/u_compute_tile/u_compute_core/u_mxu/array/pe32/mult/z_e2__0/B[17:0] is not pipelined. Pipelining DSP48 input will improve performance.
WARNING: [DRC DPIP-2] Input pipelining: DSP mem_bd_i/mem_top_0/inst/u_compute_tile/u_compute_core/u_mxu/array/pe33/mult/z_e2 input mem_bd_i/mem_top_0/inst/u_compute_tile/u_compute_core/u_mxu/array/pe33/mult/z_e2/A[29:0] is not pipelined. Pipelining DSP48 input will improve performance.
WARNING: [DRC DPIP-2] Input pipelining: DSP mem_bd_i/mem_top_0/inst/u_compute_tile/u_compute_core/u_mxu/array/pe33/mult/z_e2 input mem_bd_i/mem_top_0/inst/u_compute_tile/u_compute_core/u_mxu/array/pe33/mult/z_e2/B[17:0] is not pipelined. Pipelining DSP48 input will improve performance.
WARNING: [DRC DPIP-2] Input pipelining: DSP mem_bd_i/mem_top_0/inst/u_compute_tile/u_compute_core/u_mxu/array/pe33/mult/z_e2__0 input mem_bd_i/mem_top_0/inst/u_compute_tile/u_compute_core/u_mxu/array/pe33/mult/z_e2__0/B[17:0] is not pipelined. Pipelining DSP48 input will improve performance.
WARNING: [DRC DPIP-2] Input pipelining: DSP mem_bd_i/mem_top_0/inst/u_compute_tile/u_compute_core/u_mxu/array/pe34/mult/z_e2 input mem_bd_i/mem_top_0/inst/u_compute_tile/u_compute_core/u_mxu/array/pe34/mult/z_e2/A[29:0] is not pipelined. Pipelining DSP48 input will improve performance.
WARNING: [DRC DPIP-2] Input pipelining: DSP mem_bd_i/mem_top_0/inst/u_compute_tile/u_compute_core/u_mxu/array/pe34/mult/z_e2 input mem_bd_i/mem_top_0/inst/u_compute_tile/u_compute_core/u_mxu/array/pe34/mult/z_e2/B[17:0] is not pipelined. Pipelining DSP48 input will improve performance.
WARNING: [DRC DPIP-2] Input pipelining: DSP mem_bd_i/mem_top_0/inst/u_compute_tile/u_compute_core/u_mxu/array/pe34/mult/z_e2__0 input mem_bd_i/mem_top_0/inst/u_compute_tile/u_compute_core/u_mxu/array/pe34/mult/z_e2__0/B[17:0] is not pipelined. Pipelining DSP48 input will improve performance.
WARNING: [DRC DPIP-2] Input pipelining: DSP mem_bd_i/mem_top_0/inst/u_compute_tile/u_compute_core/u_mxu/array/pe41/mult/z_e2 input mem_bd_i/mem_top_0/inst/u_compute_tile/u_compute_core/u_mxu/array/pe41/mult/z_e2/A[29:0] is not pipelined. Pipelining DSP48 input will improve performance.
WARNING: [DRC DPIP-2] Input pipelining: DSP mem_bd_i/mem_top_0/inst/u_compute_tile/u_compute_core/u_mxu/array/pe41/mult/z_e2 input mem_bd_i/mem_top_0/inst/u_compute_tile/u_compute_core/u_mxu/array/pe41/mult/z_e2/B[17:0] is not pipelined. Pipelining DSP48 input will improve performance.
WARNING: [DRC DPIP-2] Input pipelining: DSP mem_bd_i/mem_top_0/inst/u_compute_tile/u_compute_core/u_mxu/array/pe41/mult/z_e2__0 input mem_bd_i/mem_top_0/inst/u_compute_tile/u_compute_core/u_mxu/array/pe41/mult/z_e2__0/B[17:0] is not pipelined. Pipelining DSP48 input will improve performance.
WARNING: [DRC DPIP-2] Input pipelining: DSP mem_bd_i/mem_top_0/inst/u_compute_tile/u_compute_core/u_mxu/array/pe42/mult/z_e2 input mem_bd_i/mem_top_0/inst/u_compute_tile/u_compute_core/u_mxu/array/pe42/mult/z_e2/A[29:0] is not pipelined. Pipelining DSP48 input will improve performance.
WARNING: [DRC DPIP-2] Input pipelining: DSP mem_bd_i/mem_top_0/inst/u_compute_tile/u_compute_core/u_mxu/array/pe42/mult/z_e2 input mem_bd_i/mem_top_0/inst/u_compute_tile/u_compute_core/u_mxu/array/pe42/mult/z_e2/B[17:0] is not pipelined. Pipelining DSP48 input will improve performance.
WARNING: [DRC DPIP-2] Input pipelining: DSP mem_bd_i/mem_top_0/inst/u_compute_tile/u_compute_core/u_mxu/array/pe42/mult/z_e2__0 input mem_bd_i/mem_top_0/inst/u_compute_tile/u_compute_core/u_mxu/array/pe42/mult/z_e2__0/B[17:0] is not pipelined. Pipelining DSP48 input will improve performance.
WARNING: [DRC DPIP-2] Input pipelining: DSP mem_bd_i/mem_top_0/inst/u_compute_tile/u_compute_core/u_mxu/array/pe43/mult/z_e2 input mem_bd_i/mem_top_0/inst/u_compute_tile/u_compute_core/u_mxu/array/pe43/mult/z_e2/A[29:0] is not pipelined. Pipelining DSP48 input will improve performance.
WARNING: [DRC DPIP-2] Input pipelining: DSP mem_bd_i/mem_top_0/inst/u_compute_tile/u_compute_core/u_mxu/array/pe43/mult/z_e2 input mem_bd_i/mem_top_0/inst/u_compute_tile/u_compute_core/u_mxu/array/pe43/mult/z_e2/B[17:0] is not pipelined. Pipelining DSP48 input will improve performance.
WARNING: [DRC DPIP-2] Input pipelining: DSP mem_bd_i/mem_top_0/inst/u_compute_tile/u_compute_core/u_mxu/array/pe43/mult/z_e2__0 input mem_bd_i/mem_top_0/inst/u_compute_tile/u_compute_core/u_mxu/array/pe43/mult/z_e2__0/B[17:0] is not pipelined. Pipelining DSP48 input will improve performance.
WARNING: [DRC DPIP-2] Input pipelining: DSP mem_bd_i/mem_top_0/inst/u_compute_tile/u_compute_core/u_mxu/array/pe44/mult/z_e2 input mem_bd_i/mem_top_0/inst/u_compute_tile/u_compute_core/u_mxu/array/pe44/mult/z_e2/A[29:0] is not pipelined. Pipelining DSP48 input will improve performance.
WARNING: [DRC DPIP-2] Input pipelining: DSP mem_bd_i/mem_top_0/inst/u_compute_tile/u_compute_core/u_mxu/array/pe44/mult/z_e2 input mem_bd_i/mem_top_0/inst/u_compute_tile/u_compute_core/u_mxu/array/pe44/mult/z_e2/B[17:0] is not pipelined. Pipelining DSP48 input will improve performance.
WARNING: [DRC DPIP-2] Input pipelining: DSP mem_bd_i/mem_top_0/inst/u_compute_tile/u_compute_core/u_mxu/array/pe44/mult/z_e2__0 input mem_bd_i/mem_top_0/inst/u_compute_tile/u_compute_core/u_mxu/array/pe44/mult/z_e2__0/B[17:0] is not pipelined. Pipelining DSP48 input will improve performance.
WARNING: [DRC DPIP-2] Input pipelining: DSP mem_bd_i/mem_top_0/inst/u_compute_tile/u_compute_core/u_vpu_simd/g_alu[0].u_alu/fp32_multiplier/z_e2 input mem_bd_i/mem_top_0/inst/u_compute_tile/u_compute_core/u_vpu_simd/g_alu[0].u_alu/fp32_multiplier/z_e2/A[29:0] is not pipelined. Pipelining DSP48 input will improve performance.
WARNING: [DRC DPIP-2] Input pipelining: DSP mem_bd_i/mem_top_0/inst/u_compute_tile/u_compute_core/u_vpu_simd/g_alu[0].u_alu/fp32_multiplier/z_e2 input mem_bd_i/mem_top_0/inst/u_compute_tile/u_compute_core/u_vpu_simd/g_alu[0].u_alu/fp32_multiplier/z_e2/B[17:0] is not pipelined. Pipelining DSP48 input will improve performance.
WARNING: [DRC DPIP-2] Input pipelining: DSP mem_bd_i/mem_top_0/inst/u_compute_tile/u_compute_core/u_vpu_simd/g_alu[0].u_alu/fp32_multiplier/z_e2__0 input mem_bd_i/mem_top_0/inst/u_compute_tile/u_compute_core/u_vpu_simd/g_alu[0].u_alu/fp32_multiplier/z_e2__0/B[17:0] is not pipelined. Pipelining DSP48 input will improve performance.
WARNING: [DRC DPIP-2] Input pipelining: DSP mem_bd_i/mem_top_0/inst/u_compute_tile/u_compute_core/u_vpu_simd/g_alu[1].u_alu/fp32_multiplier/z_e2 input mem_bd_i/mem_top_0/inst/u_compute_tile/u_compute_core/u_vpu_simd/g_alu[1].u_alu/fp32_multiplier/z_e2/A[29:0] is not pipelined. Pipelining DSP48 input will improve performance.
WARNING: [DRC DPIP-2] Input pipelining: DSP mem_bd_i/mem_top_0/inst/u_compute_tile/u_compute_core/u_vpu_simd/g_alu[1].u_alu/fp32_multiplier/z_e2 input mem_bd_i/mem_top_0/inst/u_compute_tile/u_compute_core/u_vpu_simd/g_alu[1].u_alu/fp32_multiplier/z_e2/B[17:0] is not pipelined. Pipelining DSP48 input will improve performance.
WARNING: [DRC DPIP-2] Input pipelining: DSP mem_bd_i/mem_top_0/inst/u_compute_tile/u_compute_core/u_vpu_simd/g_alu[1].u_alu/fp32_multiplier/z_e2__0 input mem_bd_i/mem_top_0/inst/u_compute_tile/u_compute_core/u_vpu_simd/g_alu[1].u_alu/fp32_multiplier/z_e2__0/B[17:0] is not pipelined. Pipelining DSP48 input will improve performance.
WARNING: [DRC DPIP-2] Input pipelining: DSP mem_bd_i/mem_top_0/inst/u_compute_tile/u_compute_core/u_vpu_simd/g_alu[2].u_alu/fp32_multiplier/z_e2 input mem_bd_i/mem_top_0/inst/u_compute_tile/u_compute_core/u_vpu_simd/g_alu[2].u_alu/fp32_multiplier/z_e2/A[29:0] is not pipelined. Pipelining DSP48 input will improve performance.
WARNING: [DRC DPIP-2] Input pipelining: DSP mem_bd_i/mem_top_0/inst/u_compute_tile/u_compute_core/u_vpu_simd/g_alu[2].u_alu/fp32_multiplier/z_e2 input mem_bd_i/mem_top_0/inst/u_compute_tile/u_compute_core/u_vpu_simd/g_alu[2].u_alu/fp32_multiplier/z_e2/B[17:0] is not pipelined. Pipelining DSP48 input will improve performance.
WARNING: [DRC DPIP-2] Input pipelining: DSP mem_bd_i/mem_top_0/inst/u_compute_tile/u_compute_core/u_vpu_simd/g_alu[2].u_alu/fp32_multiplier/z_e2__0 input mem_bd_i/mem_top_0/inst/u_compute_tile/u_compute_core/u_vpu_simd/g_alu[2].u_alu/fp32_multiplier/z_e2__0/B[17:0] is not pipelined. Pipelining DSP48 input will improve performance.
WARNING: [DRC DPIP-2] Input pipelining: DSP mem_bd_i/mem_top_0/inst/u_compute_tile/u_compute_core/u_vpu_simd/g_alu[3].u_alu/fp32_multiplier/z_e2 input mem_bd_i/mem_top_0/inst/u_compute_tile/u_compute_core/u_vpu_simd/g_alu[3].u_alu/fp32_multiplier/z_e2/A[29:0] is not pipelined. Pipelining DSP48 input will improve performance.
WARNING: [DRC DPIP-2] Input pipelining: DSP mem_bd_i/mem_top_0/inst/u_compute_tile/u_compute_core/u_vpu_simd/g_alu[3].u_alu/fp32_multiplier/z_e2 input mem_bd_i/mem_top_0/inst/u_compute_tile/u_compute_core/u_vpu_simd/g_alu[3].u_alu/fp32_multiplier/z_e2/B[17:0] is not pipelined. Pipelining DSP48 input will improve performance.
WARNING: [DRC DPIP-2] Input pipelining: DSP mem_bd_i/mem_top_0/inst/u_compute_tile/u_compute_core/u_vpu_simd/g_alu[3].u_alu/fp32_multiplier/z_e2__0 input mem_bd_i/mem_top_0/inst/u_compute_tile/u_compute_core/u_vpu_simd/g_alu[3].u_alu/fp32_multiplier/z_e2__0/B[17:0] is not pipelined. Pipelining DSP48 input will improve performance.
WARNING: [DRC DPIP-2] Input pipelining: DSP mem_bd_i/mem_top_0/inst/u_compute_tile/u_compute_core/u_vpu_simd/g_alu[4].u_alu/fp32_multiplier/z_e2 input mem_bd_i/mem_top_0/inst/u_compute_tile/u_compute_core/u_vpu_simd/g_alu[4].u_alu/fp32_multiplier/z_e2/A[29:0] is not pipelined. Pipelining DSP48 input will improve performance.
WARNING: [DRC DPIP-2] Input pipelining: DSP mem_bd_i/mem_top_0/inst/u_compute_tile/u_compute_core/u_vpu_simd/g_alu[4].u_alu/fp32_multiplier/z_e2 input mem_bd_i/mem_top_0/inst/u_compute_tile/u_compute_core/u_vpu_simd/g_alu[4].u_alu/fp32_multiplier/z_e2/B[17:0] is not pipelined. Pipelining DSP48 input will improve performance.
WARNING: [DRC DPIP-2] Input pipelining: DSP mem_bd_i/mem_top_0/inst/u_compute_tile/u_compute_core/u_vpu_simd/g_alu[4].u_alu/fp32_multiplier/z_e2__0 input mem_bd_i/mem_top_0/inst/u_compute_tile/u_compute_core/u_vpu_simd/g_alu[4].u_alu/fp32_multiplier/z_e2__0/B[17:0] is not pipelined. Pipelining DSP48 input will improve performance.
WARNING: [DRC DPIP-2] Input pipelining: DSP mem_bd_i/mem_top_0/inst/u_compute_tile/u_compute_core/u_vpu_simd/g_alu[5].u_alu/fp32_multiplier/z_e2 input mem_bd_i/mem_top_0/inst/u_compute_tile/u_compute_core/u_vpu_simd/g_alu[5].u_alu/fp32_multiplier/z_e2/A[29:0] is not pipelined. Pipelining DSP48 input will improve performance.
WARNING: [DRC DPIP-2] Input pipelining: DSP mem_bd_i/mem_top_0/inst/u_compute_tile/u_compute_core/u_vpu_simd/g_alu[5].u_alu/fp32_multiplier/z_e2 input mem_bd_i/mem_top_0/inst/u_compute_tile/u_compute_core/u_vpu_simd/g_alu[5].u_alu/fp32_multiplier/z_e2/B[17:0] is not pipelined. Pipelining DSP48 input will improve performance.
WARNING: [DRC DPIP-2] Input pipelining: DSP mem_bd_i/mem_top_0/inst/u_compute_tile/u_compute_core/u_vpu_simd/g_alu[5].u_alu/fp32_multiplier/z_e2__0 input mem_bd_i/mem_top_0/inst/u_compute_tile/u_compute_core/u_vpu_simd/g_alu[5].u_alu/fp32_multiplier/z_e2__0/B[17:0] is not pipelined. Pipelining DSP48 input will improve performance.
WARNING: [DRC DPIP-2] Input pipelining: DSP mem_bd_i/mem_top_0/inst/u_compute_tile/u_compute_core/u_vpu_simd/g_alu[6].u_alu/fp32_multiplier/z_e2 input mem_bd_i/mem_top_0/inst/u_compute_tile/u_compute_core/u_vpu_simd/g_alu[6].u_alu/fp32_multiplier/z_e2/A[29:0] is not pipelined. Pipelining DSP48 input will improve performance.
WARNING: [DRC DPIP-2] Input pipelining: DSP mem_bd_i/mem_top_0/inst/u_compute_tile/u_compute_core/u_vpu_simd/g_alu[6].u_alu/fp32_multiplier/z_e2 input mem_bd_i/mem_top_0/inst/u_compute_tile/u_compute_core/u_vpu_simd/g_alu[6].u_alu/fp32_multiplier/z_e2/B[17:0] is not pipelined. Pipelining DSP48 input will improve performance.
WARNING: [DRC DPIP-2] Input pipelining: DSP mem_bd_i/mem_top_0/inst/u_compute_tile/u_compute_core/u_vpu_simd/g_alu[6].u_alu/fp32_multiplier/z_e2__0 input mem_bd_i/mem_top_0/inst/u_compute_tile/u_compute_core/u_vpu_simd/g_alu[6].u_alu/fp32_multiplier/z_e2__0/B[17:0] is not pipelined. Pipelining DSP48 input will improve performance.
WARNING: [DRC DPIP-2] Input pipelining: DSP mem_bd_i/mem_top_0/inst/u_compute_tile/u_compute_core/u_vpu_simd/g_alu[7].u_alu/fp32_multiplier/z_e2 input mem_bd_i/mem_top_0/inst/u_compute_tile/u_compute_core/u_vpu_simd/g_alu[7].u_alu/fp32_multiplier/z_e2/A[29:0] is not pipelined. Pipelining DSP48 input will improve performance.
WARNING: [DRC DPIP-2] Input pipelining: DSP mem_bd_i/mem_top_0/inst/u_compute_tile/u_compute_core/u_vpu_simd/g_alu[7].u_alu/fp32_multiplier/z_e2 input mem_bd_i/mem_top_0/inst/u_compute_tile/u_compute_core/u_vpu_simd/g_alu[7].u_alu/fp32_multiplier/z_e2/B[17:0] is not pipelined. Pipelining DSP48 input will improve performance.
WARNING: [DRC DPIP-2] Input pipelining: DSP mem_bd_i/mem_top_0/inst/u_compute_tile/u_compute_core/u_vpu_simd/g_alu[7].u_alu/fp32_multiplier/z_e2__0 input mem_bd_i/mem_top_0/inst/u_compute_tile/u_compute_core/u_vpu_simd/g_alu[7].u_alu/fp32_multiplier/z_e2__0/B[17:0] is not pipelined. Pipelining DSP48 input will improve performance.
WARNING: [DRC DPIP-2] Input pipelining: DSP mem_bd_i/mem_top_0/inst/u_compute_tile/u_compute_core/u_vpu_simd/u_scalar/op_1/fp32_multiplier/z_e2 input mem_bd_i/mem_top_0/inst/u_compute_tile/u_compute_core/u_vpu_simd/u_scalar/op_1/fp32_multiplier/z_e2/A[29:0] is not pipelined. Pipelining DSP48 input will improve performance.
WARNING: [DRC DPIP-2] Input pipelining: DSP mem_bd_i/mem_top_0/inst/u_compute_tile/u_compute_core/u_vpu_simd/u_scalar/op_1/fp32_multiplier/z_e2 input mem_bd_i/mem_top_0/inst/u_compute_tile/u_compute_core/u_vpu_simd/u_scalar/op_1/fp32_multiplier/z_e2/B[17:0] is not pipelined. Pipelining DSP48 input will improve performance.
WARNING: [DRC DPIP-2] Input pipelining: DSP mem_bd_i/mem_top_0/inst/u_compute_tile/u_compute_core/u_vpu_simd/u_scalar/op_1/fp32_multiplier/z_e2__0 input mem_bd_i/mem_top_0/inst/u_compute_tile/u_compute_core/u_vpu_simd/u_scalar/op_1/fp32_multiplier/z_e2__0/B[17:0] is not pipelined. Pipelining DSP48 input will improve performance.
WARNING: [DRC DPOP-3] PREG Output pipelining: DSP mem_bd_i/mem_top_0/inst/u_compute_tile/u_compute_core/u_mxu/array/pe11/mult/z_e2 output mem_bd_i/mem_top_0/inst/u_compute_tile/u_compute_core/u_mxu/array/pe11/mult/z_e2/P[47:0] is not pipelined (PREG=0). Pipelining the DSP48 output will improve performance and often saves power so it is suggested whenever possible to fully pipeline this function.  If this DSP48 function was inferred, it is suggested to describe an additional register stage after this function.  If the DSP48 was instantiated in the design, it is suggested to set the PREG attribute to 1.
WARNING: [DRC DPOP-3] PREG Output pipelining: DSP mem_bd_i/mem_top_0/inst/u_compute_tile/u_compute_core/u_mxu/array/pe11/mult/z_e2__0 output mem_bd_i/mem_top_0/inst/u_compute_tile/u_compute_core/u_mxu/array/pe11/mult/z_e2__0/P[47:0] is not pipelined (PREG=0). Pipelining the DSP48 output will improve performance and often saves power so it is suggested whenever possible to fully pipeline this function.  If this DSP48 function was inferred, it is suggested to describe an additional register stage after this function.  If the DSP48 was instantiated in the design, it is suggested to set the PREG attribute to 1.
WARNING: [DRC DPOP-3] PREG Output pipelining: DSP mem_bd_i/mem_top_0/inst/u_compute_tile/u_compute_core/u_mxu/array/pe12/mult/z_e2 output mem_bd_i/mem_top_0/inst/u_compute_tile/u_compute_core/u_mxu/array/pe12/mult/z_e2/P[47:0] is not pipelined (PREG=0). Pipelining the DSP48 output will improve performance and often saves power so it is suggested whenever possible to fully pipeline this function.  If this DSP48 function was inferred, it is suggested to describe an additional register stage after this function.  If the DSP48 was instantiated in the design, it is suggested to set the PREG attribute to 1.
WARNING: [DRC DPOP-3] PREG Output pipelining: DSP mem_bd_i/mem_top_0/inst/u_compute_tile/u_compute_core/u_mxu/array/pe12/mult/z_e2__0 output mem_bd_i/mem_top_0/inst/u_compute_tile/u_compute_core/u_mxu/array/pe12/mult/z_e2__0/P[47:0] is not pipelined (PREG=0). Pipelining the DSP48 output will improve performance and often saves power so it is suggested whenever possible to fully pipeline this function.  If this DSP48 function was inferred, it is suggested to describe an additional register stage after this function.  If the DSP48 was instantiated in the design, it is suggested to set the PREG attribute to 1.
WARNING: [DRC DPOP-3] PREG Output pipelining: DSP mem_bd_i/mem_top_0/inst/u_compute_tile/u_compute_core/u_mxu/array/pe13/mult/z_e2 output mem_bd_i/mem_top_0/inst/u_compute_tile/u_compute_core/u_mxu/array/pe13/mult/z_e2/P[47:0] is not pipelined (PREG=0). Pipelining the DSP48 output will improve performance and often saves power so it is suggested whenever possible to fully pipeline this function.  If this DSP48 function was inferred, it is suggested to describe an additional register stage after this function.  If the DSP48 was instantiated in the design, it is suggested to set the PREG attribute to 1.
WARNING: [DRC DPOP-3] PREG Output pipelining: DSP mem_bd_i/mem_top_0/inst/u_compute_tile/u_compute_core/u_mxu/array/pe13/mult/z_e2__0 output mem_bd_i/mem_top_0/inst/u_compute_tile/u_compute_core/u_mxu/array/pe13/mult/z_e2__0/P[47:0] is not pipelined (PREG=0). Pipelining the DSP48 output will improve performance and often saves power so it is suggested whenever possible to fully pipeline this function.  If this DSP48 function was inferred, it is suggested to describe an additional register stage after this function.  If the DSP48 was instantiated in the design, it is suggested to set the PREG attribute to 1.
WARNING: [DRC DPOP-3] PREG Output pipelining: DSP mem_bd_i/mem_top_0/inst/u_compute_tile/u_compute_core/u_mxu/array/pe14/mult/z_e2 output mem_bd_i/mem_top_0/inst/u_compute_tile/u_compute_core/u_mxu/array/pe14/mult/z_e2/P[47:0] is not pipelined (PREG=0). Pipelining the DSP48 output will improve performance and often saves power so it is suggested whenever possible to fully pipeline this function.  If this DSP48 function was inferred, it is suggested to describe an additional register stage after this function.  If the DSP48 was instantiated in the design, it is suggested to set the PREG attribute to 1.
WARNING: [DRC DPOP-3] PREG Output pipelining: DSP mem_bd_i/mem_top_0/inst/u_compute_tile/u_compute_core/u_mxu/array/pe14/mult/z_e2__0 output mem_bd_i/mem_top_0/inst/u_compute_tile/u_compute_core/u_mxu/array/pe14/mult/z_e2__0/P[47:0] is not pipelined (PREG=0). Pipelining the DSP48 output will improve performance and often saves power so it is suggested whenever possible to fully pipeline this function.  If this DSP48 function was inferred, it is suggested to describe an additional register stage after this function.  If the DSP48 was instantiated in the design, it is suggested to set the PREG attribute to 1.
WARNING: [DRC DPOP-3] PREG Output pipelining: DSP mem_bd_i/mem_top_0/inst/u_compute_tile/u_compute_core/u_mxu/array/pe21/mult/z_e2 output mem_bd_i/mem_top_0/inst/u_compute_tile/u_compute_core/u_mxu/array/pe21/mult/z_e2/P[47:0] is not pipelined (PREG=0). Pipelining the DSP48 output will improve performance and often saves power so it is suggested whenever possible to fully pipeline this function.  If this DSP48 function was inferred, it is suggested to describe an additional register stage after this function.  If the DSP48 was instantiated in the design, it is suggested to set the PREG attribute to 1.
WARNING: [DRC DPOP-3] PREG Output pipelining: DSP mem_bd_i/mem_top_0/inst/u_compute_tile/u_compute_core/u_mxu/array/pe21/mult/z_e2__0 output mem_bd_i/mem_top_0/inst/u_compute_tile/u_compute_core/u_mxu/array/pe21/mult/z_e2__0/P[47:0] is not pipelined (PREG=0). Pipelining the DSP48 output will improve performance and often saves power so it is suggested whenever possible to fully pipeline this function.  If this DSP48 function was inferred, it is suggested to describe an additional register stage after this function.  If the DSP48 was instantiated in the design, it is suggested to set the PREG attribute to 1.
WARNING: [DRC DPOP-3] PREG Output pipelining: DSP mem_bd_i/mem_top_0/inst/u_compute_tile/u_compute_core/u_mxu/array/pe22/mult/z_e2 output mem_bd_i/mem_top_0/inst/u_compute_tile/u_compute_core/u_mxu/array/pe22/mult/z_e2/P[47:0] is not pipelined (PREG=0). Pipelining the DSP48 output will improve performance and often saves power so it is suggested whenever possible to fully pipeline this function.  If this DSP48 function was inferred, it is suggested to describe an additional register stage after this function.  If the DSP48 was instantiated in the design, it is suggested to set the PREG attribute to 1.
WARNING: [DRC DPOP-3] PREG Output pipelining: DSP mem_bd_i/mem_top_0/inst/u_compute_tile/u_compute_core/u_mxu/array/pe22/mult/z_e2__0 output mem_bd_i/mem_top_0/inst/u_compute_tile/u_compute_core/u_mxu/array/pe22/mult/z_e2__0/P[47:0] is not pipelined (PREG=0). Pipelining the DSP48 output will improve performance and often saves power so it is suggested whenever possible to fully pipeline this function.  If this DSP48 function was inferred, it is suggested to describe an additional register stage after this function.  If the DSP48 was instantiated in the design, it is suggested to set the PREG attribute to 1.
WARNING: [DRC DPOP-3] PREG Output pipelining: DSP mem_bd_i/mem_top_0/inst/u_compute_tile/u_compute_core/u_mxu/array/pe23/mult/z_e2 output mem_bd_i/mem_top_0/inst/u_compute_tile/u_compute_core/u_mxu/array/pe23/mult/z_e2/P[47:0] is not pipelined (PREG=0). Pipelining the DSP48 output will improve performance and often saves power so it is suggested whenever possible to fully pipeline this function.  If this DSP48 function was inferred, it is suggested to describe an additional register stage after this function.  If the DSP48 was instantiated in the design, it is suggested to set the PREG attribute to 1.
WARNING: [DRC DPOP-3] PREG Output pipelining: DSP mem_bd_i/mem_top_0/inst/u_compute_tile/u_compute_core/u_mxu/array/pe23/mult/z_e2__0 output mem_bd_i/mem_top_0/inst/u_compute_tile/u_compute_core/u_mxu/array/pe23/mult/z_e2__0/P[47:0] is not pipelined (PREG=0). Pipelining the DSP48 output will improve performance and often saves power so it is suggested whenever possible to fully pipeline this function.  If this DSP48 function was inferred, it is suggested to describe an additional register stage after this function.  If the DSP48 was instantiated in the design, it is suggested to set the PREG attribute to 1.
WARNING: [DRC DPOP-3] PREG Output pipelining: DSP mem_bd_i/mem_top_0/inst/u_compute_tile/u_compute_core/u_mxu/array/pe24/mult/z_e2 output mem_bd_i/mem_top_0/inst/u_compute_tile/u_compute_core/u_mxu/array/pe24/mult/z_e2/P[47:0] is not pipelined (PREG=0). Pipelining the DSP48 output will improve performance and often saves power so it is suggested whenever possible to fully pipeline this function.  If this DSP48 function was inferred, it is suggested to describe an additional register stage after this function.  If the DSP48 was instantiated in the design, it is suggested to set the PREG attribute to 1.
WARNING: [DRC DPOP-3] PREG Output pipelining: DSP mem_bd_i/mem_top_0/inst/u_compute_tile/u_compute_core/u_mxu/array/pe24/mult/z_e2__0 output mem_bd_i/mem_top_0/inst/u_compute_tile/u_compute_core/u_mxu/array/pe24/mult/z_e2__0/P[47:0] is not pipelined (PREG=0). Pipelining the DSP48 output will improve performance and often saves power so it is suggested whenever possible to fully pipeline this function.  If this DSP48 function was inferred, it is suggested to describe an additional register stage after this function.  If the DSP48 was instantiated in the design, it is suggested to set the PREG attribute to 1.
WARNING: [DRC DPOP-3] PREG Output pipelining: DSP mem_bd_i/mem_top_0/inst/u_compute_tile/u_compute_core/u_mxu/array/pe31/mult/z_e2 output mem_bd_i/mem_top_0/inst/u_compute_tile/u_compute_core/u_mxu/array/pe31/mult/z_e2/P[47:0] is not pipelined (PREG=0). Pipelining the DSP48 output will improve performance and often saves power so it is suggested whenever possible to fully pipeline this function.  If this DSP48 function was inferred, it is suggested to describe an additional register stage after this function.  If the DSP48 was instantiated in the design, it is suggested to set the PREG attribute to 1.
WARNING: [DRC DPOP-3] PREG Output pipelining: DSP mem_bd_i/mem_top_0/inst/u_compute_tile/u_compute_core/u_mxu/array/pe31/mult/z_e2__0 output mem_bd_i/mem_top_0/inst/u_compute_tile/u_compute_core/u_mxu/array/pe31/mult/z_e2__0/P[47:0] is not pipelined (PREG=0). Pipelining the DSP48 output will improve performance and often saves power so it is suggested whenever possible to fully pipeline this function.  If this DSP48 function was inferred, it is suggested to describe an additional register stage after this function.  If the DSP48 was instantiated in the design, it is suggested to set the PREG attribute to 1.
WARNING: [DRC DPOP-3] PREG Output pipelining: DSP mem_bd_i/mem_top_0/inst/u_compute_tile/u_compute_core/u_mxu/array/pe32/mult/z_e2 output mem_bd_i/mem_top_0/inst/u_compute_tile/u_compute_core/u_mxu/array/pe32/mult/z_e2/P[47:0] is not pipelined (PREG=0). Pipelining the DSP48 output will improve performance and often saves power so it is suggested whenever possible to fully pipeline this function.  If this DSP48 function was inferred, it is suggested to describe an additional register stage after this function.  If the DSP48 was instantiated in the design, it is suggested to set the PREG attribute to 1.
WARNING: [DRC DPOP-3] PREG Output pipelining: DSP mem_bd_i/mem_top_0/inst/u_compute_tile/u_compute_core/u_mxu/array/pe32/mult/z_e2__0 output mem_bd_i/mem_top_0/inst/u_compute_tile/u_compute_core/u_mxu/array/pe32/mult/z_e2__0/P[47:0] is not pipelined (PREG=0). Pipelining the DSP48 output will improve performance and often saves power so it is suggested whenever possible to fully pipeline this function.  If this DSP48 function was inferred, it is suggested to describe an additional register stage after this function.  If the DSP48 was instantiated in the design, it is suggested to set the PREG attribute to 1.
WARNING: [DRC DPOP-3] PREG Output pipelining: DSP mem_bd_i/mem_top_0/inst/u_compute_tile/u_compute_core/u_mxu/array/pe33/mult/z_e2 output mem_bd_i/mem_top_0/inst/u_compute_tile/u_compute_core/u_mxu/array/pe33/mult/z_e2/P[47:0] is not pipelined (PREG=0). Pipelining the DSP48 output will improve performance and often saves power so it is suggested whenever possible to fully pipeline this function.  If this DSP48 function was inferred, it is suggested to describe an additional register stage after this function.  If the DSP48 was instantiated in the design, it is suggested to set the PREG attribute to 1.
WARNING: [DRC DPOP-3] PREG Output pipelining: DSP mem_bd_i/mem_top_0/inst/u_compute_tile/u_compute_core/u_mxu/array/pe33/mult/z_e2__0 output mem_bd_i/mem_top_0/inst/u_compute_tile/u_compute_core/u_mxu/array/pe33/mult/z_e2__0/P[47:0] is not pipelined (PREG=0). Pipelining the DSP48 output will improve performance and often saves power so it is suggested whenever possible to fully pipeline this function.  If this DSP48 function was inferred, it is suggested to describe an additional register stage after this function.  If the DSP48 was instantiated in the design, it is suggested to set the PREG attribute to 1.
WARNING: [DRC DPOP-3] PREG Output pipelining: DSP mem_bd_i/mem_top_0/inst/u_compute_tile/u_compute_core/u_mxu/array/pe34/mult/z_e2 output mem_bd_i/mem_top_0/inst/u_compute_tile/u_compute_core/u_mxu/array/pe34/mult/z_e2/P[47:0] is not pipelined (PREG=0). Pipelining the DSP48 output will improve performance and often saves power so it is suggested whenever possible to fully pipeline this function.  If this DSP48 function was inferred, it is suggested to describe an additional register stage after this function.  If the DSP48 was instantiated in the design, it is suggested to set the PREG attribute to 1.
WARNING: [DRC DPOP-3] PREG Output pipelining: DSP mem_bd_i/mem_top_0/inst/u_compute_tile/u_compute_core/u_mxu/array/pe34/mult/z_e2__0 output mem_bd_i/mem_top_0/inst/u_compute_tile/u_compute_core/u_mxu/array/pe34/mult/z_e2__0/P[47:0] is not pipelined (PREG=0). Pipelining the DSP48 output will improve performance and often saves power so it is suggested whenever possible to fully pipeline this function.  If this DSP48 function was inferred, it is suggested to describe an additional register stage after this function.  If the DSP48 was instantiated in the design, it is suggested to set the PREG attribute to 1.
WARNING: [DRC DPOP-3] PREG Output pipelining: DSP mem_bd_i/mem_top_0/inst/u_compute_tile/u_compute_core/u_mxu/array/pe41/mult/z_e2 output mem_bd_i/mem_top_0/inst/u_compute_tile/u_compute_core/u_mxu/array/pe41/mult/z_e2/P[47:0] is not pipelined (PREG=0). Pipelining the DSP48 output will improve performance and often saves power so it is suggested whenever possible to fully pipeline this function.  If this DSP48 function was inferred, it is suggested to describe an additional register stage after this function.  If the DSP48 was instantiated in the design, it is suggested to set the PREG attribute to 1.
WARNING: [DRC DPOP-3] PREG Output pipelining: DSP mem_bd_i/mem_top_0/inst/u_compute_tile/u_compute_core/u_mxu/array/pe41/mult/z_e2__0 output mem_bd_i/mem_top_0/inst/u_compute_tile/u_compute_core/u_mxu/array/pe41/mult/z_e2__0/P[47:0] is not pipelined (PREG=0). Pipelining the DSP48 output will improve performance and often saves power so it is suggested whenever possible to fully pipeline this function.  If this DSP48 function was inferred, it is suggested to describe an additional register stage after this function.  If the DSP48 was instantiated in the design, it is suggested to set the PREG attribute to 1.
WARNING: [DRC DPOP-3] PREG Output pipelining: DSP mem_bd_i/mem_top_0/inst/u_compute_tile/u_compute_core/u_mxu/array/pe42/mult/z_e2 output mem_bd_i/mem_top_0/inst/u_compute_tile/u_compute_core/u_mxu/array/pe42/mult/z_e2/P[47:0] is not pipelined (PREG=0). Pipelining the DSP48 output will improve performance and often saves power so it is suggested whenever possible to fully pipeline this function.  If this DSP48 function was inferred, it is suggested to describe an additional register stage after this function.  If the DSP48 was instantiated in the design, it is suggested to set the PREG attribute to 1.
WARNING: [DRC DPOP-3] PREG Output pipelining: DSP mem_bd_i/mem_top_0/inst/u_compute_tile/u_compute_core/u_mxu/array/pe42/mult/z_e2__0 output mem_bd_i/mem_top_0/inst/u_compute_tile/u_compute_core/u_mxu/array/pe42/mult/z_e2__0/P[47:0] is not pipelined (PREG=0). Pipelining the DSP48 output will improve performance and often saves power so it is suggested whenever possible to fully pipeline this function.  If this DSP48 function was inferred, it is suggested to describe an additional register stage after this function.  If the DSP48 was instantiated in the design, it is suggested to set the PREG attribute to 1.
WARNING: [DRC DPOP-3] PREG Output pipelining: DSP mem_bd_i/mem_top_0/inst/u_compute_tile/u_compute_core/u_mxu/array/pe43/mult/z_e2 output mem_bd_i/mem_top_0/inst/u_compute_tile/u_compute_core/u_mxu/array/pe43/mult/z_e2/P[47:0] is not pipelined (PREG=0). Pipelining the DSP48 output will improve performance and often saves power so it is suggested whenever possible to fully pipeline this function.  If this DSP48 function was inferred, it is suggested to describe an additional register stage after this function.  If the DSP48 was instantiated in the design, it is suggested to set the PREG attribute to 1.
WARNING: [DRC DPOP-3] PREG Output pipelining: DSP mem_bd_i/mem_top_0/inst/u_compute_tile/u_compute_core/u_mxu/array/pe43/mult/z_e2__0 output mem_bd_i/mem_top_0/inst/u_compute_tile/u_compute_core/u_mxu/array/pe43/mult/z_e2__0/P[47:0] is not pipelined (PREG=0). Pipelining the DSP48 output will improve performance and often saves power so it is suggested whenever possible to fully pipeline this function.  If this DSP48 function was inferred, it is suggested to describe an additional register stage after this function.  If the DSP48 was instantiated in the design, it is suggested to set the PREG attribute to 1.
WARNING: [DRC DPOP-3] PREG Output pipelining: DSP mem_bd_i/mem_top_0/inst/u_compute_tile/u_compute_core/u_mxu/array/pe44/mult/z_e2 output mem_bd_i/mem_top_0/inst/u_compute_tile/u_compute_core/u_mxu/array/pe44/mult/z_e2/P[47:0] is not pipelined (PREG=0). Pipelining the DSP48 output will improve performance and often saves power so it is suggested whenever possible to fully pipeline this function.  If this DSP48 function was inferred, it is suggested to describe an additional register stage after this function.  If the DSP48 was instantiated in the design, it is suggested to set the PREG attribute to 1.
WARNING: [DRC DPOP-3] PREG Output pipelining: DSP mem_bd_i/mem_top_0/inst/u_compute_tile/u_compute_core/u_mxu/array/pe44/mult/z_e2__0 output mem_bd_i/mem_top_0/inst/u_compute_tile/u_compute_core/u_mxu/array/pe44/mult/z_e2__0/P[47:0] is not pipelined (PREG=0). Pipelining the DSP48 output will improve performance and often saves power so it is suggested whenever possible to fully pipeline this function.  If this DSP48 function was inferred, it is suggested to describe an additional register stage after this function.  If the DSP48 was instantiated in the design, it is suggested to set the PREG attribute to 1.
WARNING: [DRC DPOP-3] PREG Output pipelining: DSP mem_bd_i/mem_top_0/inst/u_compute_tile/u_compute_core/u_vpu_simd/g_alu[0].u_alu/fp32_multiplier/z_e2 output mem_bd_i/mem_top_0/inst/u_compute_tile/u_compute_core/u_vpu_simd/g_alu[0].u_alu/fp32_multiplier/z_e2/P[47:0] is not pipelined (PREG=0). Pipelining the DSP48 output will improve performance and often saves power so it is suggested whenever possible to fully pipeline this function.  If this DSP48 function was inferred, it is suggested to describe an additional register stage after this function.  If the DSP48 was instantiated in the design, it is suggested to set the PREG attribute to 1.
WARNING: [DRC DPOP-3] PREG Output pipelining: DSP mem_bd_i/mem_top_0/inst/u_compute_tile/u_compute_core/u_vpu_simd/g_alu[0].u_alu/fp32_multiplier/z_e2__0 output mem_bd_i/mem_top_0/inst/u_compute_tile/u_compute_core/u_vpu_simd/g_alu[0].u_alu/fp32_multiplier/z_e2__0/P[47:0] is not pipelined (PREG=0). Pipelining the DSP48 output will improve performance and often saves power so it is suggested whenever possible to fully pipeline this function.  If this DSP48 function was inferred, it is suggested to describe an additional register stage after this function.  If the DSP48 was instantiated in the design, it is suggested to set the PREG attribute to 1.
WARNING: [DRC DPOP-3] PREG Output pipelining: DSP mem_bd_i/mem_top_0/inst/u_compute_tile/u_compute_core/u_vpu_simd/g_alu[1].u_alu/fp32_multiplier/z_e2 output mem_bd_i/mem_top_0/inst/u_compute_tile/u_compute_core/u_vpu_simd/g_alu[1].u_alu/fp32_multiplier/z_e2/P[47:0] is not pipelined (PREG=0). Pipelining the DSP48 output will improve performance and often saves power so it is suggested whenever possible to fully pipeline this function.  If this DSP48 function was inferred, it is suggested to describe an additional register stage after this function.  If the DSP48 was instantiated in the design, it is suggested to set the PREG attribute to 1.
WARNING: [DRC DPOP-3] PREG Output pipelining: DSP mem_bd_i/mem_top_0/inst/u_compute_tile/u_compute_core/u_vpu_simd/g_alu[1].u_alu/fp32_multiplier/z_e2__0 output mem_bd_i/mem_top_0/inst/u_compute_tile/u_compute_core/u_vpu_simd/g_alu[1].u_alu/fp32_multiplier/z_e2__0/P[47:0] is not pipelined (PREG=0). Pipelining the DSP48 output will improve performance and often saves power so it is suggested whenever possible to fully pipeline this function.  If this DSP48 function was inferred, it is suggested to describe an additional register stage after this function.  If the DSP48 was instantiated in the design, it is suggested to set the PREG attribute to 1.
WARNING: [DRC DPOP-3] PREG Output pipelining: DSP mem_bd_i/mem_top_0/inst/u_compute_tile/u_compute_core/u_vpu_simd/g_alu[2].u_alu/fp32_multiplier/z_e2 output mem_bd_i/mem_top_0/inst/u_compute_tile/u_compute_core/u_vpu_simd/g_alu[2].u_alu/fp32_multiplier/z_e2/P[47:0] is not pipelined (PREG=0). Pipelining the DSP48 output will improve performance and often saves power so it is suggested whenever possible to fully pipeline this function.  If this DSP48 function was inferred, it is suggested to describe an additional register stage after this function.  If the DSP48 was instantiated in the design, it is suggested to set the PREG attribute to 1.
WARNING: [DRC DPOP-3] PREG Output pipelining: DSP mem_bd_i/mem_top_0/inst/u_compute_tile/u_compute_core/u_vpu_simd/g_alu[2].u_alu/fp32_multiplier/z_e2__0 output mem_bd_i/mem_top_0/inst/u_compute_tile/u_compute_core/u_vpu_simd/g_alu[2].u_alu/fp32_multiplier/z_e2__0/P[47:0] is not pipelined (PREG=0). Pipelining the DSP48 output will improve performance and often saves power so it is suggested whenever possible to fully pipeline this function.  If this DSP48 function was inferred, it is suggested to describe an additional register stage after this function.  If the DSP48 was instantiated in the design, it is suggested to set the PREG attribute to 1.
WARNING: [DRC DPOP-3] PREG Output pipelining: DSP mem_bd_i/mem_top_0/inst/u_compute_tile/u_compute_core/u_vpu_simd/g_alu[3].u_alu/fp32_multiplier/z_e2 output mem_bd_i/mem_top_0/inst/u_compute_tile/u_compute_core/u_vpu_simd/g_alu[3].u_alu/fp32_multiplier/z_e2/P[47:0] is not pipelined (PREG=0). Pipelining the DSP48 output will improve performance and often saves power so it is suggested whenever possible to fully pipeline this function.  If this DSP48 function was inferred, it is suggested to describe an additional register stage after this function.  If the DSP48 was instantiated in the design, it is suggested to set the PREG attribute to 1.
WARNING: [DRC DPOP-3] PREG Output pipelining: DSP mem_bd_i/mem_top_0/inst/u_compute_tile/u_compute_core/u_vpu_simd/g_alu[3].u_alu/fp32_multiplier/z_e2__0 output mem_bd_i/mem_top_0/inst/u_compute_tile/u_compute_core/u_vpu_simd/g_alu[3].u_alu/fp32_multiplier/z_e2__0/P[47:0] is not pipelined (PREG=0). Pipelining the DSP48 output will improve performance and often saves power so it is suggested whenever possible to fully pipeline this function.  If this DSP48 function was inferred, it is suggested to describe an additional register stage after this function.  If the DSP48 was instantiated in the design, it is suggested to set the PREG attribute to 1.
WARNING: [DRC DPOP-3] PREG Output pipelining: DSP mem_bd_i/mem_top_0/inst/u_compute_tile/u_compute_core/u_vpu_simd/g_alu[4].u_alu/fp32_multiplier/z_e2 output mem_bd_i/mem_top_0/inst/u_compute_tile/u_compute_core/u_vpu_simd/g_alu[4].u_alu/fp32_multiplier/z_e2/P[47:0] is not pipelined (PREG=0). Pipelining the DSP48 output will improve performance and often saves power so it is suggested whenever possible to fully pipeline this function.  If this DSP48 function was inferred, it is suggested to describe an additional register stage after this function.  If the DSP48 was instantiated in the design, it is suggested to set the PREG attribute to 1.
WARNING: [DRC DPOP-3] PREG Output pipelining: DSP mem_bd_i/mem_top_0/inst/u_compute_tile/u_compute_core/u_vpu_simd/g_alu[4].u_alu/fp32_multiplier/z_e2__0 output mem_bd_i/mem_top_0/inst/u_compute_tile/u_compute_core/u_vpu_simd/g_alu[4].u_alu/fp32_multiplier/z_e2__0/P[47:0] is not pipelined (PREG=0). Pipelining the DSP48 output will improve performance and often saves power so it is suggested whenever possible to fully pipeline this function.  If this DSP48 function was inferred, it is suggested to describe an additional register stage after this function.  If the DSP48 was instantiated in the design, it is suggested to set the PREG attribute to 1.
WARNING: [DRC DPOP-3] PREG Output pipelining: DSP mem_bd_i/mem_top_0/inst/u_compute_tile/u_compute_core/u_vpu_simd/g_alu[5].u_alu/fp32_multiplier/z_e2 output mem_bd_i/mem_top_0/inst/u_compute_tile/u_compute_core/u_vpu_simd/g_alu[5].u_alu/fp32_multiplier/z_e2/P[47:0] is not pipelined (PREG=0). Pipelining the DSP48 output will improve performance and often saves power so it is suggested whenever possible to fully pipeline this function.  If this DSP48 function was inferred, it is suggested to describe an additional register stage after this function.  If the DSP48 was instantiated in the design, it is suggested to set the PREG attribute to 1.
WARNING: [DRC DPOP-3] PREG Output pipelining: DSP mem_bd_i/mem_top_0/inst/u_compute_tile/u_compute_core/u_vpu_simd/g_alu[5].u_alu/fp32_multiplier/z_e2__0 output mem_bd_i/mem_top_0/inst/u_compute_tile/u_compute_core/u_vpu_simd/g_alu[5].u_alu/fp32_multiplier/z_e2__0/P[47:0] is not pipelined (PREG=0). Pipelining the DSP48 output will improve performance and often saves power so it is suggested whenever possible to fully pipeline this function.  If this DSP48 function was inferred, it is suggested to describe an additional register stage after this function.  If the DSP48 was instantiated in the design, it is suggested to set the PREG attribute to 1.
WARNING: [DRC DPOP-3] PREG Output pipelining: DSP mem_bd_i/mem_top_0/inst/u_compute_tile/u_compute_core/u_vpu_simd/g_alu[6].u_alu/fp32_multiplier/z_e2 output mem_bd_i/mem_top_0/inst/u_compute_tile/u_compute_core/u_vpu_simd/g_alu[6].u_alu/fp32_multiplier/z_e2/P[47:0] is not pipelined (PREG=0). Pipelining the DSP48 output will improve performance and often saves power so it is suggested whenever possible to fully pipeline this function.  If this DSP48 function was inferred, it is suggested to describe an additional register stage after this function.  If the DSP48 was instantiated in the design, it is suggested to set the PREG attribute to 1.
WARNING: [DRC DPOP-3] PREG Output pipelining: DSP mem_bd_i/mem_top_0/inst/u_compute_tile/u_compute_core/u_vpu_simd/g_alu[6].u_alu/fp32_multiplier/z_e2__0 output mem_bd_i/mem_top_0/inst/u_compute_tile/u_compute_core/u_vpu_simd/g_alu[6].u_alu/fp32_multiplier/z_e2__0/P[47:0] is not pipelined (PREG=0). Pipelining the DSP48 output will improve performance and often saves power so it is suggested whenever possible to fully pipeline this function.  If this DSP48 function was inferred, it is suggested to describe an additional register stage after this function.  If the DSP48 was instantiated in the design, it is suggested to set the PREG attribute to 1.
WARNING: [DRC DPOP-3] PREG Output pipelining: DSP mem_bd_i/mem_top_0/inst/u_compute_tile/u_compute_core/u_vpu_simd/g_alu[7].u_alu/fp32_multiplier/z_e2 output mem_bd_i/mem_top_0/inst/u_compute_tile/u_compute_core/u_vpu_simd/g_alu[7].u_alu/fp32_multiplier/z_e2/P[47:0] is not pipelined (PREG=0). Pipelining the DSP48 output will improve performance and often saves power so it is suggested whenever possible to fully pipeline this function.  If this DSP48 function was inferred, it is suggested to describe an additional register stage after this function.  If the DSP48 was instantiated in the design, it is suggested to set the PREG attribute to 1.
WARNING: [DRC DPOP-3] PREG Output pipelining: DSP mem_bd_i/mem_top_0/inst/u_compute_tile/u_compute_core/u_vpu_simd/g_alu[7].u_alu/fp32_multiplier/z_e2__0 output mem_bd_i/mem_top_0/inst/u_compute_tile/u_compute_core/u_vpu_simd/g_alu[7].u_alu/fp32_multiplier/z_e2__0/P[47:0] is not pipelined (PREG=0). Pipelining the DSP48 output will improve performance and often saves power so it is suggested whenever possible to fully pipeline this function.  If this DSP48 function was inferred, it is suggested to describe an additional register stage after this function.  If the DSP48 was instantiated in the design, it is suggested to set the PREG attribute to 1.
WARNING: [DRC DPOP-3] PREG Output pipelining: DSP mem_bd_i/mem_top_0/inst/u_compute_tile/u_compute_core/u_vpu_simd/u_scalar/op_1/fp32_multiplier/z_e2 output mem_bd_i/mem_top_0/inst/u_compute_tile/u_compute_core/u_vpu_simd/u_scalar/op_1/fp32_multiplier/z_e2/P[47:0] is not pipelined (PREG=0). Pipelining the DSP48 output will improve performance and often saves power so it is suggested whenever possible to fully pipeline this function.  If this DSP48 function was inferred, it is suggested to describe an additional register stage after this function.  If the DSP48 was instantiated in the design, it is suggested to set the PREG attribute to 1.
WARNING: [DRC DPOP-3] PREG Output pipelining: DSP mem_bd_i/mem_top_0/inst/u_compute_tile/u_compute_core/u_vpu_simd/u_scalar/op_1/fp32_multiplier/z_e2__0 output mem_bd_i/mem_top_0/inst/u_compute_tile/u_compute_core/u_vpu_simd/u_scalar/op_1/fp32_multiplier/z_e2__0/P[47:0] is not pipelined (PREG=0). Pipelining the DSP48 output will improve performance and often saves power so it is suggested whenever possible to fully pipeline this function.  If this DSP48 function was inferred, it is suggested to describe an additional register stage after this function.  If the DSP48 was instantiated in the design, it is suggested to set the PREG attribute to 1.
WARNING: [DRC DPOP-4] MREG Output pipelining: DSP mem_bd_i/mem_top_0/inst/u_compute_tile/u_compute_core/u_mxu/array/pe11/mult/z_e2 multiplier stage mem_bd_i/mem_top_0/inst/u_compute_tile/u_compute_core/u_mxu/array/pe11/mult/z_e2/P[47:0] is not pipelined (MREG=0). Pipelining the multiplier function will improve performance and will save significant power so it is suggested whenever possible to fully pipeline this function.  If this multiplier was inferred, it is suggested to describe an additional register stage after this function.  If there is no registered adder/accumulator following the multiply function, two pipeline stages are suggested to allow both the MREG and PREG registers to be used.  If the DSP48 was instantiated in the design, it is suggested to set both the MREG and PREG attributes to 1 when performing multiply functions.
WARNING: [DRC DPOP-4] MREG Output pipelining: DSP mem_bd_i/mem_top_0/inst/u_compute_tile/u_compute_core/u_mxu/array/pe11/mult/z_e2__0 multiplier stage mem_bd_i/mem_top_0/inst/u_compute_tile/u_compute_core/u_mxu/array/pe11/mult/z_e2__0/P[47:0] is not pipelined (MREG=0). Pipelining the multiplier function will improve performance and will save significant power so it is suggested whenever possible to fully pipeline this function.  If this multiplier was inferred, it is suggested to describe an additional register stage after this function.  If there is no registered adder/accumulator following the multiply function, two pipeline stages are suggested to allow both the MREG and PREG registers to be used.  If the DSP48 was instantiated in the design, it is suggested to set both the MREG and PREG attributes to 1 when performing multiply functions.
WARNING: [DRC DPOP-4] MREG Output pipelining: DSP mem_bd_i/mem_top_0/inst/u_compute_tile/u_compute_core/u_mxu/array/pe12/mult/z_e2 multiplier stage mem_bd_i/mem_top_0/inst/u_compute_tile/u_compute_core/u_mxu/array/pe12/mult/z_e2/P[47:0] is not pipelined (MREG=0). Pipelining the multiplier function will improve performance and will save significant power so it is suggested whenever possible to fully pipeline this function.  If this multiplier was inferred, it is suggested to describe an additional register stage after this function.  If there is no registered adder/accumulator following the multiply function, two pipeline stages are suggested to allow both the MREG and PREG registers to be used.  If the DSP48 was instantiated in the design, it is suggested to set both the MREG and PREG attributes to 1 when performing multiply functions.
WARNING: [DRC DPOP-4] MREG Output pipelining: DSP mem_bd_i/mem_top_0/inst/u_compute_tile/u_compute_core/u_mxu/array/pe12/mult/z_e2__0 multiplier stage mem_bd_i/mem_top_0/inst/u_compute_tile/u_compute_core/u_mxu/array/pe12/mult/z_e2__0/P[47:0] is not pipelined (MREG=0). Pipelining the multiplier function will improve performance and will save significant power so it is suggested whenever possible to fully pipeline this function.  If this multiplier was inferred, it is suggested to describe an additional register stage after this function.  If there is no registered adder/accumulator following the multiply function, two pipeline stages are suggested to allow both the MREG and PREG registers to be used.  If the DSP48 was instantiated in the design, it is suggested to set both the MREG and PREG attributes to 1 when performing multiply functions.
WARNING: [DRC DPOP-4] MREG Output pipelining: DSP mem_bd_i/mem_top_0/inst/u_compute_tile/u_compute_core/u_mxu/array/pe13/mult/z_e2 multiplier stage mem_bd_i/mem_top_0/inst/u_compute_tile/u_compute_core/u_mxu/array/pe13/mult/z_e2/P[47:0] is not pipelined (MREG=0). Pipelining the multiplier function will improve performance and will save significant power so it is suggested whenever possible to fully pipeline this function.  If this multiplier was inferred, it is suggested to describe an additional register stage after this function.  If there is no registered adder/accumulator following the multiply function, two pipeline stages are suggested to allow both the MREG and PREG registers to be used.  If the DSP48 was instantiated in the design, it is suggested to set both the MREG and PREG attributes to 1 when performing multiply functions.
WARNING: [DRC DPOP-4] MREG Output pipelining: DSP mem_bd_i/mem_top_0/inst/u_compute_tile/u_compute_core/u_mxu/array/pe13/mult/z_e2__0 multiplier stage mem_bd_i/mem_top_0/inst/u_compute_tile/u_compute_core/u_mxu/array/pe13/mult/z_e2__0/P[47:0] is not pipelined (MREG=0). Pipelining the multiplier function will improve performance and will save significant power so it is suggested whenever possible to fully pipeline this function.  If this multiplier was inferred, it is suggested to describe an additional register stage after this function.  If there is no registered adder/accumulator following the multiply function, two pipeline stages are suggested to allow both the MREG and PREG registers to be used.  If the DSP48 was instantiated in the design, it is suggested to set both the MREG and PREG attributes to 1 when performing multiply functions.
WARNING: [DRC DPOP-4] MREG Output pipelining: DSP mem_bd_i/mem_top_0/inst/u_compute_tile/u_compute_core/u_mxu/array/pe14/mult/z_e2 multiplier stage mem_bd_i/mem_top_0/inst/u_compute_tile/u_compute_core/u_mxu/array/pe14/mult/z_e2/P[47:0] is not pipelined (MREG=0). Pipelining the multiplier function will improve performance and will save significant power so it is suggested whenever possible to fully pipeline this function.  If this multiplier was inferred, it is suggested to describe an additional register stage after this function.  If there is no registered adder/accumulator following the multiply function, two pipeline stages are suggested to allow both the MREG and PREG registers to be used.  If the DSP48 was instantiated in the design, it is suggested to set both the MREG and PREG attributes to 1 when performing multiply functions.
WARNING: [DRC DPOP-4] MREG Output pipelining: DSP mem_bd_i/mem_top_0/inst/u_compute_tile/u_compute_core/u_mxu/array/pe14/mult/z_e2__0 multiplier stage mem_bd_i/mem_top_0/inst/u_compute_tile/u_compute_core/u_mxu/array/pe14/mult/z_e2__0/P[47:0] is not pipelined (MREG=0). Pipelining the multiplier function will improve performance and will save significant power so it is suggested whenever possible to fully pipeline this function.  If this multiplier was inferred, it is suggested to describe an additional register stage after this function.  If there is no registered adder/accumulator following the multiply function, two pipeline stages are suggested to allow both the MREG and PREG registers to be used.  If the DSP48 was instantiated in the design, it is suggested to set both the MREG and PREG attributes to 1 when performing multiply functions.
WARNING: [DRC DPOP-4] MREG Output pipelining: DSP mem_bd_i/mem_top_0/inst/u_compute_tile/u_compute_core/u_mxu/array/pe21/mult/z_e2 multiplier stage mem_bd_i/mem_top_0/inst/u_compute_tile/u_compute_core/u_mxu/array/pe21/mult/z_e2/P[47:0] is not pipelined (MREG=0). Pipelining the multiplier function will improve performance and will save significant power so it is suggested whenever possible to fully pipeline this function.  If this multiplier was inferred, it is suggested to describe an additional register stage after this function.  If there is no registered adder/accumulator following the multiply function, two pipeline stages are suggested to allow both the MREG and PREG registers to be used.  If the DSP48 was instantiated in the design, it is suggested to set both the MREG and PREG attributes to 1 when performing multiply functions.
WARNING: [DRC DPOP-4] MREG Output pipelining: DSP mem_bd_i/mem_top_0/inst/u_compute_tile/u_compute_core/u_mxu/array/pe21/mult/z_e2__0 multiplier stage mem_bd_i/mem_top_0/inst/u_compute_tile/u_compute_core/u_mxu/array/pe21/mult/z_e2__0/P[47:0] is not pipelined (MREG=0). Pipelining the multiplier function will improve performance and will save significant power so it is suggested whenever possible to fully pipeline this function.  If this multiplier was inferred, it is suggested to describe an additional register stage after this function.  If there is no registered adder/accumulator following the multiply function, two pipeline stages are suggested to allow both the MREG and PREG registers to be used.  If the DSP48 was instantiated in the design, it is suggested to set both the MREG and PREG attributes to 1 when performing multiply functions.
WARNING: [DRC DPOP-4] MREG Output pipelining: DSP mem_bd_i/mem_top_0/inst/u_compute_tile/u_compute_core/u_mxu/array/pe22/mult/z_e2 multiplier stage mem_bd_i/mem_top_0/inst/u_compute_tile/u_compute_core/u_mxu/array/pe22/mult/z_e2/P[47:0] is not pipelined (MREG=0). Pipelining the multiplier function will improve performance and will save significant power so it is suggested whenever possible to fully pipeline this function.  If this multiplier was inferred, it is suggested to describe an additional register stage after this function.  If there is no registered adder/accumulator following the multiply function, two pipeline stages are suggested to allow both the MREG and PREG registers to be used.  If the DSP48 was instantiated in the design, it is suggested to set both the MREG and PREG attributes to 1 when performing multiply functions.
WARNING: [DRC DPOP-4] MREG Output pipelining: DSP mem_bd_i/mem_top_0/inst/u_compute_tile/u_compute_core/u_mxu/array/pe22/mult/z_e2__0 multiplier stage mem_bd_i/mem_top_0/inst/u_compute_tile/u_compute_core/u_mxu/array/pe22/mult/z_e2__0/P[47:0] is not pipelined (MREG=0). Pipelining the multiplier function will improve performance and will save significant power so it is suggested whenever possible to fully pipeline this function.  If this multiplier was inferred, it is suggested to describe an additional register stage after this function.  If there is no registered adder/accumulator following the multiply function, two pipeline stages are suggested to allow both the MREG and PREG registers to be used.  If the DSP48 was instantiated in the design, it is suggested to set both the MREG and PREG attributes to 1 when performing multiply functions.
WARNING: [DRC DPOP-4] MREG Output pipelining: DSP mem_bd_i/mem_top_0/inst/u_compute_tile/u_compute_core/u_mxu/array/pe23/mult/z_e2 multiplier stage mem_bd_i/mem_top_0/inst/u_compute_tile/u_compute_core/u_mxu/array/pe23/mult/z_e2/P[47:0] is not pipelined (MREG=0). Pipelining the multiplier function will improve performance and will save significant power so it is suggested whenever possible to fully pipeline this function.  If this multiplier was inferred, it is suggested to describe an additional register stage after this function.  If there is no registered adder/accumulator following the multiply function, two pipeline stages are suggested to allow both the MREG and PREG registers to be used.  If the DSP48 was instantiated in the design, it is suggested to set both the MREG and PREG attributes to 1 when performing multiply functions.
WARNING: [DRC DPOP-4] MREG Output pipelining: DSP mem_bd_i/mem_top_0/inst/u_compute_tile/u_compute_core/u_mxu/array/pe23/mult/z_e2__0 multiplier stage mem_bd_i/mem_top_0/inst/u_compute_tile/u_compute_core/u_mxu/array/pe23/mult/z_e2__0/P[47:0] is not pipelined (MREG=0). Pipelining the multiplier function will improve performance and will save significant power so it is suggested whenever possible to fully pipeline this function.  If this multiplier was inferred, it is suggested to describe an additional register stage after this function.  If there is no registered adder/accumulator following the multiply function, two pipeline stages are suggested to allow both the MREG and PREG registers to be used.  If the DSP48 was instantiated in the design, it is suggested to set both the MREG and PREG attributes to 1 when performing multiply functions.
WARNING: [DRC DPOP-4] MREG Output pipelining: DSP mem_bd_i/mem_top_0/inst/u_compute_tile/u_compute_core/u_mxu/array/pe24/mult/z_e2 multiplier stage mem_bd_i/mem_top_0/inst/u_compute_tile/u_compute_core/u_mxu/array/pe24/mult/z_e2/P[47:0] is not pipelined (MREG=0). Pipelining the multiplier function will improve performance and will save significant power so it is suggested whenever possible to fully pipeline this function.  If this multiplier was inferred, it is suggested to describe an additional register stage after this function.  If there is no registered adder/accumulator following the multiply function, two pipeline stages are suggested to allow both the MREG and PREG registers to be used.  If the DSP48 was instantiated in the design, it is suggested to set both the MREG and PREG attributes to 1 when performing multiply functions.
WARNING: [DRC DPOP-4] MREG Output pipelining: DSP mem_bd_i/mem_top_0/inst/u_compute_tile/u_compute_core/u_mxu/array/pe24/mult/z_e2__0 multiplier stage mem_bd_i/mem_top_0/inst/u_compute_tile/u_compute_core/u_mxu/array/pe24/mult/z_e2__0/P[47:0] is not pipelined (MREG=0). Pipelining the multiplier function will improve performance and will save significant power so it is suggested whenever possible to fully pipeline this function.  If this multiplier was inferred, it is suggested to describe an additional register stage after this function.  If there is no registered adder/accumulator following the multiply function, two pipeline stages are suggested to allow both the MREG and PREG registers to be used.  If the DSP48 was instantiated in the design, it is suggested to set both the MREG and PREG attributes to 1 when performing multiply functions.
WARNING: [DRC DPOP-4] MREG Output pipelining: DSP mem_bd_i/mem_top_0/inst/u_compute_tile/u_compute_core/u_mxu/array/pe31/mult/z_e2 multiplier stage mem_bd_i/mem_top_0/inst/u_compute_tile/u_compute_core/u_mxu/array/pe31/mult/z_e2/P[47:0] is not pipelined (MREG=0). Pipelining the multiplier function will improve performance and will save significant power so it is suggested whenever possible to fully pipeline this function.  If this multiplier was inferred, it is suggested to describe an additional register stage after this function.  If there is no registered adder/accumulator following the multiply function, two pipeline stages are suggested to allow both the MREG and PREG registers to be used.  If the DSP48 was instantiated in the design, it is suggested to set both the MREG and PREG attributes to 1 when performing multiply functions.
WARNING: [DRC DPOP-4] MREG Output pipelining: DSP mem_bd_i/mem_top_0/inst/u_compute_tile/u_compute_core/u_mxu/array/pe31/mult/z_e2__0 multiplier stage mem_bd_i/mem_top_0/inst/u_compute_tile/u_compute_core/u_mxu/array/pe31/mult/z_e2__0/P[47:0] is not pipelined (MREG=0). Pipelining the multiplier function will improve performance and will save significant power so it is suggested whenever possible to fully pipeline this function.  If this multiplier was inferred, it is suggested to describe an additional register stage after this function.  If there is no registered adder/accumulator following the multiply function, two pipeline stages are suggested to allow both the MREG and PREG registers to be used.  If the DSP48 was instantiated in the design, it is suggested to set both the MREG and PREG attributes to 1 when performing multiply functions.
WARNING: [DRC DPOP-4] MREG Output pipelining: DSP mem_bd_i/mem_top_0/inst/u_compute_tile/u_compute_core/u_mxu/array/pe32/mult/z_e2 multiplier stage mem_bd_i/mem_top_0/inst/u_compute_tile/u_compute_core/u_mxu/array/pe32/mult/z_e2/P[47:0] is not pipelined (MREG=0). Pipelining the multiplier function will improve performance and will save significant power so it is suggested whenever possible to fully pipeline this function.  If this multiplier was inferred, it is suggested to describe an additional register stage after this function.  If there is no registered adder/accumulator following the multiply function, two pipeline stages are suggested to allow both the MREG and PREG registers to be used.  If the DSP48 was instantiated in the design, it is suggested to set both the MREG and PREG attributes to 1 when performing multiply functions.
WARNING: [DRC DPOP-4] MREG Output pipelining: DSP mem_bd_i/mem_top_0/inst/u_compute_tile/u_compute_core/u_mxu/array/pe32/mult/z_e2__0 multiplier stage mem_bd_i/mem_top_0/inst/u_compute_tile/u_compute_core/u_mxu/array/pe32/mult/z_e2__0/P[47:0] is not pipelined (MREG=0). Pipelining the multiplier function will improve performance and will save significant power so it is suggested whenever possible to fully pipeline this function.  If this multiplier was inferred, it is suggested to describe an additional register stage after this function.  If there is no registered adder/accumulator following the multiply function, two pipeline stages are suggested to allow both the MREG and PREG registers to be used.  If the DSP48 was instantiated in the design, it is suggested to set both the MREG and PREG attributes to 1 when performing multiply functions.
WARNING: [DRC DPOP-4] MREG Output pipelining: DSP mem_bd_i/mem_top_0/inst/u_compute_tile/u_compute_core/u_mxu/array/pe33/mult/z_e2 multiplier stage mem_bd_i/mem_top_0/inst/u_compute_tile/u_compute_core/u_mxu/array/pe33/mult/z_e2/P[47:0] is not pipelined (MREG=0). Pipelining the multiplier function will improve performance and will save significant power so it is suggested whenever possible to fully pipeline this function.  If this multiplier was inferred, it is suggested to describe an additional register stage after this function.  If there is no registered adder/accumulator following the multiply function, two pipeline stages are suggested to allow both the MREG and PREG registers to be used.  If the DSP48 was instantiated in the design, it is suggested to set both the MREG and PREG attributes to 1 when performing multiply functions.
WARNING: [DRC DPOP-4] MREG Output pipelining: DSP mem_bd_i/mem_top_0/inst/u_compute_tile/u_compute_core/u_mxu/array/pe33/mult/z_e2__0 multiplier stage mem_bd_i/mem_top_0/inst/u_compute_tile/u_compute_core/u_mxu/array/pe33/mult/z_e2__0/P[47:0] is not pipelined (MREG=0). Pipelining the multiplier function will improve performance and will save significant power so it is suggested whenever possible to fully pipeline this function.  If this multiplier was inferred, it is suggested to describe an additional register stage after this function.  If there is no registered adder/accumulator following the multiply function, two pipeline stages are suggested to allow both the MREG and PREG registers to be used.  If the DSP48 was instantiated in the design, it is suggested to set both the MREG and PREG attributes to 1 when performing multiply functions.
WARNING: [DRC DPOP-4] MREG Output pipelining: DSP mem_bd_i/mem_top_0/inst/u_compute_tile/u_compute_core/u_mxu/array/pe34/mult/z_e2 multiplier stage mem_bd_i/mem_top_0/inst/u_compute_tile/u_compute_core/u_mxu/array/pe34/mult/z_e2/P[47:0] is not pipelined (MREG=0). Pipelining the multiplier function will improve performance and will save significant power so it is suggested whenever possible to fully pipeline this function.  If this multiplier was inferred, it is suggested to describe an additional register stage after this function.  If there is no registered adder/accumulator following the multiply function, two pipeline stages are suggested to allow both the MREG and PREG registers to be used.  If the DSP48 was instantiated in the design, it is suggested to set both the MREG and PREG attributes to 1 when performing multiply functions.
WARNING: [DRC DPOP-4] MREG Output pipelining: DSP mem_bd_i/mem_top_0/inst/u_compute_tile/u_compute_core/u_mxu/array/pe34/mult/z_e2__0 multiplier stage mem_bd_i/mem_top_0/inst/u_compute_tile/u_compute_core/u_mxu/array/pe34/mult/z_e2__0/P[47:0] is not pipelined (MREG=0). Pipelining the multiplier function will improve performance and will save significant power so it is suggested whenever possible to fully pipeline this function.  If this multiplier was inferred, it is suggested to describe an additional register stage after this function.  If there is no registered adder/accumulator following the multiply function, two pipeline stages are suggested to allow both the MREG and PREG registers to be used.  If the DSP48 was instantiated in the design, it is suggested to set both the MREG and PREG attributes to 1 when performing multiply functions.
WARNING: [DRC DPOP-4] MREG Output pipelining: DSP mem_bd_i/mem_top_0/inst/u_compute_tile/u_compute_core/u_mxu/array/pe41/mult/z_e2 multiplier stage mem_bd_i/mem_top_0/inst/u_compute_tile/u_compute_core/u_mxu/array/pe41/mult/z_e2/P[47:0] is not pipelined (MREG=0). Pipelining the multiplier function will improve performance and will save significant power so it is suggested whenever possible to fully pipeline this function.  If this multiplier was inferred, it is suggested to describe an additional register stage after this function.  If there is no registered adder/accumulator following the multiply function, two pipeline stages are suggested to allow both the MREG and PREG registers to be used.  If the DSP48 was instantiated in the design, it is suggested to set both the MREG and PREG attributes to 1 when performing multiply functions.
WARNING: [DRC DPOP-4] MREG Output pipelining: DSP mem_bd_i/mem_top_0/inst/u_compute_tile/u_compute_core/u_mxu/array/pe41/mult/z_e2__0 multiplier stage mem_bd_i/mem_top_0/inst/u_compute_tile/u_compute_core/u_mxu/array/pe41/mult/z_e2__0/P[47:0] is not pipelined (MREG=0). Pipelining the multiplier function will improve performance and will save significant power so it is suggested whenever possible to fully pipeline this function.  If this multiplier was inferred, it is suggested to describe an additional register stage after this function.  If there is no registered adder/accumulator following the multiply function, two pipeline stages are suggested to allow both the MREG and PREG registers to be used.  If the DSP48 was instantiated in the design, it is suggested to set both the MREG and PREG attributes to 1 when performing multiply functions.
WARNING: [DRC DPOP-4] MREG Output pipelining: DSP mem_bd_i/mem_top_0/inst/u_compute_tile/u_compute_core/u_mxu/array/pe42/mult/z_e2 multiplier stage mem_bd_i/mem_top_0/inst/u_compute_tile/u_compute_core/u_mxu/array/pe42/mult/z_e2/P[47:0] is not pipelined (MREG=0). Pipelining the multiplier function will improve performance and will save significant power so it is suggested whenever possible to fully pipeline this function.  If this multiplier was inferred, it is suggested to describe an additional register stage after this function.  If there is no registered adder/accumulator following the multiply function, two pipeline stages are suggested to allow both the MREG and PREG registers to be used.  If the DSP48 was instantiated in the design, it is suggested to set both the MREG and PREG attributes to 1 when performing multiply functions.
WARNING: [DRC DPOP-4] MREG Output pipelining: DSP mem_bd_i/mem_top_0/inst/u_compute_tile/u_compute_core/u_mxu/array/pe42/mult/z_e2__0 multiplier stage mem_bd_i/mem_top_0/inst/u_compute_tile/u_compute_core/u_mxu/array/pe42/mult/z_e2__0/P[47:0] is not pipelined (MREG=0). Pipelining the multiplier function will improve performance and will save significant power so it is suggested whenever possible to fully pipeline this function.  If this multiplier was inferred, it is suggested to describe an additional register stage after this function.  If there is no registered adder/accumulator following the multiply function, two pipeline stages are suggested to allow both the MREG and PREG registers to be used.  If the DSP48 was instantiated in the design, it is suggested to set both the MREG and PREG attributes to 1 when performing multiply functions.
WARNING: [DRC DPOP-4] MREG Output pipelining: DSP mem_bd_i/mem_top_0/inst/u_compute_tile/u_compute_core/u_mxu/array/pe43/mult/z_e2 multiplier stage mem_bd_i/mem_top_0/inst/u_compute_tile/u_compute_core/u_mxu/array/pe43/mult/z_e2/P[47:0] is not pipelined (MREG=0). Pipelining the multiplier function will improve performance and will save significant power so it is suggested whenever possible to fully pipeline this function.  If this multiplier was inferred, it is suggested to describe an additional register stage after this function.  If there is no registered adder/accumulator following the multiply function, two pipeline stages are suggested to allow both the MREG and PREG registers to be used.  If the DSP48 was instantiated in the design, it is suggested to set both the MREG and PREG attributes to 1 when performing multiply functions.
WARNING: [DRC DPOP-4] MREG Output pipelining: DSP mem_bd_i/mem_top_0/inst/u_compute_tile/u_compute_core/u_mxu/array/pe43/mult/z_e2__0 multiplier stage mem_bd_i/mem_top_0/inst/u_compute_tile/u_compute_core/u_mxu/array/pe43/mult/z_e2__0/P[47:0] is not pipelined (MREG=0). Pipelining the multiplier function will improve performance and will save significant power so it is suggested whenever possible to fully pipeline this function.  If this multiplier was inferred, it is suggested to describe an additional register stage after this function.  If there is no registered adder/accumulator following the multiply function, two pipeline stages are suggested to allow both the MREG and PREG registers to be used.  If the DSP48 was instantiated in the design, it is suggested to set both the MREG and PREG attributes to 1 when performing multiply functions.
WARNING: [DRC DPOP-4] MREG Output pipelining: DSP mem_bd_i/mem_top_0/inst/u_compute_tile/u_compute_core/u_mxu/array/pe44/mult/z_e2 multiplier stage mem_bd_i/mem_top_0/inst/u_compute_tile/u_compute_core/u_mxu/array/pe44/mult/z_e2/P[47:0] is not pipelined (MREG=0). Pipelining the multiplier function will improve performance and will save significant power so it is suggested whenever possible to fully pipeline this function.  If this multiplier was inferred, it is suggested to describe an additional register stage after this function.  If there is no registered adder/accumulator following the multiply function, two pipeline stages are suggested to allow both the MREG and PREG registers to be used.  If the DSP48 was instantiated in the design, it is suggested to set both the MREG and PREG attributes to 1 when performing multiply functions.
WARNING: [DRC DPOP-4] MREG Output pipelining: DSP mem_bd_i/mem_top_0/inst/u_compute_tile/u_compute_core/u_mxu/array/pe44/mult/z_e2__0 multiplier stage mem_bd_i/mem_top_0/inst/u_compute_tile/u_compute_core/u_mxu/array/pe44/mult/z_e2__0/P[47:0] is not pipelined (MREG=0). Pipelining the multiplier function will improve performance and will save significant power so it is suggested whenever possible to fully pipeline this function.  If this multiplier was inferred, it is suggested to describe an additional register stage after this function.  If there is no registered adder/accumulator following the multiply function, two pipeline stages are suggested to allow both the MREG and PREG registers to be used.  If the DSP48 was instantiated in the design, it is suggested to set both the MREG and PREG attributes to 1 when performing multiply functions.
WARNING: [DRC DPOP-4] MREG Output pipelining: DSP mem_bd_i/mem_top_0/inst/u_compute_tile/u_compute_core/u_vpu_simd/g_alu[0].u_alu/fp32_multiplier/z_e2 multiplier stage mem_bd_i/mem_top_0/inst/u_compute_tile/u_compute_core/u_vpu_simd/g_alu[0].u_alu/fp32_multiplier/z_e2/P[47:0] is not pipelined (MREG=0). Pipelining the multiplier function will improve performance and will save significant power so it is suggested whenever possible to fully pipeline this function.  If this multiplier was inferred, it is suggested to describe an additional register stage after this function.  If there is no registered adder/accumulator following the multiply function, two pipeline stages are suggested to allow both the MREG and PREG registers to be used.  If the DSP48 was instantiated in the design, it is suggested to set both the MREG and PREG attributes to 1 when performing multiply functions.
WARNING: [DRC DPOP-4] MREG Output pipelining: DSP mem_bd_i/mem_top_0/inst/u_compute_tile/u_compute_core/u_vpu_simd/g_alu[0].u_alu/fp32_multiplier/z_e2__0 multiplier stage mem_bd_i/mem_top_0/inst/u_compute_tile/u_compute_core/u_vpu_simd/g_alu[0].u_alu/fp32_multiplier/z_e2__0/P[47:0] is not pipelined (MREG=0). Pipelining the multiplier function will improve performance and will save significant power so it is suggested whenever possible to fully pipeline this function.  If this multiplier was inferred, it is suggested to describe an additional register stage after this function.  If there is no registered adder/accumulator following the multiply function, two pipeline stages are suggested to allow both the MREG and PREG registers to be used.  If the DSP48 was instantiated in the design, it is suggested to set both the MREG and PREG attributes to 1 when performing multiply functions.
WARNING: [DRC DPOP-4] MREG Output pipelining: DSP mem_bd_i/mem_top_0/inst/u_compute_tile/u_compute_core/u_vpu_simd/g_alu[1].u_alu/fp32_multiplier/z_e2 multiplier stage mem_bd_i/mem_top_0/inst/u_compute_tile/u_compute_core/u_vpu_simd/g_alu[1].u_alu/fp32_multiplier/z_e2/P[47:0] is not pipelined (MREG=0). Pipelining the multiplier function will improve performance and will save significant power so it is suggested whenever possible to fully pipeline this function.  If this multiplier was inferred, it is suggested to describe an additional register stage after this function.  If there is no registered adder/accumulator following the multiply function, two pipeline stages are suggested to allow both the MREG and PREG registers to be used.  If the DSP48 was instantiated in the design, it is suggested to set both the MREG and PREG attributes to 1 when performing multiply functions.
WARNING: [DRC DPOP-4] MREG Output pipelining: DSP mem_bd_i/mem_top_0/inst/u_compute_tile/u_compute_core/u_vpu_simd/g_alu[1].u_alu/fp32_multiplier/z_e2__0 multiplier stage mem_bd_i/mem_top_0/inst/u_compute_tile/u_compute_core/u_vpu_simd/g_alu[1].u_alu/fp32_multiplier/z_e2__0/P[47:0] is not pipelined (MREG=0). Pipelining the multiplier function will improve performance and will save significant power so it is suggested whenever possible to fully pipeline this function.  If this multiplier was inferred, it is suggested to describe an additional register stage after this function.  If there is no registered adder/accumulator following the multiply function, two pipeline stages are suggested to allow both the MREG and PREG registers to be used.  If the DSP48 was instantiated in the design, it is suggested to set both the MREG and PREG attributes to 1 when performing multiply functions.
WARNING: [DRC DPOP-4] MREG Output pipelining: DSP mem_bd_i/mem_top_0/inst/u_compute_tile/u_compute_core/u_vpu_simd/g_alu[2].u_alu/fp32_multiplier/z_e2 multiplier stage mem_bd_i/mem_top_0/inst/u_compute_tile/u_compute_core/u_vpu_simd/g_alu[2].u_alu/fp32_multiplier/z_e2/P[47:0] is not pipelined (MREG=0). Pipelining the multiplier function will improve performance and will save significant power so it is suggested whenever possible to fully pipeline this function.  If this multiplier was inferred, it is suggested to describe an additional register stage after this function.  If there is no registered adder/accumulator following the multiply function, two pipeline stages are suggested to allow both the MREG and PREG registers to be used.  If the DSP48 was instantiated in the design, it is suggested to set both the MREG and PREG attributes to 1 when performing multiply functions.
WARNING: [DRC DPOP-4] MREG Output pipelining: DSP mem_bd_i/mem_top_0/inst/u_compute_tile/u_compute_core/u_vpu_simd/g_alu[2].u_alu/fp32_multiplier/z_e2__0 multiplier stage mem_bd_i/mem_top_0/inst/u_compute_tile/u_compute_core/u_vpu_simd/g_alu[2].u_alu/fp32_multiplier/z_e2__0/P[47:0] is not pipelined (MREG=0). Pipelining the multiplier function will improve performance and will save significant power so it is suggested whenever possible to fully pipeline this function.  If this multiplier was inferred, it is suggested to describe an additional register stage after this function.  If there is no registered adder/accumulator following the multiply function, two pipeline stages are suggested to allow both the MREG and PREG registers to be used.  If the DSP48 was instantiated in the design, it is suggested to set both the MREG and PREG attributes to 1 when performing multiply functions.
WARNING: [DRC DPOP-4] MREG Output pipelining: DSP mem_bd_i/mem_top_0/inst/u_compute_tile/u_compute_core/u_vpu_simd/g_alu[3].u_alu/fp32_multiplier/z_e2 multiplier stage mem_bd_i/mem_top_0/inst/u_compute_tile/u_compute_core/u_vpu_simd/g_alu[3].u_alu/fp32_multiplier/z_e2/P[47:0] is not pipelined (MREG=0). Pipelining the multiplier function will improve performance and will save significant power so it is suggested whenever possible to fully pipeline this function.  If this multiplier was inferred, it is suggested to describe an additional register stage after this function.  If there is no registered adder/accumulator following the multiply function, two pipeline stages are suggested to allow both the MREG and PREG registers to be used.  If the DSP48 was instantiated in the design, it is suggested to set both the MREG and PREG attributes to 1 when performing multiply functions.
WARNING: [DRC DPOP-4] MREG Output pipelining: DSP mem_bd_i/mem_top_0/inst/u_compute_tile/u_compute_core/u_vpu_simd/g_alu[3].u_alu/fp32_multiplier/z_e2__0 multiplier stage mem_bd_i/mem_top_0/inst/u_compute_tile/u_compute_core/u_vpu_simd/g_alu[3].u_alu/fp32_multiplier/z_e2__0/P[47:0] is not pipelined (MREG=0). Pipelining the multiplier function will improve performance and will save significant power so it is suggested whenever possible to fully pipeline this function.  If this multiplier was inferred, it is suggested to describe an additional register stage after this function.  If there is no registered adder/accumulator following the multiply function, two pipeline stages are suggested to allow both the MREG and PREG registers to be used.  If the DSP48 was instantiated in the design, it is suggested to set both the MREG and PREG attributes to 1 when performing multiply functions.
WARNING: [DRC DPOP-4] MREG Output pipelining: DSP mem_bd_i/mem_top_0/inst/u_compute_tile/u_compute_core/u_vpu_simd/g_alu[4].u_alu/fp32_multiplier/z_e2 multiplier stage mem_bd_i/mem_top_0/inst/u_compute_tile/u_compute_core/u_vpu_simd/g_alu[4].u_alu/fp32_multiplier/z_e2/P[47:0] is not pipelined (MREG=0). Pipelining the multiplier function will improve performance and will save significant power so it is suggested whenever possible to fully pipeline this function.  If this multiplier was inferred, it is suggested to describe an additional register stage after this function.  If there is no registered adder/accumulator following the multiply function, two pipeline stages are suggested to allow both the MREG and PREG registers to be used.  If the DSP48 was instantiated in the design, it is suggested to set both the MREG and PREG attributes to 1 when performing multiply functions.
WARNING: [DRC DPOP-4] MREG Output pipelining: DSP mem_bd_i/mem_top_0/inst/u_compute_tile/u_compute_core/u_vpu_simd/g_alu[4].u_alu/fp32_multiplier/z_e2__0 multiplier stage mem_bd_i/mem_top_0/inst/u_compute_tile/u_compute_core/u_vpu_simd/g_alu[4].u_alu/fp32_multiplier/z_e2__0/P[47:0] is not pipelined (MREG=0). Pipelining the multiplier function will improve performance and will save significant power so it is suggested whenever possible to fully pipeline this function.  If this multiplier was inferred, it is suggested to describe an additional register stage after this function.  If there is no registered adder/accumulator following the multiply function, two pipeline stages are suggested to allow both the MREG and PREG registers to be used.  If the DSP48 was instantiated in the design, it is suggested to set both the MREG and PREG attributes to 1 when performing multiply functions.
WARNING: [DRC DPOP-4] MREG Output pipelining: DSP mem_bd_i/mem_top_0/inst/u_compute_tile/u_compute_core/u_vpu_simd/g_alu[5].u_alu/fp32_multiplier/z_e2 multiplier stage mem_bd_i/mem_top_0/inst/u_compute_tile/u_compute_core/u_vpu_simd/g_alu[5].u_alu/fp32_multiplier/z_e2/P[47:0] is not pipelined (MREG=0). Pipelining the multiplier function will improve performance and will save significant power so it is suggested whenever possible to fully pipeline this function.  If this multiplier was inferred, it is suggested to describe an additional register stage after this function.  If there is no registered adder/accumulator following the multiply function, two pipeline stages are suggested to allow both the MREG and PREG registers to be used.  If the DSP48 was instantiated in the design, it is suggested to set both the MREG and PREG attributes to 1 when performing multiply functions.
WARNING: [DRC DPOP-4] MREG Output pipelining: DSP mem_bd_i/mem_top_0/inst/u_compute_tile/u_compute_core/u_vpu_simd/g_alu[5].u_alu/fp32_multiplier/z_e2__0 multiplier stage mem_bd_i/mem_top_0/inst/u_compute_tile/u_compute_core/u_vpu_simd/g_alu[5].u_alu/fp32_multiplier/z_e2__0/P[47:0] is not pipelined (MREG=0). Pipelining the multiplier function will improve performance and will save significant power so it is suggested whenever possible to fully pipeline this function.  If this multiplier was inferred, it is suggested to describe an additional register stage after this function.  If there is no registered adder/accumulator following the multiply function, two pipeline stages are suggested to allow both the MREG and PREG registers to be used.  If the DSP48 was instantiated in the design, it is suggested to set both the MREG and PREG attributes to 1 when performing multiply functions.
WARNING: [DRC DPOP-4] MREG Output pipelining: DSP mem_bd_i/mem_top_0/inst/u_compute_tile/u_compute_core/u_vpu_simd/g_alu[6].u_alu/fp32_multiplier/z_e2 multiplier stage mem_bd_i/mem_top_0/inst/u_compute_tile/u_compute_core/u_vpu_simd/g_alu[6].u_alu/fp32_multiplier/z_e2/P[47:0] is not pipelined (MREG=0). Pipelining the multiplier function will improve performance and will save significant power so it is suggested whenever possible to fully pipeline this function.  If this multiplier was inferred, it is suggested to describe an additional register stage after this function.  If there is no registered adder/accumulator following the multiply function, two pipeline stages are suggested to allow both the MREG and PREG registers to be used.  If the DSP48 was instantiated in the design, it is suggested to set both the MREG and PREG attributes to 1 when performing multiply functions.
WARNING: [DRC DPOP-4] MREG Output pipelining: DSP mem_bd_i/mem_top_0/inst/u_compute_tile/u_compute_core/u_vpu_simd/g_alu[6].u_alu/fp32_multiplier/z_e2__0 multiplier stage mem_bd_i/mem_top_0/inst/u_compute_tile/u_compute_core/u_vpu_simd/g_alu[6].u_alu/fp32_multiplier/z_e2__0/P[47:0] is not pipelined (MREG=0). Pipelining the multiplier function will improve performance and will save significant power so it is suggested whenever possible to fully pipeline this function.  If this multiplier was inferred, it is suggested to describe an additional register stage after this function.  If there is no registered adder/accumulator following the multiply function, two pipeline stages are suggested to allow both the MREG and PREG registers to be used.  If the DSP48 was instantiated in the design, it is suggested to set both the MREG and PREG attributes to 1 when performing multiply functions.
WARNING: [DRC DPOP-4] MREG Output pipelining: DSP mem_bd_i/mem_top_0/inst/u_compute_tile/u_compute_core/u_vpu_simd/g_alu[7].u_alu/fp32_multiplier/z_e2 multiplier stage mem_bd_i/mem_top_0/inst/u_compute_tile/u_compute_core/u_vpu_simd/g_alu[7].u_alu/fp32_multiplier/z_e2/P[47:0] is not pipelined (MREG=0). Pipelining the multiplier function will improve performance and will save significant power so it is suggested whenever possible to fully pipeline this function.  If this multiplier was inferred, it is suggested to describe an additional register stage after this function.  If there is no registered adder/accumulator following the multiply function, two pipeline stages are suggested to allow both the MREG and PREG registers to be used.  If the DSP48 was instantiated in the design, it is suggested to set both the MREG and PREG attributes to 1 when performing multiply functions.
WARNING: [DRC DPOP-4] MREG Output pipelining: DSP mem_bd_i/mem_top_0/inst/u_compute_tile/u_compute_core/u_vpu_simd/g_alu[7].u_alu/fp32_multiplier/z_e2__0 multiplier stage mem_bd_i/mem_top_0/inst/u_compute_tile/u_compute_core/u_vpu_simd/g_alu[7].u_alu/fp32_multiplier/z_e2__0/P[47:0] is not pipelined (MREG=0). Pipelining the multiplier function will improve performance and will save significant power so it is suggested whenever possible to fully pipeline this function.  If this multiplier was inferred, it is suggested to describe an additional register stage after this function.  If there is no registered adder/accumulator following the multiply function, two pipeline stages are suggested to allow both the MREG and PREG registers to be used.  If the DSP48 was instantiated in the design, it is suggested to set both the MREG and PREG attributes to 1 when performing multiply functions.
WARNING: [DRC DPOP-4] MREG Output pipelining: DSP mem_bd_i/mem_top_0/inst/u_compute_tile/u_compute_core/u_vpu_simd/u_scalar/op_1/fp32_multiplier/z_e2 multiplier stage mem_bd_i/mem_top_0/inst/u_compute_tile/u_compute_core/u_vpu_simd/u_scalar/op_1/fp32_multiplier/z_e2/P[47:0] is not pipelined (MREG=0). Pipelining the multiplier function will improve performance and will save significant power so it is suggested whenever possible to fully pipeline this function.  If this multiplier was inferred, it is suggested to describe an additional register stage after this function.  If there is no registered adder/accumulator following the multiply function, two pipeline stages are suggested to allow both the MREG and PREG registers to be used.  If the DSP48 was instantiated in the design, it is suggested to set both the MREG and PREG attributes to 1 when performing multiply functions.
WARNING: [DRC DPOP-4] MREG Output pipelining: DSP mem_bd_i/mem_top_0/inst/u_compute_tile/u_compute_core/u_vpu_simd/u_scalar/op_1/fp32_multiplier/z_e2__0 multiplier stage mem_bd_i/mem_top_0/inst/u_compute_tile/u_compute_core/u_vpu_simd/u_scalar/op_1/fp32_multiplier/z_e2__0/P[47:0] is not pipelined (MREG=0). Pipelining the multiplier function will improve performance and will save significant power so it is suggested whenever possible to fully pipeline this function.  If this multiplier was inferred, it is suggested to describe an additional register stage after this function.  If there is no registered adder/accumulator following the multiply function, two pipeline stages are suggested to allow both the MREG and PREG registers to be used.  If the DSP48 was instantiated in the design, it is suggested to set both the MREG and PREG attributes to 1 when performing multiply functions.
WARNING: [DRC REQP-1934] RAMB18E2_nochange_collision_advisory: Synchronous clocking is detected for BRAM (mem_bd_i/axi_dma_0/U0/I_PRMRY_DATAMOVER/GEN_MM2S_FULL.I_MM2S_FULL_WRAPPER/GEN_INCLUDE_MM2S_SF.I_RD_SF/I_DATA_FIFO/BLK_MEM.I_SYNC_FIFOGEN_FIFO/xpm_fifo_instance.xpm_fifo_sync_inst/xpm_fifo_base_inst/gen_sdpram.xpm_memory_base_inst/gen_wr_a.gen_word_narrow.mem_reg_4) in SDP mode with NO_CHANGE write-mode. This is the preferred mode for best power characteristics. However, NO_CHANGE may exhibit address collisions if the same address appears on both read and write ports resulting in unknown or corrupted read data. It is suggested to confirm via simulation that an address collision never occurs and if so it is suggested to try and avoid this situation. If address collisions cannot be avoided, the write-mode may be set to READ_FIRST which guarantees that the read data is the prior contents of the memory at the cost of additional power in the design. See the FPGA Memory Resources User Guide for additional information.
WARNING: [DRC REQP-1934] RAMB18E2_nochange_collision_advisory: Synchronous clocking is detected for BRAM (mem_bd_i/axi_dma_0/U0/I_PRMRY_DATAMOVER/GEN_S2MM_FULL.I_S2MM_FULL_WRAPPER/GEN_ENABLE_INDET_BTT_SF.I_INDET_BTT/I_DATA_FIFO/BLK_MEM.I_SYNC_FIFOGEN_FIFO/xpm_fifo_instance.xpm_fifo_sync_inst/xpm_fifo_base_inst/gen_sdpram.xpm_memory_base_inst/gen_wr_a.gen_word_narrow.mem_reg_4) in SDP mode with NO_CHANGE write-mode. This is the preferred mode for best power characteristics. However, NO_CHANGE may exhibit address collisions if the same address appears on both read and write ports resulting in unknown or corrupted read data. It is suggested to confirm via simulation that an address collision never occurs and if so it is suggested to try and avoid this situation. If address collisions cannot be avoided, the write-mode may be set to READ_FIRST which guarantees that the read data is the prior contents of the memory at the cost of additional power in the design. See the FPGA Memory Resources User Guide for additional information.
WARNING: [DRC REQP-1935] RAMB36E2_nochange_collision_advisory: Synchronous clocking is detected for BRAM (mem_bd_i/axi_dma_0/U0/I_PRMRY_DATAMOVER/GEN_MM2S_FULL.I_MM2S_FULL_WRAPPER/GEN_INCLUDE_MM2S_SF.I_RD_SF/I_DATA_FIFO/BLK_MEM.I_SYNC_FIFOGEN_FIFO/xpm_fifo_instance.xpm_fifo_sync_inst/xpm_fifo_base_inst/gen_sdpram.xpm_memory_base_inst/gen_wr_a.gen_word_narrow.mem_reg_0) in SDP mode with NO_CHANGE write-mode. This is the preferred mode for best power characteristics. However, NO_CHANGE may exhibit address collisions if the same address appears on both read and write ports resulting in unknown or corrupted read data. It is suggested to confirm via simulation that an address collision never occurs and if so it is suggested to try and avoid this situation. If address collisions cannot be avoided, the write-mode may be set to READ_FIRST which guarantees that the read data is the prior contents of the memory at the cost of additional power in the design. See the FPGA Memory Resources User Guide for additional information.
WARNING: [DRC REQP-1935] RAMB36E2_nochange_collision_advisory: Synchronous clocking is detected for BRAM (mem_bd_i/axi_dma_0/U0/I_PRMRY_DATAMOVER/GEN_MM2S_FULL.I_MM2S_FULL_WRAPPER/GEN_INCLUDE_MM2S_SF.I_RD_SF/I_DATA_FIFO/BLK_MEM.I_SYNC_FIFOGEN_FIFO/xpm_fifo_instance.xpm_fifo_sync_inst/xpm_fifo_base_inst/gen_sdpram.xpm_memory_base_inst/gen_wr_a.gen_word_narrow.mem_reg_1) in SDP mode with NO_CHANGE write-mode. This is the preferred mode for best power characteristics. However, NO_CHANGE may exhibit address collisions if the same address appears on both read and write ports resulting in unknown or corrupted read data. It is suggested to confirm via simulation that an address collision never occurs and if so it is suggested to try and avoid this situation. If address collisions cannot be avoided, the write-mode may be set to READ_FIRST which guarantees that the read data is the prior contents of the memory at the cost of additional power in the design. See the FPGA Memory Resources User Guide for additional information.
WARNING: [DRC REQP-1935] RAMB36E2_nochange_collision_advisory: Synchronous clocking is detected for BRAM (mem_bd_i/axi_dma_0/U0/I_PRMRY_DATAMOVER/GEN_MM2S_FULL.I_MM2S_FULL_WRAPPER/GEN_INCLUDE_MM2S_SF.I_RD_SF/I_DATA_FIFO/BLK_MEM.I_SYNC_FIFOGEN_FIFO/xpm_fifo_instance.xpm_fifo_sync_inst/xpm_fifo_base_inst/gen_sdpram.xpm_memory_base_inst/gen_wr_a.gen_word_narrow.mem_reg_2) in SDP mode with NO_CHANGE write-mode. This is the preferred mode for best power characteristics. However, NO_CHANGE may exhibit address collisions if the same address appears on both read and write ports resulting in unknown or corrupted read data. It is suggested to confirm via simulation that an address collision never occurs and if so it is suggested to try and avoid this situation. If address collisions cannot be avoided, the write-mode may be set to READ_FIRST which guarantees that the read data is the prior contents of the memory at the cost of additional power in the design. See the FPGA Memory Resources User Guide for additional information.
WARNING: [DRC REQP-1935] RAMB36E2_nochange_collision_advisory: Synchronous clocking is detected for BRAM (mem_bd_i/axi_dma_0/U0/I_PRMRY_DATAMOVER/GEN_MM2S_FULL.I_MM2S_FULL_WRAPPER/GEN_INCLUDE_MM2S_SF.I_RD_SF/I_DATA_FIFO/BLK_MEM.I_SYNC_FIFOGEN_FIFO/xpm_fifo_instance.xpm_fifo_sync_inst/xpm_fifo_base_inst/gen_sdpram.xpm_memory_base_inst/gen_wr_a.gen_word_narrow.mem_reg_3) in SDP mode with NO_CHANGE write-mode. This is the preferred mode for best power characteristics. However, NO_CHANGE may exhibit address collisions if the same address appears on both read and write ports resulting in unknown or corrupted read data. It is suggested to confirm via simulation that an address collision never occurs and if so it is suggested to try and avoid this situation. If address collisions cannot be avoided, the write-mode may be set to READ_FIRST which guarantees that the read data is the prior contents of the memory at the cost of additional power in the design. See the FPGA Memory Resources User Guide for additional information.
WARNING: [DRC REQP-1935] RAMB36E2_nochange_collision_advisory: Synchronous clocking is detected for BRAM (mem_bd_i/axi_dma_0/U0/I_PRMRY_DATAMOVER/GEN_S2MM_FULL.I_S2MM_FULL_WRAPPER/GEN_ENABLE_INDET_BTT_SF.I_INDET_BTT/I_DATA_FIFO/BLK_MEM.I_SYNC_FIFOGEN_FIFO/xpm_fifo_instance.xpm_fifo_sync_inst/xpm_fifo_base_inst/gen_sdpram.xpm_memory_base_inst/gen_wr_a.gen_word_narrow.mem_reg_0) in SDP mode with NO_CHANGE write-mode. This is the preferred mode for best power characteristics. However, NO_CHANGE may exhibit address collisions if the same address appears on both read and write ports resulting in unknown or corrupted read data. It is suggested to confirm via simulation that an address collision never occurs and if so it is suggested to try and avoid this situation. If address collisions cannot be avoided, the write-mode may be set to READ_FIRST which guarantees that the read data is the prior contents of the memory at the cost of additional power in the design. See the FPGA Memory Resources User Guide for additional information.
WARNING: [DRC REQP-1935] RAMB36E2_nochange_collision_advisory: Synchronous clocking is detected for BRAM (mem_bd_i/axi_dma_0/U0/I_PRMRY_DATAMOVER/GEN_S2MM_FULL.I_S2MM_FULL_WRAPPER/GEN_ENABLE_INDET_BTT_SF.I_INDET_BTT/I_DATA_FIFO/BLK_MEM.I_SYNC_FIFOGEN_FIFO/xpm_fifo_instance.xpm_fifo_sync_inst/xpm_fifo_base_inst/gen_sdpram.xpm_memory_base_inst/gen_wr_a.gen_word_narrow.mem_reg_1) in SDP mode with NO_CHANGE write-mode. This is the preferred mode for best power characteristics. However, NO_CHANGE may exhibit address collisions if the same address appears on both read and write ports resulting in unknown or corrupted read data. It is suggested to confirm via simulation that an address collision never occurs and if so it is suggested to try and avoid this situation. If address collisions cannot be avoided, the write-mode may be set to READ_FIRST which guarantees that the read data is the prior contents of the memory at the cost of additional power in the design. See the FPGA Memory Resources User Guide for additional information.
WARNING: [DRC REQP-1935] RAMB36E2_nochange_collision_advisory: Synchronous clocking is detected for BRAM (mem_bd_i/axi_dma_0/U0/I_PRMRY_DATAMOVER/GEN_S2MM_FULL.I_S2MM_FULL_WRAPPER/GEN_ENABLE_INDET_BTT_SF.I_INDET_BTT/I_DATA_FIFO/BLK_MEM.I_SYNC_FIFOGEN_FIFO/xpm_fifo_instance.xpm_fifo_sync_inst/xpm_fifo_base_inst/gen_sdpram.xpm_memory_base_inst/gen_wr_a.gen_word_narrow.mem_reg_2) in SDP mode with NO_CHANGE write-mode. This is the preferred mode for best power characteristics. However, NO_CHANGE may exhibit address collisions if the same address appears on both read and write ports resulting in unknown or corrupted read data. It is suggested to confirm via simulation that an address collision never occurs and if so it is suggested to try and avoid this situation. If address collisions cannot be avoided, the write-mode may be set to READ_FIRST which guarantees that the read data is the prior contents of the memory at the cost of additional power in the design. See the FPGA Memory Resources User Guide for additional information.
WARNING: [DRC REQP-1935] RAMB36E2_nochange_collision_advisory: Synchronous clocking is detected for BRAM (mem_bd_i/axi_dma_0/U0/I_PRMRY_DATAMOVER/GEN_S2MM_FULL.I_S2MM_FULL_WRAPPER/GEN_ENABLE_INDET_BTT_SF.I_INDET_BTT/I_DATA_FIFO/BLK_MEM.I_SYNC_FIFOGEN_FIFO/xpm_fifo_instance.xpm_fifo_sync_inst/xpm_fifo_base_inst/gen_sdpram.xpm_memory_base_inst/gen_wr_a.gen_word_narrow.mem_reg_3) in SDP mode with NO_CHANGE write-mode. This is the preferred mode for best power characteristics. However, NO_CHANGE may exhibit address collisions if the same address appears on both read and write ports resulting in unknown or corrupted read data. It is suggested to confirm via simulation that an address collision never occurs and if so it is suggested to try and avoid this situation. If address collisions cannot be avoided, the write-mode may be set to READ_FIRST which guarantees that the read data is the prior contents of the memory at the cost of additional power in the design. See the FPGA Memory Resources User Guide for additional information.
INFO: [Vivado 12-3199] DRC finished with 0 Errors, 185 Warnings
INFO: [Vivado 12-3200] Please refer to the DRC report (report_drc) for more information.
INFO: [Designutils 20-2272] Running write_bitstream with 8 threads.
Loading data files...
Loading site data...
Loading route data...
Processing options...
Creating bitmap...
Creating bitstream...
Writing bitstream ./mem_bd_wrapper.bit...
INFO: [Vivado 12-1842] Bitgen Completed Successfully.
INFO: [Project 1-1876] WebTalk data collection is mandatory when using a ULT device. To see the specific WebTalk data collected for your design, open the usage_statistics_webtalk.html or usage_statistics_webtalk.xml file in the implementation directory.
INFO: [Common 17-83] Releasing license: Implementation
50 Infos, 185 Warnings, 0 Critical Warnings and 0 Errors encountered.
write_bitstream completed successfully
write_bitstream: Time (s): cpu = 00:00:47 ; elapsed = 00:00:28 . Memory (MB): peak = 4153.500 ; gain = 531.496 ; free physical = 8015 ; free virtual = 144937
INFO: [Common 17-206] Exiting Vivado at Sun May 10 23:48:55 2026...
[Sun May 10 23:48:56 2026] impl_1 finished
wait_on_runs: Time (s): cpu = 00:00:00.04 ; elapsed = 00:01:15 . Memory (MB): peak = 2364.027 ; gain = 0.000 ; free physical = 8014 ; free virtual = 144935
# puts "\n>>> Step 23: Exporting artifacts..."

>>> Step 23: Exporting artifacts...
# set bit_file [glob -nocomplain [file join $proj_dir $proj_name.runs impl_1 *.bit]]
# if {$bit_file ne ""} {
#     set dest_bit [file join $artifacts_dir "${bd_name}.bit"]
#     file copy -force $bit_file $dest_bit
#     puts "  Bitstream: $dest_bit"
# } else {
#     puts "WARNING: Bitstream not found"
# }
  Bitstream: /home/mss464/minitpu/tpu/ultra96-v2/output/artifacts/mem_bd.bit
# set hwh_file [glob -nocomplain [file join $proj_dir $proj_name.gen sources_1 bd $bd_name hw_handoff *.hwh]]
# if {$hwh_file ne ""} {
#     set dest_hwh [file join $artifacts_dir "${bd_name}.hwh"]
#     file copy -force $hwh_file $dest_hwh
#     puts "  Hardware handoff: $dest_hwh"
# }
  Hardware handoff: /home/mss464/minitpu/tpu/ultra96-v2/output/artifacts/mem_bd.hwh
# open_run impl_1
INFO: [Device 21-403] Loading part xczu3eg-sbva484-1-i
Netlist sorting complete. Time (s): cpu = 00:00:00.78 ; elapsed = 00:00:00.79 . Memory (MB): peak = 3007.879 ; gain = 0.000 ; free physical = 10057 ; free virtual = 146984
INFO: [Netlist 29-17] Analyzing 1189 Unisim elements for replacement
INFO: [Netlist 29-28] Unisim Transformation completed in 0 CPU seconds
INFO: [Project 1-479] Netlist was created with Vivado 2023.2
INFO: [Project 1-570] Preparing netlist for logic optimization
Read ShapeDB Complete: Time (s): cpu = 00:00:00.17 ; elapsed = 00:00:00.16 . Memory (MB): peak = 3007.879 ; gain = 0.000 ; free physical = 10016 ; free virtual = 146949
INFO: [Timing 38-478] Restoring timing data from binary archive.
INFO: [Timing 38-479] Binary timing data restore complete.
INFO: [Project 1-856] Restoring constraints from binary archive.
INFO: [Project 1-853] Binary constraint restore complete.
INFO: [Designutils 20-5722] Start Reading Physical Databases.
Reading placement.
Read Netlist Cache: Time (s): cpu = 00:00:00.09 ; elapsed = 00:00:00.1 . Memory (MB): peak = 3490.676 ; gain = 0.000 ; free physical = 9734 ; free virtual = 146683
Reading placer database...
Read Device Cache: Time (s): cpu = 00:00:00.05 ; elapsed = 00:00:00.05 . Memory (MB): peak = 3490.676 ; gain = 0.000 ; free physical = 9733 ; free virtual = 146682
Read PlaceDB: Time (s): cpu = 00:00:03 ; elapsed = 00:00:03 . Memory (MB): peak = 3541.676 ; gain = 51.000 ; free physical = 9670 ; free virtual = 146624
Read PulsedLatchDB: Time (s): cpu = 00:00:00 ; elapsed = 00:00:00 . Memory (MB): peak = 3541.676 ; gain = 0.000 ; free physical = 9670 ; free virtual = 146624
Reading routing.
Read RouteStorage: Time (s): cpu = 00:00:02 ; elapsed = 00:00:02 . Memory (MB): peak = 3586.488 ; gain = 44.812 ; free physical = 9684 ; free virtual = 146638
Read Physdb Files: Time (s): cpu = 00:00:05 ; elapsed = 00:00:05 . Memory (MB): peak = 3586.488 ; gain = 95.812 ; free physical = 9684 ; free virtual = 146638
Restored from archive | CPU: 5.180000 secs | Memory: 83.972649 MB |
Finished XDEF File Restore: Time (s): cpu = 00:00:05 ; elapsed = 00:00:05 . Memory (MB): peak = 3586.488 ; gain = 95.812 ; free physical = 9684 ; free virtual = 146638
Netlist sorting complete. Time (s): cpu = 00:00:00.01 ; elapsed = 00:00:00.01 . Memory (MB): peak = 3938.121 ; gain = 0.000 ; free physical = 9274 ; free virtual = 146238
INFO: [Project 1-111] Unisim Transformation Summary:
  A total of 236 instances were transformed.
  DSP48E2 => DSP48E2 (DSP_ALU, DSP_A_B_DATA, DSP_C_DATA, DSP_MULTIPLIER, DSP_M_DATA, DSP_OUTPUT, DSP_PREADD, DSP_PREADD_DATA): 50 instances
  RAM16X1D => RAM32X1D (RAMD32(x2)): 1 instance 
  RAM32M16 => RAM32M16 (RAMD32(x14), RAMS32(x2)): 148 instances
  RAM64M8 => RAM64M8 (RAMD64E(x8)): 37 instances

open_run: Time (s): cpu = 00:00:33 ; elapsed = 00:00:32 . Memory (MB): peak = 3938.156 ; gain = 1574.129 ; free physical = 9273 ; free virtual = 146237
# report_utilization -file [file join $artifacts_dir "utilization_report.txt"]
# report_timing_summary -file [file join $artifacts_dir "timing_summary.txt"]
INFO: [Timing 38-91] UpdateTimingParams: Speed grade: -1, Temperature grade: I, Delay Type: min_max.
INFO: [Timing 38-191] Multithreading enabled for timing update using a maximum of 8 CPUs
report_timing_summary: Time (s): cpu = 00:00:34 ; elapsed = 00:00:08 . Memory (MB): peak = 4178.258 ; gain = 240.102 ; free physical = 9021 ; free virtual = 145999
# report_power -file [file join $artifacts_dir "power_report.txt"]
Command: report_power -file /home/mss464/minitpu/tpu/ultra96-v2/output/artifacts/power_report.txt
Running Vector-less Activity Propagation...

Finished Running Vector-less Activity Propagation
WARNING: [Power 33-332] Found switching activity that implies high-fanout reset nets being asserted for excessive periods of time which may result in inaccurate power analysis.
Resolution: To review and fix problems, please run Power Constraints Advisor in the GUI from Tools > Power Constraints Advisor or run report_power with the -advisory option to generate a text report.
0 Infos, 1 Warnings, 0 Critical Warnings and 0 Errors encountered.
report_power completed successfully
report_power: Time (s): cpu = 00:00:44 ; elapsed = 00:00:19 . Memory (MB): peak = 4604.520 ; gain = 426.262 ; free physical = 8895 ; free virtual = 145905
# close_project
# puts ""

# puts "============================================================"
============================================================
# puts "BUILD COMPLETE"
BUILD COMPLETE
# puts "============================================================"
============================================================
# puts "Artifacts directory: $artifacts_dir"
Artifacts directory: /home/mss464/minitpu/tpu/ultra96-v2/output/artifacts
# puts ""

# puts "Files:"
Files:
# foreach f [glob -nocomplain [file join $artifacts_dir *]] {
#     puts "  [file tail $f]"
# }
  utilization_report.txt
  timing_summary.txt
  power_report.txt
  minitpu.bit
  minitpu.hwh
  mem_bd.bit
  mem_bd.hwh
# puts "============================================================"
============================================================
# exit 0
INFO: [Common 17-206] Exiting Vivado at Sun May 10 23:49:57 2026...
