#-----------------------------------------------------------
# Vivado v2023.2 (64-bit)
# SW Build 4029153 on Fri Oct 13 20:13:54 MDT 2023
# IP Build 4028589 on Sat Oct 14 00:45:43 MDT 2023
# SharedData Build 4025554 on Tue Oct 10 17:18:54 MDT 2023
# Start of session at: Mon Apr  6 12:30:14 2026
# Process ID: 1857378
# Current directory: /home/mss464/minitpu/tpu
# Command line: vivado -mode batch -nojournal -source scripts/build_mem_bitstream.tcl -tclargs -proj_name mem_system -part xczu3eg-sbva484-1-i -ip_repo_path ip_repo -out_dir build -bd_name mem_bd
# Log file: /home/mss464/minitpu/tpu/vivado.log
# Journal file: 
# Running On: brg-zhang-xcel.ece.cornell.edu, OS: Linux, CPU Frequency: 3200.000 MHz, CPU Physical cores: 22, Host memory: 235732 MB
#-----------------------------------------------------------
source scripts/build_mem_bitstream.tcl
# set proj_name    "mem_system"
# set part         "xczu3eg-sbva484-1-i"
# set ip_repo_path ""
# set out_dir      ""
# set bd_name      "mem_bd"
# proc parse_args {} {
#     global argc argv
#     global proj_name part ip_repo_path out_dir bd_name
# 
#     for {set i 0} {$i < $argc} {incr i} {
#         set arg [lindex $argv $i]
#         switch -exact -- $arg {
#             "-proj_name" { incr i; set proj_name [lindex $argv $i] }
#             "-part"      { incr i; set part [lindex $argv $i] }
#             "-ip_repo_path" { incr i; set ip_repo_path [lindex $argv $i] }
#             "-out_dir"   { incr i; set out_dir [lindex $argv $i] }
#             "-bd_name"   { incr i; set bd_name [lindex $argv $i] }
#             "-help" {
#                 puts "Usage: vivado -mode batch -source build_mem_bitstream.tcl -tclargs <options>"
#                 puts "  -proj_name <name>       Project name"
#                 puts "  -part <part>            FPGA part number"
#                 puts "  -ip_repo_path <path>    IP repository path"
#                 puts "  -out_dir <dir>          Output directory"
#                 puts "  -bd_name <name>         Block design name"
#                 exit 0
#             }
#             default { puts "WARNING: Unknown argument: $arg" }
#         }
#     }
# 
#     if {$ip_repo_path eq ""} { puts "ERROR: -ip_repo_path required"; exit 1 }
#     if {$out_dir eq ""}      { puts "ERROR: -out_dir required"; exit 1 }
# }
# parse_args
# set ip_repo_path [file normalize $ip_repo_path]
# set out_dir [file normalize $out_dir]
# puts "============================================================"
============================================================
# puts "Memory Subsystem Block Design & Bitstream Build"
Memory Subsystem Block Design & Bitstream Build
# puts "============================================================"
============================================================
# puts "Project:     $proj_name"
Project:     mem_system
# puts "Part:        $part"
Part:        xczu3eg-sbva484-1-i
# puts "IP Repo:     $ip_repo_path"
IP Repo:     /home/mss464/minitpu/tpu/ip_repo
# puts "Output Dir:  $out_dir"
Output Dir:  /home/mss464/minitpu/tpu/build
# puts "BD Name:     $bd_name"
BD Name:     mem_bd
# puts "============================================================"
============================================================
# set proj_dir [file join $out_dir $proj_name]
# set artifacts_dir [file join $out_dir "artifacts"]
# file mkdir $out_dir
# file mkdir $artifacts_dir
# puts "\n>>> Step 1: Creating project..."

>>> Step 1: Creating project...
# file delete -force $proj_dir
# create_project $proj_name $proj_dir -part $part -force
create_project: Time (s): cpu = 00:00:07 ; elapsed = 00:00:07 . Memory (MB): peak = 1559.859 ; gain = 0.023 ; free physical = 13720 ; free virtual = 163041
# set_property verilog_define {TARGET_FPGA=1} [current_fileset]
# puts "\n>>> Step 2: Adding IP repository..."

>>> Step 2: Adding IP repository...
# set_property ip_repo_paths $ip_repo_path [current_project]
# update_ip_catalog -rebuild
INFO: [IP_Flow 19-234] Refreshing IP repositories
INFO: [IP_Flow 19-1700] Loaded user IP repository '/home/mss464/minitpu/tpu/ip_repo'.
INFO: [IP_Flow 19-2313] Loaded Vivado IP repository '/opt/xilinx/Vivado/2023.2/data/ip'.
# set mem_ip [get_ipdefs -filter "NAME =~ *mem_subsys*"]
# if {$mem_ip eq ""} {
#     set mem_ip [get_ipdefs -filter "NAME =~ *mem*"]
# }
# if {$mem_ip eq ""} {
#     puts "ERROR: Memory subsystem IP not found in: $ip_repo_path"
#     foreach ip [get_ipdefs] { puts "  $ip" }
#     close_project
#     exit 1
# }
# puts "  Found Memory IP: $mem_ip"
  Found Memory IP: user.org:user:mem_subsys:1.0
# puts "\n>>> Step 3: Creating block design..."

>>> Step 3: Creating block design...
# create_bd_design $bd_name
Wrote  : </home/mss464/minitpu/tpu/build/mem_system/mem_system.srcs/sources_1/bd/mem_bd/mem_bd.bd> 
# puts "\n>>> Step 4: Adding Zynq UltraScale+ MPSoC..."

>>> Step 4: Adding Zynq UltraScale+ MPSoC...
# set ps [create_bd_cell -type ip -vlnv xilinx.com:ip:zynq_ultra_ps_e:3.5 zynq_ps]
# set_property -dict [list \
#     CONFIG.PSU__USE__M_AXI_GP0 {1} \
#     CONFIG.PSU__USE__M_AXI_GP1 {0} \
#     CONFIG.PSU__USE__M_AXI_GP2 {1} \
#     CONFIG.PSU__USE__S_AXI_GP0 {0} \
#     CONFIG.PSU__USE__S_AXI_GP2 {1} \
#     CONFIG.PSU__USE__S_AXI_GP3 {0} \
#     CONFIG.PSU__USE__S_AXI_GP4 {0} \
#     CONFIG.PSU__USE__S_AXI_GP5 {0} \
#     CONFIG.PSU__USE__S_AXI_GP6 {0} \
#     CONFIG.PSU__FPGA_PL0_ENABLE {1} \
#     CONFIG.PSU__CRL_APB__PL0_REF_CTRL__FREQMHZ {50} \
# ] $ps
# puts "\n>>> Step 5: Adding Processor System Reset..."

>>> Step 5: Adding Processor System Reset...
# set ps_reset [create_bd_cell -type ip -vlnv xilinx.com:ip:proc_sys_reset:5.0 proc_sys_reset_0]
# set_property -dict [list CONFIG.C_EXT_RESET_HIGH {0}] $ps_reset
CRITICAL WARNING: [BD 41-737] Cannot set the parameter C_EXT_RESET_HIGH on /proc_sys_reset_0. It is read-only.
# puts "\n>>> Step 6: Adding AXI DMA..."

>>> Step 6: Adding AXI DMA...
# set dma [create_bd_cell -type ip -vlnv xilinx.com:ip:axi_dma:7.1 axi_dma_0]
# set_property -dict [list \
#     CONFIG.c_include_sg {0} \
#     CONFIG.c_sg_include_stscntrl_strm {0} \
#     CONFIG.c_include_mm2s {1} \
#     CONFIG.c_include_s2mm {1} \
#     CONFIG.c_mm2s_burst_size {16} \
#     CONFIG.c_s2mm_burst_size {16} \
#     CONFIG.c_m_axi_mm2s_data_width {256} \
#     CONFIG.c_m_axis_mm2s_tdata_width {256} \
#     CONFIG.c_m_axi_s2mm_data_width {256} \
#     CONFIG.c_s_axis_s2mm_tdata_width {256} \
# ] $dma
# puts "\n>>> Step 7: Adding Memory Subsystem IP..."

>>> Step 7: Adding Memory Subsystem IP...
# set mem [create_bd_cell -type ip -vlnv $mem_ip mem_top_0]
# puts "\n>>> Step 8: Adding AXI Interconnect for control..."

>>> Step 8: Adding AXI Interconnect for control...
# set axi_ic [create_bd_cell -type ip -vlnv xilinx.com:ip:axi_interconnect:2.1 axi_interconnect_0]
# set_property -dict [list \
#     CONFIG.NUM_MI {2} \
#     CONFIG.NUM_SI {1} \
# ] $axi_ic
# puts "\n>>> Step 9: Adding SmartConnect for DMA..."

>>> Step 9: Adding SmartConnect for DMA...
# set axi_sc [create_bd_cell -type ip -vlnv xilinx.com:ip:smartconnect:1.0 axi_smc]
# set_property -dict [list \
#     CONFIG.NUM_SI {2} \
#     CONFIG.NUM_MI {1} \
# ] $axi_sc
# puts "\n>>> Step 10: Connecting AXI control path..."

>>> Step 10: Connecting AXI control path...
# connect_bd_intf_net [get_bd_intf_pins zynq_ps/M_AXI_HPM0_LPD] \
#                     [get_bd_intf_pins axi_interconnect_0/S00_AXI]
# connect_bd_intf_net [get_bd_intf_pins axi_interconnect_0/M00_AXI] \
#                     [get_bd_intf_pins axi_dma_0/S_AXI_LITE]
# connect_bd_intf_net [get_bd_intf_pins axi_interconnect_0/M01_AXI] \
#                     [get_bd_intf_pins mem_top_0/s00_axi]
# puts "\n>>> Step 11: Connecting AXI4-Full MMIO path..."

>>> Step 11: Connecting AXI4-Full MMIO path...
# set axi_sc_full [create_bd_cell -type ip -vlnv xilinx.com:ip:smartconnect:1.0 axi_smc_full]
# set_property -dict [list \
#     CONFIG.NUM_SI {1} \
#     CONFIG.NUM_MI {1} \
# ] $axi_sc_full
# connect_bd_intf_net [get_bd_intf_pins zynq_ps/M_AXI_HPM0_FPD] \
#                     [get_bd_intf_pins axi_smc_full/S00_AXI]
# connect_bd_intf_net [get_bd_intf_pins axi_smc_full/M00_AXI] \
#                     [get_bd_intf_pins mem_top_0/s01_axi]
# puts "\n>>> Step 12: Connecting AXI-Stream data path..."

>>> Step 12: Connecting AXI-Stream data path...
# connect_bd_intf_net [get_bd_intf_pins axi_dma_0/M_AXIS_MM2S] \
#                     [get_bd_intf_pins mem_top_0/s00_axis]
# connect_bd_intf_net [get_bd_intf_pins mem_top_0/m00_axis] \
#                     [get_bd_intf_pins axi_dma_0/S_AXIS_S2MM]
# set_property -dict [list \
#     CONFIG.c_m_axi_mm2s_data_width {256} \
#     CONFIG.c_m_axis_mm2s_tdata_width {256} \
#     CONFIG.c_m_axi_s2mm_data_width {256} \
#     CONFIG.c_s_axis_s2mm_tdata_width {256} \
# ] [get_bd_cells axi_dma_0]
# puts "\n>>> Step 13: Connecting DMA memory interfaces..."

>>> Step 13: Connecting DMA memory interfaces...
# connect_bd_intf_net [get_bd_intf_pins axi_dma_0/M_AXI_MM2S] \
#                     [get_bd_intf_pins axi_smc/S00_AXI]
# connect_bd_intf_net [get_bd_intf_pins axi_dma_0/M_AXI_S2MM] \
#                     [get_bd_intf_pins axi_smc/S01_AXI]
# connect_bd_intf_net [get_bd_intf_pins axi_smc/M00_AXI] \
#                     [get_bd_intf_pins zynq_ps/S_AXI_HP0_FPD]
# puts "\n>>> Step 14: Connecting clocks..."

>>> Step 14: Connecting clocks...
# set pl_clk [get_bd_pins zynq_ps/pl_clk0]
# connect_bd_net $pl_clk [get_bd_pins proc_sys_reset_0/slowest_sync_clk]
# connect_bd_net $pl_clk [get_bd_pins axi_dma_0/s_axi_lite_aclk]
# connect_bd_net $pl_clk [get_bd_pins axi_dma_0/m_axi_mm2s_aclk]
# connect_bd_net $pl_clk [get_bd_pins axi_dma_0/m_axi_s2mm_aclk]
# connect_bd_net $pl_clk [get_bd_pins axi_interconnect_0/ACLK]
# connect_bd_net $pl_clk [get_bd_pins axi_interconnect_0/S00_ACLK]
# connect_bd_net $pl_clk [get_bd_pins axi_interconnect_0/M00_ACLK]
# connect_bd_net $pl_clk [get_bd_pins axi_interconnect_0/M01_ACLK]
# connect_bd_net $pl_clk [get_bd_pins axi_smc/aclk]
# connect_bd_net $pl_clk [get_bd_pins axi_smc_full/aclk]
# connect_bd_net $pl_clk [get_bd_pins zynq_ps/maxihpm0_lpd_aclk]
# connect_bd_net $pl_clk [get_bd_pins zynq_ps/maxihpm0_fpd_aclk]
# connect_bd_net $pl_clk [get_bd_pins zynq_ps/saxihp0_fpd_aclk]
# connect_bd_net $pl_clk [get_bd_pins mem_top_0/s00_axi_aclk]
# connect_bd_net $pl_clk [get_bd_pins mem_top_0/s00_axis_aclk]
# connect_bd_net $pl_clk [get_bd_pins mem_top_0/m00_axis_aclk]
# connect_bd_net $pl_clk [get_bd_pins mem_top_0/s01_axi_aclk]
# puts "\n>>> Step 15: Connecting resets..."

>>> Step 15: Connecting resets...
# connect_bd_net [get_bd_pins zynq_ps/pl_resetn0] [get_bd_pins proc_sys_reset_0/ext_reset_in]
# set ic_resetn [get_bd_pins proc_sys_reset_0/interconnect_aresetn]
# connect_bd_net $ic_resetn [get_bd_pins axi_interconnect_0/ARESETN]
# connect_bd_net $ic_resetn [get_bd_pins axi_interconnect_0/S00_ARESETN]
# connect_bd_net $ic_resetn [get_bd_pins axi_interconnect_0/M00_ARESETN]
# connect_bd_net $ic_resetn [get_bd_pins axi_interconnect_0/M01_ARESETN]
# connect_bd_net $ic_resetn [get_bd_pins axi_smc/aresetn]
# connect_bd_net $ic_resetn [get_bd_pins axi_smc_full/aresetn]
# set periph_resetn [get_bd_pins proc_sys_reset_0/peripheral_aresetn]
# connect_bd_net $periph_resetn [get_bd_pins axi_dma_0/axi_resetn]
# connect_bd_net $periph_resetn [get_bd_pins mem_top_0/s00_axi_aresetn]
# connect_bd_net $periph_resetn [get_bd_pins mem_top_0/s00_axis_aresetn]
# connect_bd_net $periph_resetn [get_bd_pins mem_top_0/m00_axis_aresetn]
# connect_bd_net $periph_resetn [get_bd_pins mem_top_0/s01_axi_aresetn]
# puts "\n>>> Step 16: Assigning addresses..."

>>> Step 16: Assigning addresses...
# assign_bd_address -target_address_space /zynq_ps/Data [get_bd_addr_segs axi_dma_0/S_AXI_LITE/Reg] -force
Slave segment '/axi_dma_0/S_AXI_LITE/Reg' is being assigned into address space '/zynq_ps/Data' at <0x8000_0000 [ 64K ]>.
# assign_bd_address -target_address_space /zynq_ps/Data [get_bd_addr_segs mem_top_0/s00_axi/reg0] -force
Slave segment '/mem_top_0/s00_axi/reg0' is being assigned into address space '/zynq_ps/Data' at <0x8001_0000 [ 4K ]>.
WARNING: [BD 5-699] No address segments matched 'get_bd_addr_segs mem_top_0/s01_axi/mem0'
# assign_bd_address -target_address_space /zynq_ps/Data [get_bd_addr_segs mem_top_0/s01_axi/mem0] -force
Slave segment '/mem_top_0/s01_axi/reg0' is being assigned into address space '/zynq_ps/Data' at <0xA000_0000 [ 256K ]>.
# assign_bd_address -target_address_space /axi_dma_0/Data_MM2S [get_bd_addr_segs zynq_ps/SAXIGP2/HP0_DDR_LOW] -force
Slave segment '/zynq_ps/SAXIGP2/HP0_DDR_LOW' is being assigned into address space '/axi_dma_0/Data_MM2S' at <0x0000_0000 [ 2G ]>.
# assign_bd_address -target_address_space /axi_dma_0/Data_S2MM [get_bd_addr_segs zynq_ps/SAXIGP2/HP0_DDR_LOW] -force
Slave segment '/zynq_ps/SAXIGP2/HP0_DDR_LOW' is being assigned into address space '/axi_dma_0/Data_S2MM' at <0x0000_0000 [ 2G ]>.
# puts "\n  Address Map:"

  Address Map:
# foreach seg [get_bd_addr_segs] {
#     if {[get_property OFFSET $seg] ne ""} {
#         set offset [format "0x%08X" [get_property OFFSET $seg]]
#         set range [format "0x%08X" [get_property RANGE $seg]]
#         puts "    [get_property PATH $seg]: Offset=$offset, Range=$range"
#     }
# }
    /axi_dma_0/Data_MM2S/SEG_zynq_ps_HP0_DDR_LOW: Offset=0x00000000, Range=0x80000000
    /axi_dma_0/Data_S2MM/SEG_zynq_ps_HP0_DDR_LOW: Offset=0x00000000, Range=0x80000000
    /zynq_ps/Data/SEG_axi_dma_0_Reg: Offset=0x80000000, Range=0x00010000
    /zynq_ps/Data/SEG_mem_top_0_reg0: Offset=0x80010000, Range=0x00001000
    /zynq_ps/Data/SEG_mem_top_0_reg0_1: Offset=0xA0000000, Range=0x00040000
# puts "\n>>> Step 17: Validating block design..."

>>> Step 17: Validating block design...
# validate_bd_design
INFO: [BD 5-943] Reserving offset range <0xA000_0000 [ 256K ]> from slave interface '/axi_smc_full/S00_AXI' to master interface '/axi_smc_full/M00_AXI'. This will be used by smartconnect on path for routing.
INFO: [xilinx.com:ip:smartconnect:1.0-1] mem_bd_axi_smc_full_0: SmartConnect mem_bd_axi_smc_full_0 is in High-performance Mode.
INFO: [BD 5-943] Reserving offset range <0x0000_0000 [ 2G ]> from slave interface '/axi_smc/S00_AXI' to master interface '/axi_smc/M00_AXI'. This will be used by smartconnect on path for routing.
INFO: [BD 5-943] Reserving offset range <0x0000_0000 [ 2G ]> from slave interface '/axi_smc/S01_AXI' to master interface '/axi_smc/M00_AXI'. This will be used by smartconnect on path for routing.
INFO: [xilinx.com:ip:smartconnect:1.0-1] mem_bd_axi_smc_0: SmartConnect mem_bd_axi_smc_0 is in High-performance Mode.
WARNING: [BD 41-237] Bus Interface property AWUSER_WIDTH does not match between /axi_interconnect_0/s00_couplers/auto_pc/S_AXI(0) and /zynq_ps/M_AXI_HPM0_LPD(16)
WARNING: [BD 41-237] Bus Interface property ARUSER_WIDTH does not match between /axi_interconnect_0/s00_couplers/auto_pc/S_AXI(0) and /zynq_ps/M_AXI_HPM0_LPD(16)
WARNING: [BD 41-237] Bus Interface property AWUSER_WIDTH does not match between /zynq_ps/S_AXI_HP0_FPD(1) and /axi_smc/M00_AXI(0)
WARNING: [BD 41-237] Bus Interface property ARUSER_WIDTH does not match between /zynq_ps/S_AXI_HP0_FPD(1) and /axi_smc/M00_AXI(0)
WARNING: [BD 41-237] Bus Interface property AWUSER_WIDTH does not match between /mem_top_0/s01_axi(0) and /axi_smc_full/M00_AXI(16)
WARNING: [BD 41-237] Bus Interface property ARUSER_WIDTH does not match between /mem_top_0/s01_axi(0) and /axi_smc_full/M00_AXI(16)
validate_bd_design: Time (s): cpu = 00:00:09 ; elapsed = 00:00:09 . Memory (MB): peak = 1889.949 ; gain = 84.219 ; free physical = 13426 ; free virtual = 162751
# save_bd_design
Wrote  : </home/mss464/minitpu/tpu/build/mem_system/mem_system.srcs/sources_1/bd/mem_bd/mem_bd.bd> 
# puts "\n>>> Step 18: Generating output products..."

>>> Step 18: Generating output products...
# generate_target all [get_files [file join $proj_dir $proj_name.srcs sources_1 bd $bd_name $bd_name.bd]]
INFO: [BD 41-1662] The design 'mem_bd.bd' is already validated. Therefore parameter propagation will not be re-run.
Verilog Output written to : /home/mss464/minitpu/tpu/build/mem_system/mem_system.gen/sources_1/bd/mem_bd/synth/mem_bd.v
Verilog Output written to : /home/mss464/minitpu/tpu/build/mem_system/mem_system.gen/sources_1/bd/mem_bd/sim/mem_bd.v
Verilog Output written to : /home/mss464/minitpu/tpu/build/mem_system/mem_system.gen/sources_1/bd/mem_bd/hdl/mem_bd_wrapper.v
INFO: [xilinx.com:ip:zynq_ultra_ps_e:3.5-0] mem_bd_zynq_ps_0: 
Changes in your design (including the PCW configuration settings) are not automatically exported from Vivado to Xilinx's SDK, Petalinux or Yocto.
This is by design to avoid disrupting existing embedded development efforts. To have any changes of your design taking effect in the embedded software flow please export your
design by going through Vivado's main menu, click on File, then Export finally select Export Hardware, please ensure you click on the Include BitStream option.
The auto-generated HDF file is all you need to import in Xilinx's SDK, Petalinux or Yocto for your changes to be reflected in the Embedded Software Flow.
For more information, please consult PG201, section: Exporting PCW Settings to Embedded Software Flows
INFO: [PSU-0] Address Range of DDR (0x1ff00000 to 0x1fffffff) is reserved by PMU for internal purpose.
INFO: [IP_Flow 19-5611] Unable to find an associated reset port for the interface 'M_AXI_HPM0_FPD'. A default connection has been created.
INFO: [IP_Flow 19-5611] Unable to find an associated reset port for the interface 'M_AXI_HPM0_LPD'. A default connection has been created.
INFO: [IP_Flow 19-5611] Unable to find an associated reset port for the interface 'S_AXI_HP0_FPD'. A default connection has been created.
INFO: [BD 41-1029] Generation completed for the IP Integrator block zynq_ps .
INFO: [BD 41-1029] Generation completed for the IP Integrator block proc_sys_reset_0 .
INFO: [BD 41-1029] Generation completed for the IP Integrator block axi_dma_0 .
INFO: [BD 41-1029] Generation completed for the IP Integrator block mem_top_0 .
INFO: [BD 41-1029] Generation completed for the IP Integrator block axi_interconnect_0/xbar .
WARNING: [IP_Flow 19-4994] Overwriting existing constraint file '/home/mss464/minitpu/tpu/build/mem_system/mem_system.gen/sources_1/bd/mem_bd/ip/mem_bd_auto_pc_0/mem_bd_auto_pc_0_ooc.xdc'
INFO: [BD 41-1029] Generation completed for the IP Integrator block axi_interconnect_0/s00_couplers/auto_pc .
Exporting to file /home/mss464/minitpu/tpu/build/mem_system/mem_system.gen/sources_1/bd/mem_bd/ip/mem_bd_axi_smc_0/bd_0/hw_handoff/mem_bd_axi_smc_0.hwh
Generated Hardware Definition File /home/mss464/minitpu/tpu/build/mem_system/mem_system.gen/sources_1/bd/mem_bd/ip/mem_bd_axi_smc_0/bd_0/synth/mem_bd_axi_smc_0.hwdef
INFO: [BD 41-1029] Generation completed for the IP Integrator block axi_smc .
Exporting to file /home/mss464/minitpu/tpu/build/mem_system/mem_system.gen/sources_1/bd/mem_bd/ip/mem_bd_axi_smc_full_0/bd_0/hw_handoff/mem_bd_axi_smc_full_0.hwh
Generated Hardware Definition File /home/mss464/minitpu/tpu/build/mem_system/mem_system.gen/sources_1/bd/mem_bd/ip/mem_bd_axi_smc_full_0/bd_0/synth/mem_bd_axi_smc_full_0.hwdef
INFO: [BD 41-1029] Generation completed for the IP Integrator block axi_smc_full .
Exporting to file /home/mss464/minitpu/tpu/build/mem_system/mem_system.gen/sources_1/bd/mem_bd/hw_handoff/mem_bd.hwh
Generated Hardware Definition File /home/mss464/minitpu/tpu/build/mem_system/mem_system.gen/sources_1/bd/mem_bd/synth/mem_bd.hwdef
generate_target: Time (s): cpu = 00:00:33 ; elapsed = 00:00:36 . Memory (MB): peak = 2174.449 ; gain = 284.500 ; free physical = 13059 ; free virtual = 162467
# puts "\n>>> Step 19: Creating HDL wrapper..."

>>> Step 19: Creating HDL wrapper...
# set bd_file [get_files [file join $proj_dir $proj_name.srcs sources_1 bd $bd_name $bd_name.bd]]
# set wrapper [make_wrapper -files $bd_file -top]
# add_files -norecurse $wrapper
# set_property top ${bd_name}_wrapper [current_fileset]
# update_compile_order -fileset sources_1
# puts "\n>>> Step 20: Running synthesis..."

>>> Step 20: Running synthesis...
# reset_run synth_1
# launch_runs synth_1 -jobs 4
INFO: [IP_Flow 19-6930] IPCACHE: runCacheChecks() number of threads = 8
INFO: [IP_Flow 19-6921] IPCACHE: Adding cache check func to thread queue for IP mem_bd_auto_pc_0
INFO: [IP_Flow 19-6921] IPCACHE: Adding cache check func to thread queue for IP mem_bd_axi_dma_0_0
INFO: [IP_Flow 19-6921] IPCACHE: Adding cache check func to thread queue for IP mem_bd_axi_smc_0
INFO: [IP_Flow 19-6921] IPCACHE: Adding cache check func to thread queue for IP mem_bd_axi_smc_full_0
INFO: [IP_Flow 19-6921] IPCACHE: Adding cache check func to thread queue for IP mem_bd_mem_top_0_0
INFO: [IP_Flow 19-6921] IPCACHE: Adding cache check func to thread queue for IP mem_bd_proc_sys_reset_0_0
INFO: [IP_Flow 19-6921] IPCACHE: Adding cache check func to thread queue for IP mem_bd_xbar_0
INFO: [IP_Flow 19-6921] IPCACHE: Adding cache check func to thread queue for IP mem_bd_zynq_ps_0
INFO: [IP_Flow 19-8020] IPCACHE: runCacheChecks() calling threadPool finishWork()
INFO: [IP_Flow 19-6924] IPCACHE: Running cache check for IP inst: mem_bd_auto_pc_0
INFO: [IP_Flow 19-6924] IPCACHE: Running cache check for IP inst: mem_bd_axi_dma_0_0
INFO: [IP_Flow 19-6924] IPCACHE: Running cache check for IP inst: mem_bd_axi_smc_0
INFO: [IP_Flow 19-6924] IPCACHE: Running cache check for IP inst: mem_bd_axi_smc_full_0
INFO: [IP_Flow 19-6924] IPCACHE: Running cache check for IP inst: mem_bd_mem_top_0_0
INFO: [IP_Flow 19-6924] IPCACHE: Running cache check for IP inst: mem_bd_proc_sys_reset_0_0
INFO: [IP_Flow 19-6924] IPCACHE: Running cache check for IP inst: mem_bd_xbar_0
INFO: [IP_Flow 19-6924] IPCACHE: Running cache check for IP inst: mem_bd_zynq_ps_0
WARNING: [Vivado 12-7122] Auto Incremental Compile:: No reference checkpoint was found in run synth_1. Auto-incremental flow will not be run, the standard flow will be run instead.
[Mon Apr  6 12:31:22 2026] Launched mem_bd_axi_dma_0_0_synth_1, mem_bd_axi_smc_full_0_synth_1, mem_bd_auto_pc_0_synth_1, mem_bd_mem_top_0_0_synth_1, mem_bd_xbar_0_synth_1, mem_bd_axi_smc_0_synth_1, mem_bd_proc_sys_reset_0_0_synth_1, mem_bd_zynq_ps_0_synth_1...
Run output will be captured here:
mem_bd_axi_dma_0_0_synth_1: /home/mss464/minitpu/tpu/build/mem_system/mem_system.runs/mem_bd_axi_dma_0_0_synth_1/runme.log
mem_bd_axi_smc_full_0_synth_1: /home/mss464/minitpu/tpu/build/mem_system/mem_system.runs/mem_bd_axi_smc_full_0_synth_1/runme.log
mem_bd_auto_pc_0_synth_1: /home/mss464/minitpu/tpu/build/mem_system/mem_system.runs/mem_bd_auto_pc_0_synth_1/runme.log
mem_bd_mem_top_0_0_synth_1: /home/mss464/minitpu/tpu/build/mem_system/mem_system.runs/mem_bd_mem_top_0_0_synth_1/runme.log
mem_bd_xbar_0_synth_1: /home/mss464/minitpu/tpu/build/mem_system/mem_system.runs/mem_bd_xbar_0_synth_1/runme.log
mem_bd_axi_smc_0_synth_1: /home/mss464/minitpu/tpu/build/mem_system/mem_system.runs/mem_bd_axi_smc_0_synth_1/runme.log
mem_bd_proc_sys_reset_0_0_synth_1: /home/mss464/minitpu/tpu/build/mem_system/mem_system.runs/mem_bd_proc_sys_reset_0_0_synth_1/runme.log
mem_bd_zynq_ps_0_synth_1: /home/mss464/minitpu/tpu/build/mem_system/mem_system.runs/mem_bd_zynq_ps_0_synth_1/runme.log
[Mon Apr  6 12:31:22 2026] Launched synth_1...
Run output will be captured here: /home/mss464/minitpu/tpu/build/mem_system/mem_system.runs/synth_1/runme.log
# wait_on_run synth_1
[Mon Apr  6 12:31:22 2026] Waiting for synth_1 to finish...

*** Running vivado
    with args -log mem_bd_wrapper.vds -m64 -product Vivado -mode batch -messageDb vivado.pb -notrace -source mem_bd_wrapper.tcl


****** Vivado v2023.2 (64-bit)
  **** SW Build 4029153 on Fri Oct 13 20:13:54 MDT 2023
  **** IP Build 4028589 on Sat Oct 14 00:45:43 MDT 2023
  **** SharedData Build 4025554 on Tue Oct 10 17:18:54 MDT 2023
    ** Copyright 1986-2022 Xilinx, Inc. All Rights Reserved.
    ** Copyright 2022-2023 Advanced Micro Devices, Inc. All Rights Reserved.

source mem_bd_wrapper.tcl -notrace
create_project: Time (s): cpu = 00:00:07 ; elapsed = 00:00:07 . Memory (MB): peak = 1560.859 ; gain = 0.023 ; free physical = 12993 ; free virtual = 161797
INFO: [IP_Flow 19-234] Refreshing IP repositories
INFO: [IP_Flow 19-1700] Loaded user IP repository '/home/mss464/minitpu/tpu/ip_repo'.
INFO: [IP_Flow 19-2313] Loaded Vivado IP repository '/opt/xilinx/Vivado/2023.2/data/ip'.
Command: synth_design -top mem_bd_wrapper -part xczu3eg-sbva484-1-i
Starting synth_design
Attempting to get a license for feature 'Synthesis' and/or device 'xczu3eg'
INFO: [Common 17-349] Got license for feature 'Synthesis' and/or device 'xczu3eg'
INFO: [Device 21-403] Loading part xczu3eg-sbva484-1-i
INFO: [Synth 8-7079] Multithreading enabled for synth_design using a maximum of 4 processes.
INFO: [Synth 8-7078] Launching helper process for spawning children vivado processes
INFO: [Synth 8-7075] Helper process launched with PID 1869196
---------------------------------------------------------------------------------
Starting RTL Elaboration : Time (s): cpu = 00:00:04 ; elapsed = 00:00:04 . Memory (MB): peak = 2784.129 ; gain = 289.691 ; free physical = 11574 ; free virtual = 160357
---------------------------------------------------------------------------------
INFO: [Synth 8-6157] synthesizing module 'mem_bd_wrapper' [/home/mss464/minitpu/tpu/build/mem_system/mem_system.gen/sources_1/bd/mem_bd/hdl/mem_bd_wrapper.v:13]
INFO: [Synth 8-6157] synthesizing module 'mem_bd' [/home/mss464/minitpu/tpu/build/mem_system/mem_system.gen/sources_1/bd/mem_bd/synth/mem_bd.v:284]
INFO: [Synth 8-6157] synthesizing module 'mem_bd_axi_dma_0_0' [/home/mss464/minitpu/tpu/build/mem_system/mem_system.runs/synth_1/.Xil/Vivado-1868435-brg-zhang-xcel.ece.cornell.edu/realtime/mem_bd_axi_dma_0_0_stub.v:6]
INFO: [Synth 8-6155] done synthesizing module 'mem_bd_axi_dma_0_0' (0#1) [/home/mss464/minitpu/tpu/build/mem_system/mem_system.runs/synth_1/.Xil/Vivado-1868435-brg-zhang-xcel.ece.cornell.edu/realtime/mem_bd_axi_dma_0_0_stub.v:6]
WARNING: [Synth 8-7071] port 'mm2s_prmry_reset_out_n' of module 'mem_bd_axi_dma_0_0' is unconnected for instance 'axi_dma_0' [/home/mss464/minitpu/tpu/build/mem_system/mem_system.gen/sources_1/bd/mem_bd/synth/mem_bd.v:500]
WARNING: [Synth 8-7071] port 'm_axis_mm2s_tkeep' of module 'mem_bd_axi_dma_0_0' is unconnected for instance 'axi_dma_0' [/home/mss464/minitpu/tpu/build/mem_system/mem_system.gen/sources_1/bd/mem_bd/synth/mem_bd.v:500]
WARNING: [Synth 8-7071] port 's2mm_prmry_reset_out_n' of module 'mem_bd_axi_dma_0_0' is unconnected for instance 'axi_dma_0' [/home/mss464/minitpu/tpu/build/mem_system/mem_system.gen/sources_1/bd/mem_bd/synth/mem_bd.v:500]
WARNING: [Synth 8-7071] port 'mm2s_introut' of module 'mem_bd_axi_dma_0_0' is unconnected for instance 'axi_dma_0' [/home/mss464/minitpu/tpu/build/mem_system/mem_system.gen/sources_1/bd/mem_bd/synth/mem_bd.v:500]
WARNING: [Synth 8-7071] port 's2mm_introut' of module 'mem_bd_axi_dma_0_0' is unconnected for instance 'axi_dma_0' [/home/mss464/minitpu/tpu/build/mem_system/mem_system.gen/sources_1/bd/mem_bd/synth/mem_bd.v:500]
WARNING: [Synth 8-7071] port 'axi_dma_tstvec' of module 'mem_bd_axi_dma_0_0' is unconnected for instance 'axi_dma_0' [/home/mss464/minitpu/tpu/build/mem_system/mem_system.gen/sources_1/bd/mem_bd/synth/mem_bd.v:500]
WARNING: [Synth 8-7023] instance 'axi_dma_0' of module 'mem_bd_axi_dma_0_0' has 64 connections declared, but only 58 given [/home/mss464/minitpu/tpu/build/mem_system/mem_system.gen/sources_1/bd/mem_bd/synth/mem_bd.v:500]
INFO: [Synth 8-6157] synthesizing module 'mem_bd_axi_interconnect_0_0' [/home/mss464/minitpu/tpu/build/mem_system/mem_system.gen/sources_1/bd/mem_bd/synth/mem_bd.v:968]
INFO: [Synth 8-6157] synthesizing module 'm00_couplers_imp_RBVKZV' [/home/mss464/minitpu/tpu/build/mem_system/mem_system.gen/sources_1/bd/mem_bd/synth/mem_bd.v:13]
INFO: [Synth 8-6155] done synthesizing module 'm00_couplers_imp_RBVKZV' (0#1) [/home/mss464/minitpu/tpu/build/mem_system/mem_system.gen/sources_1/bd/mem_bd/synth/mem_bd.v:13]
INFO: [Synth 8-6157] synthesizing module 'm01_couplers_imp_1KMLNYY' [/home/mss464/minitpu/tpu/build/mem_system/mem_system.gen/sources_1/bd/mem_bd/synth/mem_bd.v:138]
INFO: [Synth 8-6155] done synthesizing module 'm01_couplers_imp_1KMLNYY' (0#1) [/home/mss464/minitpu/tpu/build/mem_system/mem_system.gen/sources_1/bd/mem_bd/synth/mem_bd.v:138]
INFO: [Synth 8-6157] synthesizing module 's00_couplers_imp_NUHEHM' [/home/mss464/minitpu/tpu/build/mem_system/mem_system.gen/sources_1/bd/mem_bd/synth/mem_bd.v:1520]
INFO: [Synth 8-6157] synthesizing module 'mem_bd_auto_pc_0' [/home/mss464/minitpu/tpu/build/mem_system/mem_system.runs/synth_1/.Xil/Vivado-1868435-brg-zhang-xcel.ece.cornell.edu/realtime/mem_bd_auto_pc_0_stub.v:6]
INFO: [Synth 8-6155] done synthesizing module 'mem_bd_auto_pc_0' (0#1) [/home/mss464/minitpu/tpu/build/mem_system/mem_system.runs/synth_1/.Xil/Vivado-1868435-brg-zhang-xcel.ece.cornell.edu/realtime/mem_bd_auto_pc_0_stub.v:6]
INFO: [Synth 8-6155] done synthesizing module 's00_couplers_imp_NUHEHM' (0#1) [/home/mss464/minitpu/tpu/build/mem_system/mem_system.gen/sources_1/bd/mem_bd/synth/mem_bd.v:1520]
INFO: [Synth 8-6157] synthesizing module 'mem_bd_xbar_0' [/home/mss464/minitpu/tpu/build/mem_system/mem_system.runs/synth_1/.Xil/Vivado-1868435-brg-zhang-xcel.ece.cornell.edu/realtime/mem_bd_xbar_0_stub.v:6]
INFO: [Synth 8-6155] done synthesizing module 'mem_bd_xbar_0' (0#1) [/home/mss464/minitpu/tpu/build/mem_system/mem_system.runs/synth_1/.Xil/Vivado-1868435-brg-zhang-xcel.ece.cornell.edu/realtime/mem_bd_xbar_0_stub.v:6]
INFO: [Synth 8-6155] done synthesizing module 'mem_bd_axi_interconnect_0_0' (0#1) [/home/mss464/minitpu/tpu/build/mem_system/mem_system.gen/sources_1/bd/mem_bd/synth/mem_bd.v:968]
INFO: [Synth 8-6157] synthesizing module 'mem_bd_axi_smc_0' [/home/mss464/minitpu/tpu/build/mem_system/mem_system.runs/synth_1/.Xil/Vivado-1868435-brg-zhang-xcel.ece.cornell.edu/realtime/mem_bd_axi_smc_0_stub.v:6]
INFO: [Synth 8-6155] done synthesizing module 'mem_bd_axi_smc_0' (0#1) [/home/mss464/minitpu/tpu/build/mem_system/mem_system.runs/synth_1/.Xil/Vivado-1868435-brg-zhang-xcel.ece.cornell.edu/realtime/mem_bd_axi_smc_0_stub.v:6]
INFO: [Synth 8-6157] synthesizing module 'mem_bd_axi_smc_full_0' [/home/mss464/minitpu/tpu/build/mem_system/mem_system.runs/synth_1/.Xil/Vivado-1868435-brg-zhang-xcel.ece.cornell.edu/realtime/mem_bd_axi_smc_full_0_stub.v:6]
INFO: [Synth 8-6155] done synthesizing module 'mem_bd_axi_smc_full_0' (0#1) [/home/mss464/minitpu/tpu/build/mem_system/mem_system.runs/synth_1/.Xil/Vivado-1868435-brg-zhang-xcel.ece.cornell.edu/realtime/mem_bd_axi_smc_full_0_stub.v:6]
WARNING: [Synth 8-7071] port 'M00_AXI_awlock' of module 'mem_bd_axi_smc_full_0' is unconnected for instance 'axi_smc_full' [/home/mss464/minitpu/tpu/build/mem_system/mem_system.gen/sources_1/bd/mem_bd/synth/mem_bd.v:709]
WARNING: [Synth 8-7071] port 'M00_AXI_awcache' of module 'mem_bd_axi_smc_full_0' is unconnected for instance 'axi_smc_full' [/home/mss464/minitpu/tpu/build/mem_system/mem_system.gen/sources_1/bd/mem_bd/synth/mem_bd.v:709]
WARNING: [Synth 8-7071] port 'M00_AXI_awprot' of module 'mem_bd_axi_smc_full_0' is unconnected for instance 'axi_smc_full' [/home/mss464/minitpu/tpu/build/mem_system/mem_system.gen/sources_1/bd/mem_bd/synth/mem_bd.v:709]
WARNING: [Synth 8-7071] port 'M00_AXI_awqos' of module 'mem_bd_axi_smc_full_0' is unconnected for instance 'axi_smc_full' [/home/mss464/minitpu/tpu/build/mem_system/mem_system.gen/sources_1/bd/mem_bd/synth/mem_bd.v:709]
WARNING: [Synth 8-7071] port 'M00_AXI_awuser' of module 'mem_bd_axi_smc_full_0' is unconnected for instance 'axi_smc_full' [/home/mss464/minitpu/tpu/build/mem_system/mem_system.gen/sources_1/bd/mem_bd/synth/mem_bd.v:709]
WARNING: [Synth 8-7071] port 'M00_AXI_arlock' of module 'mem_bd_axi_smc_full_0' is unconnected for instance 'axi_smc_full' [/home/mss464/minitpu/tpu/build/mem_system/mem_system.gen/sources_1/bd/mem_bd/synth/mem_bd.v:709]
WARNING: [Synth 8-7071] port 'M00_AXI_arcache' of module 'mem_bd_axi_smc_full_0' is unconnected for instance 'axi_smc_full' [/home/mss464/minitpu/tpu/build/mem_system/mem_system.gen/sources_1/bd/mem_bd/synth/mem_bd.v:709]
WARNING: [Synth 8-7071] port 'M00_AXI_arprot' of module 'mem_bd_axi_smc_full_0' is unconnected for instance 'axi_smc_full' [/home/mss464/minitpu/tpu/build/mem_system/mem_system.gen/sources_1/bd/mem_bd/synth/mem_bd.v:709]
WARNING: [Synth 8-7071] port 'M00_AXI_arqos' of module 'mem_bd_axi_smc_full_0' is unconnected for instance 'axi_smc_full' [/home/mss464/minitpu/tpu/build/mem_system/mem_system.gen/sources_1/bd/mem_bd/synth/mem_bd.v:709]
WARNING: [Synth 8-7071] port 'M00_AXI_aruser' of module 'mem_bd_axi_smc_full_0' is unconnected for instance 'axi_smc_full' [/home/mss464/minitpu/tpu/build/mem_system/mem_system.gen/sources_1/bd/mem_bd/synth/mem_bd.v:709]
WARNING: [Synth 8-7023] instance 'axi_smc_full' of module 'mem_bd_axi_smc_full_0' has 76 connections declared, but only 66 given [/home/mss464/minitpu/tpu/build/mem_system/mem_system.gen/sources_1/bd/mem_bd/synth/mem_bd.v:709]
INFO: [Synth 8-6157] synthesizing module 'mem_bd_mem_top_0_0' [/home/mss464/minitpu/tpu/build/mem_system/mem_system.runs/synth_1/.Xil/Vivado-1868435-brg-zhang-xcel.ece.cornell.edu/realtime/mem_bd_mem_top_0_0_stub.v:6]
INFO: [Synth 8-6155] done synthesizing module 'mem_bd_mem_top_0_0' (0#1) [/home/mss464/minitpu/tpu/build/mem_system/mem_system.runs/synth_1/.Xil/Vivado-1868435-brg-zhang-xcel.ece.cornell.edu/realtime/mem_bd_mem_top_0_0_stub.v:6]
WARNING: [Synth 8-7071] port 'm00_axis_tstrb' of module 'mem_bd_mem_top_0_0' is unconnected for instance 'mem_top_0' [/home/mss464/minitpu/tpu/build/mem_system/mem_system.gen/sources_1/bd/mem_bd/synth/mem_bd.v:776]
WARNING: [Synth 8-7023] instance 'mem_top_0' of module 'mem_bd_mem_top_0_0' has 63 connections declared, but only 62 given [/home/mss464/minitpu/tpu/build/mem_system/mem_system.gen/sources_1/bd/mem_bd/synth/mem_bd.v:776]
INFO: [Synth 8-6157] synthesizing module 'mem_bd_proc_sys_reset_0_0' [/home/mss464/minitpu/tpu/build/mem_system/mem_system.runs/synth_1/.Xil/Vivado-1868435-brg-zhang-xcel.ece.cornell.edu/realtime/mem_bd_proc_sys_reset_0_0_stub.v:6]
INFO: [Synth 8-6155] done synthesizing module 'mem_bd_proc_sys_reset_0_0' (0#1) [/home/mss464/minitpu/tpu/build/mem_system/mem_system.runs/synth_1/.Xil/Vivado-1868435-brg-zhang-xcel.ece.cornell.edu/realtime/mem_bd_proc_sys_reset_0_0_stub.v:6]
WARNING: [Synth 8-7071] port 'mb_reset' of module 'mem_bd_proc_sys_reset_0_0' is unconnected for instance 'proc_sys_reset_0' [/home/mss464/minitpu/tpu/build/mem_system/mem_system.gen/sources_1/bd/mem_bd/synth/mem_bd.v:839]
WARNING: [Synth 8-7071] port 'bus_struct_reset' of module 'mem_bd_proc_sys_reset_0_0' is unconnected for instance 'proc_sys_reset_0' [/home/mss464/minitpu/tpu/build/mem_system/mem_system.gen/sources_1/bd/mem_bd/synth/mem_bd.v:839]
WARNING: [Synth 8-7071] port 'peripheral_reset' of module 'mem_bd_proc_sys_reset_0_0' is unconnected for instance 'proc_sys_reset_0' [/home/mss464/minitpu/tpu/build/mem_system/mem_system.gen/sources_1/bd/mem_bd/synth/mem_bd.v:839]
WARNING: [Synth 8-7023] instance 'proc_sys_reset_0' of module 'mem_bd_proc_sys_reset_0_0' has 10 connections declared, but only 7 given [/home/mss464/minitpu/tpu/build/mem_system/mem_system.gen/sources_1/bd/mem_bd/synth/mem_bd.v:839]
INFO: [Synth 8-6157] synthesizing module 'mem_bd_zynq_ps_0' [/home/mss464/minitpu/tpu/build/mem_system/mem_system.runs/synth_1/.Xil/Vivado-1868435-brg-zhang-xcel.ece.cornell.edu/realtime/mem_bd_zynq_ps_0_stub.v:6]
INFO: [Synth 8-6155] done synthesizing module 'mem_bd_zynq_ps_0' (0#1) [/home/mss464/minitpu/tpu/build/mem_system/mem_system.runs/synth_1/.Xil/Vivado-1868435-brg-zhang-xcel.ece.cornell.edu/realtime/mem_bd_zynq_ps_0_stub.v:6]
WARNING: [Synth 8-7071] port 'maxigp2_awuser' of module 'mem_bd_zynq_ps_0' is unconnected for instance 'zynq_ps' [/home/mss464/minitpu/tpu/build/mem_system/mem_system.gen/sources_1/bd/mem_bd/synth/mem_bd.v:847]
WARNING: [Synth 8-7071] port 'maxigp2_aruser' of module 'mem_bd_zynq_ps_0' is unconnected for instance 'zynq_ps' [/home/mss464/minitpu/tpu/build/mem_system/mem_system.gen/sources_1/bd/mem_bd/synth/mem_bd.v:847]
WARNING: [Synth 8-7071] port 'saxigp2_bid' of module 'mem_bd_zynq_ps_0' is unconnected for instance 'zynq_ps' [/home/mss464/minitpu/tpu/build/mem_system/mem_system.gen/sources_1/bd/mem_bd/synth/mem_bd.v:847]
WARNING: [Synth 8-7071] port 'saxigp2_rid' of module 'mem_bd_zynq_ps_0' is unconnected for instance 'zynq_ps' [/home/mss464/minitpu/tpu/build/mem_system/mem_system.gen/sources_1/bd/mem_bd/synth/mem_bd.v:847]
WARNING: [Synth 8-7023] instance 'zynq_ps' of module 'mem_bd_zynq_ps_0' has 122 connections declared, but only 118 given [/home/mss464/minitpu/tpu/build/mem_system/mem_system.gen/sources_1/bd/mem_bd/synth/mem_bd.v:847]
INFO: [Synth 8-6155] done synthesizing module 'mem_bd' (0#1) [/home/mss464/minitpu/tpu/build/mem_system/mem_system.gen/sources_1/bd/mem_bd/synth/mem_bd.v:284]
INFO: [Synth 8-6155] done synthesizing module 'mem_bd_wrapper' (0#1) [/home/mss464/minitpu/tpu/build/mem_system/mem_system.gen/sources_1/bd/mem_bd/hdl/mem_bd_wrapper.v:13]
WARNING: [Synth 8-7129] Port M_ACLK in module s00_couplers_imp_NUHEHM is either unconnected or has no load
WARNING: [Synth 8-7129] Port M_ARESETN in module s00_couplers_imp_NUHEHM is either unconnected or has no load
WARNING: [Synth 8-7129] Port M_ACLK in module m01_couplers_imp_1KMLNYY is either unconnected or has no load
WARNING: [Synth 8-7129] Port M_ARESETN in module m01_couplers_imp_1KMLNYY is either unconnected or has no load
WARNING: [Synth 8-7129] Port S_ACLK in module m01_couplers_imp_1KMLNYY is either unconnected or has no load
WARNING: [Synth 8-7129] Port S_ARESETN in module m01_couplers_imp_1KMLNYY is either unconnected or has no load
WARNING: [Synth 8-7129] Port M_ACLK in module m00_couplers_imp_RBVKZV is either unconnected or has no load
WARNING: [Synth 8-7129] Port M_ARESETN in module m00_couplers_imp_RBVKZV is either unconnected or has no load
WARNING: [Synth 8-7129] Port S_ACLK in module m00_couplers_imp_RBVKZV is either unconnected or has no load
WARNING: [Synth 8-7129] Port S_ARESETN in module m00_couplers_imp_RBVKZV is either unconnected or has no load
WARNING: [Synth 8-7129] Port M00_ACLK in module mem_bd_axi_interconnect_0_0 is either unconnected or has no load
WARNING: [Synth 8-7129] Port M00_ARESETN in module mem_bd_axi_interconnect_0_0 is either unconnected or has no load
WARNING: [Synth 8-7129] Port M01_ACLK in module mem_bd_axi_interconnect_0_0 is either unconnected or has no load
WARNING: [Synth 8-7129] Port M01_ARESETN in module mem_bd_axi_interconnect_0_0 is either unconnected or has no load
WARNING: [Synth 8-7129] Port S00_ACLK in module mem_bd_axi_interconnect_0_0 is either unconnected or has no load
WARNING: [Synth 8-7129] Port S00_ARESETN in module mem_bd_axi_interconnect_0_0 is either unconnected or has no load
---------------------------------------------------------------------------------
Finished RTL Elaboration : Time (s): cpu = 00:00:06 ; elapsed = 00:00:06 . Memory (MB): peak = 2868.098 ; gain = 373.660 ; free physical = 11506 ; free virtual = 160290
---------------------------------------------------------------------------------
---------------------------------------------------------------------------------
Start Handling Custom Attributes
---------------------------------------------------------------------------------
---------------------------------------------------------------------------------
Finished Handling Custom Attributes : Time (s): cpu = 00:00:06 ; elapsed = 00:00:07 . Memory (MB): peak = 2871.066 ; gain = 376.629 ; free physical = 11506 ; free virtual = 160290
---------------------------------------------------------------------------------
---------------------------------------------------------------------------------
Finished RTL Optimization Phase 1 : Time (s): cpu = 00:00:06 ; elapsed = 00:00:07 . Memory (MB): peak = 2871.066 ; gain = 376.629 ; free physical = 11506 ; free virtual = 160290
---------------------------------------------------------------------------------
Netlist sorting complete. Time (s): cpu = 00:00:00.02 ; elapsed = 00:00:00.02 . Memory (MB): peak = 2871.066 ; gain = 0.000 ; free physical = 11506 ; free virtual = 160290
INFO: [Project 1-570] Preparing netlist for logic optimization

Processing XDC Constraints
Initializing timing engine
Parsing XDC File [/home/mss464/minitpu/tpu/build/mem_system/mem_system.gen/sources_1/bd/mem_bd/ip/mem_bd_zynq_ps_0/mem_bd_zynq_ps_0/mem_bd_zynq_ps_0_in_context.xdc] for cell 'mem_bd_i/zynq_ps'
Finished Parsing XDC File [/home/mss464/minitpu/tpu/build/mem_system/mem_system.gen/sources_1/bd/mem_bd/ip/mem_bd_zynq_ps_0/mem_bd_zynq_ps_0/mem_bd_zynq_ps_0_in_context.xdc] for cell 'mem_bd_i/zynq_ps'
Parsing XDC File [/home/mss464/minitpu/tpu/build/mem_system/mem_system.gen/sources_1/bd/mem_bd/ip/mem_bd_proc_sys_reset_0_0/mem_bd_proc_sys_reset_0_0/mem_bd_proc_sys_reset_0_0_in_context.xdc] for cell 'mem_bd_i/proc_sys_reset_0'
Finished Parsing XDC File [/home/mss464/minitpu/tpu/build/mem_system/mem_system.gen/sources_1/bd/mem_bd/ip/mem_bd_proc_sys_reset_0_0/mem_bd_proc_sys_reset_0_0/mem_bd_proc_sys_reset_0_0_in_context.xdc] for cell 'mem_bd_i/proc_sys_reset_0'
Parsing XDC File [/home/mss464/minitpu/tpu/build/mem_system/mem_system.gen/sources_1/bd/mem_bd/ip/mem_bd_axi_dma_0_0/mem_bd_axi_dma_0_0/mem_bd_axi_dma_0_0_in_context.xdc] for cell 'mem_bd_i/axi_dma_0'
Finished Parsing XDC File [/home/mss464/minitpu/tpu/build/mem_system/mem_system.gen/sources_1/bd/mem_bd/ip/mem_bd_axi_dma_0_0/mem_bd_axi_dma_0_0/mem_bd_axi_dma_0_0_in_context.xdc] for cell 'mem_bd_i/axi_dma_0'
Parsing XDC File [/home/mss464/minitpu/tpu/build/mem_system/mem_system.gen/sources_1/bd/mem_bd/ip/mem_bd_mem_top_0_0/mem_bd_mem_top_0_0/mem_bd_mem_top_0_0_in_context.xdc] for cell 'mem_bd_i/mem_top_0'
Finished Parsing XDC File [/home/mss464/minitpu/tpu/build/mem_system/mem_system.gen/sources_1/bd/mem_bd/ip/mem_bd_mem_top_0_0/mem_bd_mem_top_0_0/mem_bd_mem_top_0_0_in_context.xdc] for cell 'mem_bd_i/mem_top_0'
Parsing XDC File [/home/mss464/minitpu/tpu/build/mem_system/mem_system.gen/sources_1/bd/mem_bd/ip/mem_bd_xbar_0/mem_bd_xbar_0/mem_bd_xbar_0_in_context.xdc] for cell 'mem_bd_i/axi_interconnect_0/xbar'
Finished Parsing XDC File [/home/mss464/minitpu/tpu/build/mem_system/mem_system.gen/sources_1/bd/mem_bd/ip/mem_bd_xbar_0/mem_bd_xbar_0/mem_bd_xbar_0_in_context.xdc] for cell 'mem_bd_i/axi_interconnect_0/xbar'
Parsing XDC File [/home/mss464/minitpu/tpu/build/mem_system/mem_system.gen/sources_1/bd/mem_bd/ip/mem_bd_auto_pc_0/mem_bd_auto_pc_0/mem_bd_auto_pc_0_in_context.xdc] for cell 'mem_bd_i/axi_interconnect_0/s00_couplers/auto_pc'
Finished Parsing XDC File [/home/mss464/minitpu/tpu/build/mem_system/mem_system.gen/sources_1/bd/mem_bd/ip/mem_bd_auto_pc_0/mem_bd_auto_pc_0/mem_bd_auto_pc_0_in_context.xdc] for cell 'mem_bd_i/axi_interconnect_0/s00_couplers/auto_pc'
Parsing XDC File [/home/mss464/minitpu/tpu/build/mem_system/mem_system.gen/sources_1/bd/mem_bd/ip/mem_bd_axi_smc_0/mem_bd_axi_smc_0/mem_bd_axi_smc_0_in_context.xdc] for cell 'mem_bd_i/axi_smc'
Finished Parsing XDC File [/home/mss464/minitpu/tpu/build/mem_system/mem_system.gen/sources_1/bd/mem_bd/ip/mem_bd_axi_smc_0/mem_bd_axi_smc_0/mem_bd_axi_smc_0_in_context.xdc] for cell 'mem_bd_i/axi_smc'
Parsing XDC File [/home/mss464/minitpu/tpu/build/mem_system/mem_system.gen/sources_1/bd/mem_bd/ip/mem_bd_axi_smc_full_0/mem_bd_axi_smc_full_0/mem_bd_axi_smc_full_0_in_context.xdc] for cell 'mem_bd_i/axi_smc_full'
Finished Parsing XDC File [/home/mss464/minitpu/tpu/build/mem_system/mem_system.gen/sources_1/bd/mem_bd/ip/mem_bd_axi_smc_full_0/mem_bd_axi_smc_full_0/mem_bd_axi_smc_full_0_in_context.xdc] for cell 'mem_bd_i/axi_smc_full'
Parsing XDC File [/home/mss464/minitpu/tpu/build/mem_system/mem_system.runs/synth_1/dont_touch.xdc]
Finished Parsing XDC File [/home/mss464/minitpu/tpu/build/mem_system/mem_system.runs/synth_1/dont_touch.xdc]
Completed Processing XDC Constraints

Netlist sorting complete. Time (s): cpu = 00:00:00 ; elapsed = 00:00:00 . Memory (MB): peak = 2941.035 ; gain = 0.000 ; free physical = 11493 ; free virtual = 160276
INFO: [Project 1-111] Unisim Transformation Summary:
No Unisim elements were transformed.

Constraint Validation Runtime : Time (s): cpu = 00:00:00 ; elapsed = 00:00:00 . Memory (MB): peak = 2941.070 ; gain = 0.000 ; free physical = 11492 ; free virtual = 160276
---------------------------------------------------------------------------------
Finished Constraint Validation : Time (s): cpu = 00:00:17 ; elapsed = 00:00:18 . Memory (MB): peak = 2941.070 ; gain = 446.633 ; free physical = 11506 ; free virtual = 160290
---------------------------------------------------------------------------------
---------------------------------------------------------------------------------
Start Loading Part and Timing Information
---------------------------------------------------------------------------------
Loading part: xczu3eg-sbva484-1-i
INFO: [Synth 8-6742] Reading net delay rules and data
---------------------------------------------------------------------------------
Finished Loading Part and Timing Information : Time (s): cpu = 00:00:17 ; elapsed = 00:00:18 . Memory (MB): peak = 2941.070 ; gain = 446.633 ; free physical = 11506 ; free virtual = 160290
---------------------------------------------------------------------------------
---------------------------------------------------------------------------------
Start Applying 'set_property' XDC Constraints
---------------------------------------------------------------------------------
Applied set_property KEEP_HIERARCHY = SOFT for mem_bd_i. (constraint file  auto generated constraint).
Applied set_property KEEP_HIERARCHY = SOFT for mem_bd_i/zynq_ps. (constraint file  auto generated constraint).
Applied set_property KEEP_HIERARCHY = SOFT for mem_bd_i/proc_sys_reset_0. (constraint file  auto generated constraint).
Applied set_property KEEP_HIERARCHY = SOFT for mem_bd_i/axi_dma_0. (constraint file  auto generated constraint).
Applied set_property KEEP_HIERARCHY = SOFT for mem_bd_i/mem_top_0. (constraint file  auto generated constraint).
Applied set_property KEEP_HIERARCHY = SOFT for mem_bd_i/axi_interconnect_0/xbar. (constraint file  auto generated constraint).
Applied set_property KEEP_HIERARCHY = SOFT for mem_bd_i/axi_interconnect_0/s00_couplers/auto_pc. (constraint file  auto generated constraint).
Applied set_property KEEP_HIERARCHY = SOFT for mem_bd_i/axi_interconnect_0. (constraint file  auto generated constraint).
Applied set_property KEEP_HIERARCHY = SOFT for mem_bd_i/axi_smc. (constraint file  auto generated constraint).
Applied set_property KEEP_HIERARCHY = SOFT for mem_bd_i/axi_smc_full. (constraint file  auto generated constraint).
---------------------------------------------------------------------------------
Finished applying 'set_property' XDC Constraints : Time (s): cpu = 00:00:17 ; elapsed = 00:00:18 . Memory (MB): peak = 2941.070 ; gain = 446.633 ; free physical = 11489 ; free virtual = 160273
---------------------------------------------------------------------------------
---------------------------------------------------------------------------------
Finished RTL Optimization Phase 2 : Time (s): cpu = 00:00:18 ; elapsed = 00:00:18 . Memory (MB): peak = 2941.070 ; gain = 446.633 ; free physical = 11502 ; free virtual = 160286
---------------------------------------------------------------------------------
---------------------------------------------------------------------------------
Start RTL Component Statistics 
---------------------------------------------------------------------------------
Detailed RTL Component Info : 
---------------------------------------------------------------------------------
Finished RTL Component Statistics 
---------------------------------------------------------------------------------
---------------------------------------------------------------------------------
Start Part Resource Summary
---------------------------------------------------------------------------------
Part Resources:
DSPs: 360 (col length:72)
BRAMs: 432 (col length: RAMB18 72 RAMB36 36)
---------------------------------------------------------------------------------
Finished Part Resource Summary
---------------------------------------------------------------------------------
---------------------------------------------------------------------------------
Start Cross Boundary and Area Optimization
---------------------------------------------------------------------------------
WARNING: [Synth 8-7080] Parallel synthesis criteria is not met
WARNING: [Synth 8-7129] Port M00_ACLK in module mem_bd_axi_interconnect_0_0 is either unconnected or has no load
WARNING: [Synth 8-7129] Port M00_ARESETN in module mem_bd_axi_interconnect_0_0 is either unconnected or has no load
WARNING: [Synth 8-7129] Port M01_ACLK in module mem_bd_axi_interconnect_0_0 is either unconnected or has no load
WARNING: [Synth 8-7129] Port M01_ARESETN in module mem_bd_axi_interconnect_0_0 is either unconnected or has no load
WARNING: [Synth 8-7129] Port S00_ACLK in module mem_bd_axi_interconnect_0_0 is either unconnected or has no load
WARNING: [Synth 8-7129] Port S00_ARESETN in module mem_bd_axi_interconnect_0_0 is either unconnected or has no load
---------------------------------------------------------------------------------
Finished Cross Boundary and Area Optimization : Time (s): cpu = 00:00:19 ; elapsed = 00:00:20 . Memory (MB): peak = 2941.070 ; gain = 446.633 ; free physical = 11495 ; free virtual = 160284
---------------------------------------------------------------------------------
---------------------------------------------------------------------------------
Start Applying XDC Timing Constraints
---------------------------------------------------------------------------------
---------------------------------------------------------------------------------
Finished Applying XDC Timing Constraints : Time (s): cpu = 00:00:27 ; elapsed = 00:00:28 . Memory (MB): peak = 3413.426 ; gain = 918.988 ; free physical = 11070 ; free virtual = 159859
---------------------------------------------------------------------------------
---------------------------------------------------------------------------------
Start Timing Optimization
---------------------------------------------------------------------------------
---------------------------------------------------------------------------------
Finished Timing Optimization : Time (s): cpu = 00:00:27 ; elapsed = 00:00:28 . Memory (MB): peak = 3413.426 ; gain = 918.988 ; free physical = 11070 ; free virtual = 159859
---------------------------------------------------------------------------------
---------------------------------------------------------------------------------
Start Technology Mapping
---------------------------------------------------------------------------------
---------------------------------------------------------------------------------
Finished Technology Mapping : Time (s): cpu = 00:00:28 ; elapsed = 00:00:28 . Memory (MB): peak = 3424.434 ; gain = 929.996 ; free physical = 11057 ; free virtual = 159847
---------------------------------------------------------------------------------
---------------------------------------------------------------------------------
Start IO Insertion
---------------------------------------------------------------------------------
---------------------------------------------------------------------------------
Start Flattening Before IO Insertion
---------------------------------------------------------------------------------
---------------------------------------------------------------------------------
Finished Flattening Before IO Insertion
---------------------------------------------------------------------------------
---------------------------------------------------------------------------------
Start Final Netlist Cleanup
---------------------------------------------------------------------------------
---------------------------------------------------------------------------------
Finished Final Netlist Cleanup
---------------------------------------------------------------------------------
---------------------------------------------------------------------------------
Finished IO Insertion : Time (s): cpu = 00:00:32 ; elapsed = 00:00:33 . Memory (MB): peak = 3438.309 ; gain = 943.871 ; free physical = 11036 ; free virtual = 159825
---------------------------------------------------------------------------------
---------------------------------------------------------------------------------
Start Renaming Generated Instances
---------------------------------------------------------------------------------
---------------------------------------------------------------------------------
Finished Renaming Generated Instances : Time (s): cpu = 00:00:32 ; elapsed = 00:00:33 . Memory (MB): peak = 3438.309 ; gain = 943.871 ; free physical = 11036 ; free virtual = 159825
---------------------------------------------------------------------------------
---------------------------------------------------------------------------------
Start Rebuilding User Hierarchy
---------------------------------------------------------------------------------
---------------------------------------------------------------------------------
Finished Rebuilding User Hierarchy : Time (s): cpu = 00:00:32 ; elapsed = 00:00:33 . Memory (MB): peak = 3438.309 ; gain = 943.871 ; free physical = 11036 ; free virtual = 159825
---------------------------------------------------------------------------------
---------------------------------------------------------------------------------
Start Renaming Generated Ports
---------------------------------------------------------------------------------
---------------------------------------------------------------------------------
Finished Renaming Generated Ports : Time (s): cpu = 00:00:32 ; elapsed = 00:00:33 . Memory (MB): peak = 3438.309 ; gain = 943.871 ; free physical = 11036 ; free virtual = 159825
---------------------------------------------------------------------------------
---------------------------------------------------------------------------------
Start Handling Custom Attributes
---------------------------------------------------------------------------------
---------------------------------------------------------------------------------
Finished Handling Custom Attributes : Time (s): cpu = 00:00:32 ; elapsed = 00:00:33 . Memory (MB): peak = 3438.309 ; gain = 943.871 ; free physical = 11036 ; free virtual = 159825
---------------------------------------------------------------------------------
---------------------------------------------------------------------------------
Start Renaming Generated Nets
---------------------------------------------------------------------------------
---------------------------------------------------------------------------------
Finished Renaming Generated Nets : Time (s): cpu = 00:00:32 ; elapsed = 00:00:33 . Memory (MB): peak = 3438.309 ; gain = 943.871 ; free physical = 11036 ; free virtual = 159825
---------------------------------------------------------------------------------
---------------------------------------------------------------------------------
Start Writing Synthesis Report
---------------------------------------------------------------------------------

Report BlackBoxes: 
+------+--------------------------+----------+
|      |BlackBox name             |Instances |
+------+--------------------------+----------+
|1     |mem_bd_xbar_0             |         1|
|2     |mem_bd_auto_pc_0          |         1|
|3     |mem_bd_axi_dma_0_0        |         1|
|4     |mem_bd_axi_smc_0          |         1|
|5     |mem_bd_axi_smc_full_0     |         1|
|6     |mem_bd_mem_top_0_0        |         1|
|7     |mem_bd_proc_sys_reset_0_0 |         1|
|8     |mem_bd_zynq_ps_0          |         1|
+------+--------------------------+----------+

Report Cell Usage: 
+------+------------------------+------+
|      |Cell                    |Count |
+------+------------------------+------+
|1     |mem_bd_auto_pc          |     1|
|2     |mem_bd_axi_dma_0        |     1|
|3     |mem_bd_axi_smc          |     1|
|4     |mem_bd_axi_smc_full     |     1|
|5     |mem_bd_mem_top_0        |     1|
|6     |mem_bd_proc_sys_reset_0 |     1|
|7     |mem_bd_xbar             |     1|
|8     |mem_bd_zynq_ps          |     1|
+------+------------------------+------+
---------------------------------------------------------------------------------
Finished Writing Synthesis Report : Time (s): cpu = 00:00:32 ; elapsed = 00:00:33 . Memory (MB): peak = 3438.309 ; gain = 943.871 ; free physical = 11036 ; free virtual = 159825
---------------------------------------------------------------------------------
Synthesis finished with 0 errors, 0 critical warnings and 7 warnings.
Synthesis Optimization Runtime : Time (s): cpu = 00:00:26 ; elapsed = 00:00:27 . Memory (MB): peak = 3438.309 ; gain = 873.867 ; free physical = 11036 ; free virtual = 159825
Synthesis Optimization Complete : Time (s): cpu = 00:00:32 ; elapsed = 00:00:33 . Memory (MB): peak = 3438.316 ; gain = 943.871 ; free physical = 11035 ; free virtual = 159824
INFO: [Project 1-571] Translating synthesized netlist
Netlist sorting complete. Time (s): cpu = 00:00:00.02 ; elapsed = 00:00:00.01 . Memory (MB): peak = 3438.316 ; gain = 0.000 ; free physical = 11325 ; free virtual = 160114
INFO: [Project 1-570] Preparing netlist for logic optimization
INFO: [Opt 31-138] Pushed 0 inverter(s) to 0 load pin(s).
Netlist sorting complete. Time (s): cpu = 00:00:00 ; elapsed = 00:00:00 . Memory (MB): peak = 3471.996 ; gain = 0.000 ; free physical = 11292 ; free virtual = 160082
INFO: [Project 1-111] Unisim Transformation Summary:
No Unisim elements were transformed.

Synth Design complete | Checksum: 71b34280
INFO: [Common 17-83] Releasing license: Synthesis
44 Infos, 52 Warnings, 0 Critical Warnings and 0 Errors encountered.
synth_design completed successfully
synth_design: Time (s): cpu = 00:00:41 ; elapsed = 00:00:39 . Memory (MB): peak = 3485.969 ; gain = 1877.266 ; free physical = 11274 ; free virtual = 160063
INFO: [Common 17-2834] synth_design peak Physical Memory [PSS] (MB): overall = 2723.940; main = 2445.972; forked = 350.424
INFO: [Common 17-2834] synth_design peak Virtual Memory [VSS] (MB): overall = 5037.688; main = 3485.938; forked = 1613.250
INFO: [Common 17-1381] The checkpoint '/home/mss464/minitpu/tpu/build/mem_system/mem_system.runs/synth_1/mem_bd_wrapper.dcp' has been generated.
INFO: [runtcl-4] Executing : report_utilization -file mem_bd_wrapper_utilization_synth.rpt -pb mem_bd_wrapper_utilization_synth.pb
INFO: [Common 17-206] Exiting Vivado at Mon Apr  6 12:36:44 2026...
[Mon Apr  6 12:36:54 2026] synth_1 finished
wait_on_runs: Time (s): cpu = 00:13:07 ; elapsed = 00:05:32 . Memory (MB): peak = 2366.543 ; gain = 0.000 ; free physical = 13622 ; free virtual = 162405
# set synth_status [get_property STATUS [get_runs synth_1]]
# puts "  Synthesis status: $synth_status"
  Synthesis status: synth_design Complete!
# if {$synth_status ne "synth_design Complete!"} {
#     puts "ERROR: Synthesis failed"
#     close_project
#     exit 1
# }
# puts "\n>>> Step 21: Running implementation..."

>>> Step 21: Running implementation...
# launch_runs impl_1 -jobs 4
[Mon Apr  6 12:36:58 2026] Launched impl_1...
Run output will be captured here: /home/mss464/minitpu/tpu/build/mem_system/mem_system.runs/impl_1/runme.log
# wait_on_run impl_1
[Mon Apr  6 12:36:58 2026] Waiting for impl_1 to finish...

*** Running vivado
    with args -log mem_bd_wrapper.vdi -applog -m64 -product Vivado -messageDb vivado.pb -mode batch -source mem_bd_wrapper.tcl -notrace


****** Vivado v2023.2 (64-bit)
  **** SW Build 4029153 on Fri Oct 13 20:13:54 MDT 2023
  **** IP Build 4028589 on Sat Oct 14 00:45:43 MDT 2023
  **** SharedData Build 4025554 on Tue Oct 10 17:18:54 MDT 2023
    ** Copyright 1986-2022 Xilinx, Inc. All Rights Reserved.
    ** Copyright 2022-2023 Advanced Micro Devices, Inc. All Rights Reserved.

source mem_bd_wrapper.tcl -notrace
create_project: Time (s): cpu = 00:00:07 ; elapsed = 00:00:07 . Memory (MB): peak = 1556.250 ; gain = 35.836 ; free physical = 13149 ; free virtual = 161932
INFO: [IP_Flow 19-234] Refreshing IP repositories
INFO: [IP_Flow 19-1700] Loaded user IP repository '/home/mss464/minitpu/tpu/ip_repo'.
INFO: [IP_Flow 19-2313] Loaded Vivado IP repository '/opt/xilinx/Vivado/2023.2/data/ip'.
Command: link_design -top mem_bd_wrapper -part xczu3eg-sbva484-1-i
Design is defaulting to srcset: sources_1
Design is defaulting to constrset: constrs_1
INFO: [Device 21-403] Loading part xczu3eg-sbva484-1-i
INFO: [Project 1-454] Reading design checkpoint '/home/mss464/minitpu/tpu/build/mem_system/mem_system.gen/sources_1/bd/mem_bd/ip/mem_bd_axi_dma_0_0/mem_bd_axi_dma_0_0.dcp' for cell 'mem_bd_i/axi_dma_0'
INFO: [Project 1-454] Reading design checkpoint '/home/mss464/minitpu/tpu/build/mem_system/mem_system.gen/sources_1/bd/mem_bd/ip/mem_bd_axi_smc_0/mem_bd_axi_smc_0.dcp' for cell 'mem_bd_i/axi_smc'
INFO: [Project 1-454] Reading design checkpoint '/home/mss464/minitpu/tpu/build/mem_system/mem_system.gen/sources_1/bd/mem_bd/ip/mem_bd_axi_smc_full_0/mem_bd_axi_smc_full_0.dcp' for cell 'mem_bd_i/axi_smc_full'
INFO: [Project 1-454] Reading design checkpoint '/home/mss464/minitpu/tpu/build/mem_system/mem_system.gen/sources_1/bd/mem_bd/ip/mem_bd_mem_top_0_0/mem_bd_mem_top_0_0.dcp' for cell 'mem_bd_i/mem_top_0'
INFO: [Project 1-454] Reading design checkpoint '/home/mss464/minitpu/tpu/build/mem_system/mem_system.gen/sources_1/bd/mem_bd/ip/mem_bd_proc_sys_reset_0_0/mem_bd_proc_sys_reset_0_0.dcp' for cell 'mem_bd_i/proc_sys_reset_0'
INFO: [Project 1-454] Reading design checkpoint '/home/mss464/minitpu/tpu/build/mem_system/mem_system.gen/sources_1/bd/mem_bd/ip/mem_bd_zynq_ps_0/mem_bd_zynq_ps_0.dcp' for cell 'mem_bd_i/zynq_ps'
INFO: [Project 1-454] Reading design checkpoint '/home/mss464/minitpu/tpu/build/mem_system/mem_system.gen/sources_1/bd/mem_bd/ip/mem_bd_xbar_0/mem_bd_xbar_0.dcp' for cell 'mem_bd_i/axi_interconnect_0/xbar'
INFO: [Project 1-454] Reading design checkpoint '/home/mss464/minitpu/tpu/build/mem_system/mem_system.gen/sources_1/bd/mem_bd/ip/mem_bd_auto_pc_0/mem_bd_auto_pc_0.dcp' for cell 'mem_bd_i/axi_interconnect_0/s00_couplers/auto_pc'
Netlist sorting complete. Time (s): cpu = 00:00:00.6 ; elapsed = 00:00:00.6 . Memory (MB): peak = 2505.930 ; gain = 0.000 ; free physical = 12185 ; free virtual = 160972
INFO: [Netlist 29-17] Analyzing 323 Unisim elements for replacement
INFO: [Netlist 29-28] Unisim Transformation completed in 0 CPU seconds
INFO: [Project 1-479] Netlist was created with Vivado 2023.2
INFO: [Project 1-570] Preparing netlist for logic optimization
Parsing XDC File [/home/mss464/minitpu/tpu/build/mem_system/mem_system.gen/sources_1/bd/mem_bd/ip/mem_bd_axi_smc_0/bd_0/ip/ip_22/bd_47d6_m00rn_0_clocks.xdc] for cell 'mem_bd_i/axi_smc/inst/m00_nodes/m00_r_node/inst'
WARNING: [Vivado_Tcl 4-921] Waiver ID 'CDC-1' -to list should not be empty. [/home/mss464/minitpu/tpu/build/mem_system/mem_system.gen/sources_1/bd/mem_bd/ip/mem_bd_axi_smc_0/bd_0/ip/ip_22/bd_47d6_m00rn_0_clocks.xdc:49]
WARNING: [Vivado_Tcl 4-921] Waiver ID 'CDC-1' -to list should not be empty. [/home/mss464/minitpu/tpu/build/mem_system/mem_system.gen/sources_1/bd/mem_bd/ip/mem_bd_axi_smc_0/bd_0/ip/ip_22/bd_47d6_m00rn_0_clocks.xdc:52]
WARNING: [Vivado_Tcl 4-921] Waiver ID 'CDC-1' -to list should not be empty. [/home/mss464/minitpu/tpu/build/mem_system/mem_system.gen/sources_1/bd/mem_bd/ip/mem_bd_axi_smc_0/bd_0/ip/ip_22/bd_47d6_m00rn_0_clocks.xdc:55]
WARNING: [Vivado_Tcl 4-921] Waiver ID 'CDC-1' -to list should not be empty. [/home/mss464/minitpu/tpu/build/mem_system/mem_system.gen/sources_1/bd/mem_bd/ip/mem_bd_axi_smc_0/bd_0/ip/ip_22/bd_47d6_m00rn_0_clocks.xdc:59]
WARNING: [Vivado_Tcl 4-921] Waiver ID 'CDC-1' -to list should not be empty. [/home/mss464/minitpu/tpu/build/mem_system/mem_system.gen/sources_1/bd/mem_bd/ip/mem_bd_axi_smc_0/bd_0/ip/ip_22/bd_47d6_m00rn_0_clocks.xdc:63]
WARNING: [Vivado_Tcl 4-921] Waiver ID 'CDC-1' -to list should not be empty. [/home/mss464/minitpu/tpu/build/mem_system/mem_system.gen/sources_1/bd/mem_bd/ip/mem_bd_axi_smc_0/bd_0/ip/ip_22/bd_47d6_m00rn_0_clocks.xdc:66]
WARNING: [Vivado_Tcl 4-921] Waiver ID 'CDC-1' -to list should not be empty. [/home/mss464/minitpu/tpu/build/mem_system/mem_system.gen/sources_1/bd/mem_bd/ip/mem_bd_axi_smc_0/bd_0/ip/ip_22/bd_47d6_m00rn_0_clocks.xdc:70]
WARNING: [Vivado_Tcl 4-921] Waiver ID 'CDC-1' -to list should not be empty. [/home/mss464/minitpu/tpu/build/mem_system/mem_system.gen/sources_1/bd/mem_bd/ip/mem_bd_axi_smc_0/bd_0/ip/ip_22/bd_47d6_m00rn_0_clocks.xdc:73]
WARNING: [Vivado_Tcl 4-921] Waiver ID 'CDC-1' -to list should not be empty. [/home/mss464/minitpu/tpu/build/mem_system/mem_system.gen/sources_1/bd/mem_bd/ip/mem_bd_axi_smc_0/bd_0/ip/ip_22/bd_47d6_m00rn_0_clocks.xdc:76]
WARNING: [Vivado_Tcl 4-921] Waiver ID 'CDC-1' -to list should not be empty. [/home/mss464/minitpu/tpu/build/mem_system/mem_system.gen/sources_1/bd/mem_bd/ip/mem_bd_axi_smc_0/bd_0/ip/ip_22/bd_47d6_m00rn_0_clocks.xdc:79]
WARNING: [Vivado_Tcl 4-921] Waiver ID 'CDC-4' -to list should not be empty. [/home/mss464/minitpu/tpu/build/mem_system/mem_system.gen/sources_1/bd/mem_bd/ip/mem_bd_axi_smc_0/bd_0/ip/ip_22/bd_47d6_m00rn_0_clocks.xdc:85]
WARNING: [Vivado_Tcl 4-921] Waiver ID 'CDC-4' -to list should not be empty. [/home/mss464/minitpu/tpu/build/mem_system/mem_system.gen/sources_1/bd/mem_bd/ip/mem_bd_axi_smc_0/bd_0/ip/ip_22/bd_47d6_m00rn_0_clocks.xdc:88]
WARNING: [Vivado_Tcl 4-921] Waiver ID 'CDC-2' -to list should not be empty. [/home/mss464/minitpu/tpu/build/mem_system/mem_system.gen/sources_1/bd/mem_bd/ip/mem_bd_axi_smc_0/bd_0/ip/ip_22/bd_47d6_m00rn_0_clocks.xdc:91]
WARNING: [Vivado_Tcl 4-921] Waiver ID 'CDC-2' -to list should not be empty. [/home/mss464/minitpu/tpu/build/mem_system/mem_system.gen/sources_1/bd/mem_bd/ip/mem_bd_axi_smc_0/bd_0/ip/ip_22/bd_47d6_m00rn_0_clocks.xdc:94]
WARNING: [Vivado_Tcl 4-921] Waiver ID 'CDC-2' -to list should not be empty. [/home/mss464/minitpu/tpu/build/mem_system/mem_system.gen/sources_1/bd/mem_bd/ip/mem_bd_axi_smc_0/bd_0/ip/ip_22/bd_47d6_m00rn_0_clocks.xdc:97]
WARNING: [Vivado_Tcl 4-921] Waiver ID 'CDC-2' -to list should not be empty. [/home/mss464/minitpu/tpu/build/mem_system/mem_system.gen/sources_1/bd/mem_bd/ip/mem_bd_axi_smc_0/bd_0/ip/ip_22/bd_47d6_m00rn_0_clocks.xdc:100]
WARNING: [Vivado_Tcl 4-921] Waiver ID 'CDC-1' -to list should not be empty. [/home/mss464/minitpu/tpu/build/mem_system/mem_system.gen/sources_1/bd/mem_bd/ip/mem_bd_axi_smc_0/bd_0/ip/ip_22/bd_47d6_m00rn_0_clocks.xdc:104]
WARNING: [Vivado_Tcl 4-921] Waiver ID 'CDC-10' -to list should not be empty. [/home/mss464/minitpu/tpu/build/mem_system/mem_system.gen/sources_1/bd/mem_bd/ip/mem_bd_axi_smc_0/bd_0/ip/ip_22/bd_47d6_m00rn_0_clocks.xdc:107]
WARNING: [Vivado_Tcl 4-921] Waiver ID 'CDC-10' -to list should not be empty. [/home/mss464/minitpu/tpu/build/mem_system/mem_system.gen/sources_1/bd/mem_bd/ip/mem_bd_axi_smc_0/bd_0/ip/ip_22/bd_47d6_m00rn_0_clocks.xdc:110]
WARNING: [Vivado_Tcl 4-921] Waiver ID 'CDC-1' -to list should not be empty. [/home/mss464/minitpu/tpu/build/mem_system/mem_system.gen/sources_1/bd/mem_bd/ip/mem_bd_axi_smc_0/bd_0/ip/ip_22/bd_47d6_m00rn_0_clocks.xdc:113]
WARNING: [Vivado_Tcl 4-921] Waiver ID 'CDC-1' -to list should not be empty. [/home/mss464/minitpu/tpu/build/mem_system/mem_system.gen/sources_1/bd/mem_bd/ip/mem_bd_axi_smc_0/bd_0/ip/ip_22/bd_47d6_m00rn_0_clocks.xdc:116]
WARNING: [Vivado_Tcl 4-921] Waiver ID 'CDC-1' -to list should not be empty. [/home/mss464/minitpu/tpu/build/mem_system/mem_system.gen/sources_1/bd/mem_bd/ip/mem_bd_axi_smc_0/bd_0/ip/ip_22/bd_47d6_m00rn_0_clocks.xdc:119]
WARNING: [Vivado_Tcl 4-921] Waiver ID 'CDC-13' -to list should not be empty. [/home/mss464/minitpu/tpu/build/mem_system/mem_system.gen/sources_1/bd/mem_bd/ip/mem_bd_axi_smc_0/bd_0/ip/ip_22/bd_47d6_m00rn_0_clocks.xdc:122]
WARNING: [Vivado_Tcl 4-921] Waiver ID 'CDC-1' -to list should not be empty. [/home/mss464/minitpu/tpu/build/mem_system/mem_system.gen/sources_1/bd/mem_bd/ip/mem_bd_axi_smc_0/bd_0/ip/ip_22/bd_47d6_m00rn_0_clocks.xdc:125]
WARNING: [Vivado_Tcl 4-921] Waiver ID 'CDC-1' -to list should not be empty. [/home/mss464/minitpu/tpu/build/mem_system/mem_system.gen/sources_1/bd/mem_bd/ip/mem_bd_axi_smc_0/bd_0/ip/ip_22/bd_47d6_m00rn_0_clocks.xdc:128]
WARNING: [Vivado_Tcl 4-921] Waiver ID 'CDC-13' -to list should not be empty. [/home/mss464/minitpu/tpu/build/mem_system/mem_system.gen/sources_1/bd/mem_bd/ip/mem_bd_axi_smc_0/bd_0/ip/ip_22/bd_47d6_m00rn_0_clocks.xdc:131]
WARNING: [Vivado_Tcl 4-921] Waiver ID 'CDC-1' -to list should not be empty. [/home/mss464/minitpu/tpu/build/mem_system/mem_system.gen/sources_1/bd/mem_bd/ip/mem_bd_axi_smc_0/bd_0/ip/ip_22/bd_47d6_m00rn_0_clocks.xdc:134]
WARNING: [Vivado_Tcl 4-921] Waiver ID 'CDC-10' -to list should not be empty. [/home/mss464/minitpu/tpu/build/mem_system/mem_system.gen/sources_1/bd/mem_bd/ip/mem_bd_axi_smc_0/bd_0/ip/ip_22/bd_47d6_m00rn_0_clocks.xdc:137]
WARNING: [Vivado_Tcl 4-921] Waiver ID 'CDC-1' -to list should not be empty. [/home/mss464/minitpu/tpu/build/mem_system/mem_system.gen/sources_1/bd/mem_bd/ip/mem_bd_axi_smc_0/bd_0/ip/ip_22/bd_47d6_m00rn_0_clocks.xdc:140]
WARNING: [Vivado_Tcl 4-921] Waiver ID 'CDC-1' -to list should not be empty. [/home/mss464/minitpu/tpu/build/mem_system/mem_system.gen/sources_1/bd/mem_bd/ip/mem_bd_axi_smc_0/bd_0/ip/ip_22/bd_47d6_m00rn_0_clocks.xdc:143]
WARNING: [Vivado_Tcl 4-921] Waiver ID 'CDC-1' -to list should not be empty. [/home/mss464/minitpu/tpu/build/mem_system/mem_system.gen/sources_1/bd/mem_bd/ip/mem_bd_axi_smc_0/bd_0/ip/ip_22/bd_47d6_m00rn_0_clocks.xdc:146]
WARNING: [Vivado_Tcl 4-921] Waiver ID 'CDC-2' -to list should not be empty. [/home/mss464/minitpu/tpu/build/mem_system/mem_system.gen/sources_1/bd/mem_bd/ip/mem_bd_axi_smc_0/bd_0/ip/ip_22/bd_47d6_m00rn_0_clocks.xdc:149]
WARNING: [Vivado_Tcl 4-921] Waiver ID 'CDC-1' -to list should not be empty. [/home/mss464/minitpu/tpu/build/mem_system/mem_system.gen/sources_1/bd/mem_bd/ip/mem_bd_axi_smc_0/bd_0/ip/ip_22/bd_47d6_m00rn_0_clocks.xdc:152]
WARNING: [Vivado_Tcl 4-921] Waiver ID 'CDC-1' -to list should not be empty. [/home/mss464/minitpu/tpu/build/mem_system/mem_system.gen/sources_1/bd/mem_bd/ip/mem_bd_axi_smc_0/bd_0/ip/ip_22/bd_47d6_m00rn_0_clocks.xdc:155]
WARNING: [Vivado_Tcl 4-921] Waiver ID 'CDC-10' -to list should not be empty. [/home/mss464/minitpu/tpu/build/mem_system/mem_system.gen/sources_1/bd/mem_bd/ip/mem_bd_axi_smc_0/bd_0/ip/ip_22/bd_47d6_m00rn_0_clocks.xdc:161]
WARNING: [Vivado_Tcl 4-921] Waiver ID 'CDC-4' -to list should not be empty. [/home/mss464/minitpu/tpu/build/mem_system/mem_system.gen/sources_1/bd/mem_bd/ip/mem_bd_axi_smc_0/bd_0/ip/ip_22/bd_47d6_m00rn_0_clocks.xdc:164]
WARNING: [Vivado_Tcl 4-921] Waiver ID 'CDC-4' -to list should not be empty. [/home/mss464/minitpu/tpu/build/mem_system/mem_system.gen/sources_1/bd/mem_bd/ip/mem_bd_axi_smc_0/bd_0/ip/ip_22/bd_47d6_m00rn_0_clocks.xdc:167]
WARNING: [Vivado_Tcl 4-921] Waiver ID 'CDC-4' -to list should not be empty. [/home/mss464/minitpu/tpu/build/mem_system/mem_system.gen/sources_1/bd/mem_bd/ip/mem_bd_axi_smc_0/bd_0/ip/ip_22/bd_47d6_m00rn_0_clocks.xdc:171]
WARNING: [Vivado_Tcl 4-921] Waiver ID 'CDC-4' -to list should not be empty. [/home/mss464/minitpu/tpu/build/mem_system/mem_system.gen/sources_1/bd/mem_bd/ip/mem_bd_axi_smc_0/bd_0/ip/ip_22/bd_47d6_m00rn_0_clocks.xdc:174]
WARNING: [Vivado_Tcl 4-921] Waiver ID 'CDC-1' -to list should not be empty. [/home/mss464/minitpu/tpu/build/mem_system/mem_system.gen/sources_1/bd/mem_bd/ip/mem_bd_axi_smc_0/bd_0/ip/ip_22/bd_47d6_m00rn_0_clocks.xdc:178]
Finished Parsing XDC File [/home/mss464/minitpu/tpu/build/mem_system/mem_system.gen/sources_1/bd/mem_bd/ip/mem_bd_axi_smc_0/bd_0/ip/ip_22/bd_47d6_m00rn_0_clocks.xdc] for cell 'mem_bd_i/axi_smc/inst/m00_nodes/m00_r_node/inst'
Parsing XDC File [/home/mss464/minitpu/tpu/build/mem_system/mem_system.gen/sources_1/bd/mem_bd/ip/mem_bd_axi_smc_full_0/smartconnect.xdc] for cell 'mem_bd_i/axi_smc_full/inst'
WARNING: [Vivado_Tcl 4-919] Waiver ID 'CDC-1' -from list should not be empty. [/home/mss464/minitpu/tpu/build/mem_system/mem_system.gen/sources_1/bd/mem_bd/ip/mem_bd_axi_smc_full_0/smartconnect.xdc:1]
WARNING: [Vivado_Tcl 4-921] Waiver ID 'CDC-1' -to list should not be empty. [/home/mss464/minitpu/tpu/build/mem_system/mem_system.gen/sources_1/bd/mem_bd/ip/mem_bd_axi_smc_full_0/smartconnect.xdc:2]
WARNING: [Vivado_Tcl 4-921] Waiver ID 'CDC-1' -to list should not be empty. [/home/mss464/minitpu/tpu/build/mem_system/mem_system.gen/sources_1/bd/mem_bd/ip/mem_bd_axi_smc_full_0/smartconnect.xdc:3]
WARNING: [Vivado_Tcl 4-921] Waiver ID 'CDC-1' -to list should not be empty. [/home/mss464/minitpu/tpu/build/mem_system/mem_system.gen/sources_1/bd/mem_bd/ip/mem_bd_axi_smc_full_0/smartconnect.xdc:4]
WARNING: [Vivado_Tcl 4-921] Waiver ID 'CDC-1' -to list should not be empty. [/home/mss464/minitpu/tpu/build/mem_system/mem_system.gen/sources_1/bd/mem_bd/ip/mem_bd_axi_smc_full_0/smartconnect.xdc:5]
WARNING: [Vivado_Tcl 4-921] Waiver ID 'CDC-1' -to list should not be empty. [/home/mss464/minitpu/tpu/build/mem_system/mem_system.gen/sources_1/bd/mem_bd/ip/mem_bd_axi_smc_full_0/smartconnect.xdc:6]
WARNING: [Vivado_Tcl 4-921] Waiver ID 'CDC-1' -to list should not be empty. [/home/mss464/minitpu/tpu/build/mem_system/mem_system.gen/sources_1/bd/mem_bd/ip/mem_bd_axi_smc_full_0/smartconnect.xdc:7]
WARNING: [Vivado_Tcl 4-921] Waiver ID 'CDC-1' -to list should not be empty. [/home/mss464/minitpu/tpu/build/mem_system/mem_system.gen/sources_1/bd/mem_bd/ip/mem_bd_axi_smc_full_0/smartconnect.xdc:8]
WARNING: [Vivado_Tcl 4-921] Waiver ID 'CDC-1' -to list should not be empty. [/home/mss464/minitpu/tpu/build/mem_system/mem_system.gen/sources_1/bd/mem_bd/ip/mem_bd_axi_smc_full_0/smartconnect.xdc:9]
WARNING: [Vivado_Tcl 4-921] Waiver ID 'CDC-1' -to list should not be empty. [/home/mss464/minitpu/tpu/build/mem_system/mem_system.gen/sources_1/bd/mem_bd/ip/mem_bd_axi_smc_full_0/smartconnect.xdc:10]
Finished Parsing XDC File [/home/mss464/minitpu/tpu/build/mem_system/mem_system.gen/sources_1/bd/mem_bd/ip/mem_bd_axi_smc_full_0/smartconnect.xdc] for cell 'mem_bd_i/axi_smc_full/inst'
Parsing XDC File [/home/mss464/minitpu/tpu/build/mem_system/mem_system.gen/sources_1/bd/mem_bd/ip/mem_bd_axi_smc_full_0/bd_0/ip/ip_10/bd_3238_sbn_0_clocks.xdc] for cell 'mem_bd_i/axi_smc_full/inst/s00_nodes/s00_b_node/inst'
WARNING: [Vivado_Tcl 4-921] Waiver ID 'CDC-1' -to list should not be empty. [/home/mss464/minitpu/tpu/build/mem_system/mem_system.gen/sources_1/bd/mem_bd/ip/mem_bd_axi_smc_full_0/bd_0/ip/ip_10/bd_3238_sbn_0_clocks.xdc:49]
WARNING: [Vivado_Tcl 4-921] Waiver ID 'CDC-1' -to list should not be empty. [/home/mss464/minitpu/tpu/build/mem_system/mem_system.gen/sources_1/bd/mem_bd/ip/mem_bd_axi_smc_full_0/bd_0/ip/ip_10/bd_3238_sbn_0_clocks.xdc:52]
WARNING: [Vivado_Tcl 4-921] Waiver ID 'CDC-1' -to list should not be empty. [/home/mss464/minitpu/tpu/build/mem_system/mem_system.gen/sources_1/bd/mem_bd/ip/mem_bd_axi_smc_full_0/bd_0/ip/ip_10/bd_3238_sbn_0_clocks.xdc:55]
WARNING: [Vivado_Tcl 4-921] Waiver ID 'CDC-1' -to list should not be empty. [/home/mss464/minitpu/tpu/build/mem_system/mem_system.gen/sources_1/bd/mem_bd/ip/mem_bd_axi_smc_full_0/bd_0/ip/ip_10/bd_3238_sbn_0_clocks.xdc:59]
WARNING: [Vivado_Tcl 4-921] Waiver ID 'CDC-1' -to list should not be empty. [/home/mss464/minitpu/tpu/build/mem_system/mem_system.gen/sources_1/bd/mem_bd/ip/mem_bd_axi_smc_full_0/bd_0/ip/ip_10/bd_3238_sbn_0_clocks.xdc:63]
WARNING: [Vivado_Tcl 4-921] Waiver ID 'CDC-1' -to list should not be empty. [/home/mss464/minitpu/tpu/build/mem_system/mem_system.gen/sources_1/bd/mem_bd/ip/mem_bd_axi_smc_full_0/bd_0/ip/ip_10/bd_3238_sbn_0_clocks.xdc:66]
WARNING: [Vivado_Tcl 4-921] Waiver ID 'CDC-1' -to list should not be empty. [/home/mss464/minitpu/tpu/build/mem_system/mem_system.gen/sources_1/bd/mem_bd/ip/mem_bd_axi_smc_full_0/bd_0/ip/ip_10/bd_3238_sbn_0_clocks.xdc:70]
WARNING: [Vivado_Tcl 4-921] Waiver ID 'CDC-1' -to list should not be empty. [/home/mss464/minitpu/tpu/build/mem_system/mem_system.gen/sources_1/bd/mem_bd/ip/mem_bd_axi_smc_full_0/bd_0/ip/ip_10/bd_3238_sbn_0_clocks.xdc:73]
WARNING: [Vivado_Tcl 4-921] Waiver ID 'CDC-1' -to list should not be empty. [/home/mss464/minitpu/tpu/build/mem_system/mem_system.gen/sources_1/bd/mem_bd/ip/mem_bd_axi_smc_full_0/bd_0/ip/ip_10/bd_3238_sbn_0_clocks.xdc:76]
WARNING: [Vivado_Tcl 4-921] Waiver ID 'CDC-1' -to list should not be empty. [/home/mss464/minitpu/tpu/build/mem_system/mem_system.gen/sources_1/bd/mem_bd/ip/mem_bd_axi_smc_full_0/bd_0/ip/ip_10/bd_3238_sbn_0_clocks.xdc:79]
WARNING: [Vivado_Tcl 4-921] Waiver ID 'CDC-1' -to list should not be empty. [/home/mss464/minitpu/tpu/build/mem_system/mem_system.gen/sources_1/bd/mem_bd/ip/mem_bd_axi_smc_full_0/bd_0/ip/ip_10/bd_3238_sbn_0_clocks.xdc:82]
WARNING: [Vivado_Tcl 4-921] Waiver ID 'CDC-4' -to list should not be empty. [/home/mss464/minitpu/tpu/build/mem_system/mem_system.gen/sources_1/bd/mem_bd/ip/mem_bd_axi_smc_full_0/bd_0/ip/ip_10/bd_3238_sbn_0_clocks.xdc:85]
WARNING: [Vivado_Tcl 4-921] Waiver ID 'CDC-4' -to list should not be empty. [/home/mss464/minitpu/tpu/build/mem_system/mem_system.gen/sources_1/bd/mem_bd/ip/mem_bd_axi_smc_full_0/bd_0/ip/ip_10/bd_3238_sbn_0_clocks.xdc:88]
WARNING: [Vivado_Tcl 4-921] Waiver ID 'CDC-2' -to list should not be empty. [/home/mss464/minitpu/tpu/build/mem_system/mem_system.gen/sources_1/bd/mem_bd/ip/mem_bd_axi_smc_full_0/bd_0/ip/ip_10/bd_3238_sbn_0_clocks.xdc:91]
WARNING: [Vivado_Tcl 4-921] Waiver ID 'CDC-2' -to list should not be empty. [/home/mss464/minitpu/tpu/build/mem_system/mem_system.gen/sources_1/bd/mem_bd/ip/mem_bd_axi_smc_full_0/bd_0/ip/ip_10/bd_3238_sbn_0_clocks.xdc:94]
WARNING: [Vivado_Tcl 4-921] Waiver ID 'CDC-2' -to list should not be empty. [/home/mss464/minitpu/tpu/build/mem_system/mem_system.gen/sources_1/bd/mem_bd/ip/mem_bd_axi_smc_full_0/bd_0/ip/ip_10/bd_3238_sbn_0_clocks.xdc:97]
WARNING: [Vivado_Tcl 4-921] Waiver ID 'CDC-2' -to list should not be empty. [/home/mss464/minitpu/tpu/build/mem_system/mem_system.gen/sources_1/bd/mem_bd/ip/mem_bd_axi_smc_full_0/bd_0/ip/ip_10/bd_3238_sbn_0_clocks.xdc:100]
WARNING: [Vivado_Tcl 4-921] Waiver ID 'CDC-1' -to list should not be empty. [/home/mss464/minitpu/tpu/build/mem_system/mem_system.gen/sources_1/bd/mem_bd/ip/mem_bd_axi_smc_full_0/bd_0/ip/ip_10/bd_3238_sbn_0_clocks.xdc:104]
WARNING: [Vivado_Tcl 4-921] Waiver ID 'CDC-10' -to list should not be empty. [/home/mss464/minitpu/tpu/build/mem_system/mem_system.gen/sources_1/bd/mem_bd/ip/mem_bd_axi_smc_full_0/bd_0/ip/ip_10/bd_3238_sbn_0_clocks.xdc:107]
WARNING: [Vivado_Tcl 4-921] Waiver ID 'CDC-10' -to list should not be empty. [/home/mss464/minitpu/tpu/build/mem_system/mem_system.gen/sources_1/bd/mem_bd/ip/mem_bd_axi_smc_full_0/bd_0/ip/ip_10/bd_3238_sbn_0_clocks.xdc:110]
WARNING: [Vivado_Tcl 4-921] Waiver ID 'CDC-1' -to list should not be empty. [/home/mss464/minitpu/tpu/build/mem_system/mem_system.gen/sources_1/bd/mem_bd/ip/mem_bd_axi_smc_full_0/bd_0/ip/ip_10/bd_3238_sbn_0_clocks.xdc:113]
WARNING: [Vivado_Tcl 4-921] Waiver ID 'CDC-1' -to list should not be empty. [/home/mss464/minitpu/tpu/build/mem_system/mem_system.gen/sources_1/bd/mem_bd/ip/mem_bd_axi_smc_full_0/bd_0/ip/ip_10/bd_3238_sbn_0_clocks.xdc:116]
WARNING: [Vivado_Tcl 4-921] Waiver ID 'CDC-1' -to list should not be empty. [/home/mss464/minitpu/tpu/build/mem_system/mem_system.gen/sources_1/bd/mem_bd/ip/mem_bd_axi_smc_full_0/bd_0/ip/ip_10/bd_3238_sbn_0_clocks.xdc:119]
WARNING: [Vivado_Tcl 4-921] Waiver ID 'CDC-13' -to list should not be empty. [/home/mss464/minitpu/tpu/build/mem_system/mem_system.gen/sources_1/bd/mem_bd/ip/mem_bd_axi_smc_full_0/bd_0/ip/ip_10/bd_3238_sbn_0_clocks.xdc:122]
WARNING: [Vivado_Tcl 4-921] Waiver ID 'CDC-1' -to list should not be empty. [/home/mss464/minitpu/tpu/build/mem_system/mem_system.gen/sources_1/bd/mem_bd/ip/mem_bd_axi_smc_full_0/bd_0/ip/ip_10/bd_3238_sbn_0_clocks.xdc:125]
WARNING: [Vivado_Tcl 4-921] Waiver ID 'CDC-1' -to list should not be empty. [/home/mss464/minitpu/tpu/build/mem_system/mem_system.gen/sources_1/bd/mem_bd/ip/mem_bd_axi_smc_full_0/bd_0/ip/ip_10/bd_3238_sbn_0_clocks.xdc:128]
WARNING: [Vivado_Tcl 4-921] Waiver ID 'CDC-13' -to list should not be empty. [/home/mss464/minitpu/tpu/build/mem_system/mem_system.gen/sources_1/bd/mem_bd/ip/mem_bd_axi_smc_full_0/bd_0/ip/ip_10/bd_3238_sbn_0_clocks.xdc:131]
WARNING: [Vivado_Tcl 4-921] Waiver ID 'CDC-1' -to list should not be empty. [/home/mss464/minitpu/tpu/build/mem_system/mem_system.gen/sources_1/bd/mem_bd/ip/mem_bd_axi_smc_full_0/bd_0/ip/ip_10/bd_3238_sbn_0_clocks.xdc:134]
WARNING: [Vivado_Tcl 4-921] Waiver ID 'CDC-10' -to list should not be empty. [/home/mss464/minitpu/tpu/build/mem_system/mem_system.gen/sources_1/bd/mem_bd/ip/mem_bd_axi_smc_full_0/bd_0/ip/ip_10/bd_3238_sbn_0_clocks.xdc:137]
WARNING: [Vivado_Tcl 4-921] Waiver ID 'CDC-1' -to list should not be empty. [/home/mss464/minitpu/tpu/build/mem_system/mem_system.gen/sources_1/bd/mem_bd/ip/mem_bd_axi_smc_full_0/bd_0/ip/ip_10/bd_3238_sbn_0_clocks.xdc:140]
WARNING: [Vivado_Tcl 4-921] Waiver ID 'CDC-1' -to list should not be empty. [/home/mss464/minitpu/tpu/build/mem_system/mem_system.gen/sources_1/bd/mem_bd/ip/mem_bd_axi_smc_full_0/bd_0/ip/ip_10/bd_3238_sbn_0_clocks.xdc:143]
WARNING: [Vivado_Tcl 4-921] Waiver ID 'CDC-1' -to list should not be empty. [/home/mss464/minitpu/tpu/build/mem_system/mem_system.gen/sources_1/bd/mem_bd/ip/mem_bd_axi_smc_full_0/bd_0/ip/ip_10/bd_3238_sbn_0_clocks.xdc:146]
WARNING: [Vivado_Tcl 4-921] Waiver ID 'CDC-2' -to list should not be empty. [/home/mss464/minitpu/tpu/build/mem_system/mem_system.gen/sources_1/bd/mem_bd/ip/mem_bd_axi_smc_full_0/bd_0/ip/ip_10/bd_3238_sbn_0_clocks.xdc:149]
WARNING: [Vivado_Tcl 4-921] Waiver ID 'CDC-1' -to list should not be empty. [/home/mss464/minitpu/tpu/build/mem_system/mem_system.gen/sources_1/bd/mem_bd/ip/mem_bd_axi_smc_full_0/bd_0/ip/ip_10/bd_3238_sbn_0_clocks.xdc:152]
WARNING: [Vivado_Tcl 4-921] Waiver ID 'CDC-1' -to list should not be empty. [/home/mss464/minitpu/tpu/build/mem_system/mem_system.gen/sources_1/bd/mem_bd/ip/mem_bd_axi_smc_full_0/bd_0/ip/ip_10/bd_3238_sbn_0_clocks.xdc:155]
WARNING: [Vivado_Tcl 4-921] Waiver ID 'CDC-1' -to list should not be empty. [/home/mss464/minitpu/tpu/build/mem_system/mem_system.gen/sources_1/bd/mem_bd/ip/mem_bd_axi_smc_full_0/bd_0/ip/ip_10/bd_3238_sbn_0_clocks.xdc:158]
WARNING: [Vivado_Tcl 4-921] Waiver ID 'CDC-10' -to list should not be empty. [/home/mss464/minitpu/tpu/build/mem_system/mem_system.gen/sources_1/bd/mem_bd/ip/mem_bd_axi_smc_full_0/bd_0/ip/ip_10/bd_3238_sbn_0_clocks.xdc:161]
WARNING: [Vivado_Tcl 4-921] Waiver ID 'CDC-4' -to list should not be empty. [/home/mss464/minitpu/tpu/build/mem_system/mem_system.gen/sources_1/bd/mem_bd/ip/mem_bd_axi_smc_full_0/bd_0/ip/ip_10/bd_3238_sbn_0_clocks.xdc:164]
WARNING: [Vivado_Tcl 4-921] Waiver ID 'CDC-4' -to list should not be empty. [/home/mss464/minitpu/tpu/build/mem_system/mem_system.gen/sources_1/bd/mem_bd/ip/mem_bd_axi_smc_full_0/bd_0/ip/ip_10/bd_3238_sbn_0_clocks.xdc:167]
WARNING: [Vivado_Tcl 4-921] Waiver ID 'CDC-4' -to list should not be empty. [/home/mss464/minitpu/tpu/build/mem_system/mem_system.gen/sources_1/bd/mem_bd/ip/mem_bd_axi_smc_full_0/bd_0/ip/ip_10/bd_3238_sbn_0_clocks.xdc:171]
WARNING: [Vivado_Tcl 4-921] Waiver ID 'CDC-4' -to list should not be empty. [/home/mss464/minitpu/tpu/build/mem_system/mem_system.gen/sources_1/bd/mem_bd/ip/mem_bd_axi_smc_full_0/bd_0/ip/ip_10/bd_3238_sbn_0_clocks.xdc:174]
WARNING: [Vivado_Tcl 4-921] Waiver ID 'CDC-1' -to list should not be empty. [/home/mss464/minitpu/tpu/build/mem_system/mem_system.gen/sources_1/bd/mem_bd/ip/mem_bd_axi_smc_full_0/bd_0/ip/ip_10/bd_3238_sbn_0_clocks.xdc:178]
Finished Parsing XDC File [/home/mss464/minitpu/tpu/build/mem_system/mem_system.gen/sources_1/bd/mem_bd/ip/mem_bd_axi_smc_full_0/bd_0/ip/ip_10/bd_3238_sbn_0_clocks.xdc] for cell 'mem_bd_i/axi_smc_full/inst/s00_nodes/s00_b_node/inst'
Parsing XDC File [/home/mss464/minitpu/tpu/build/mem_system/mem_system.gen/sources_1/bd/mem_bd/ip/mem_bd_axi_smc_full_0/bd_0/ip/ip_9/bd_3238_swn_0_clocks.xdc] for cell 'mem_bd_i/axi_smc_full/inst/s00_nodes/s00_w_node/inst'
INFO: [Common 17-14] Message 'Vivado 12-180' appears 100 times and further instances of the messages will be disabled. Use the Tcl command set_msg_config to change the current settings. [/home/mss464/minitpu/tpu/build/mem_system/mem_system.gen/sources_1/bd/mem_bd/ip/mem_bd_axi_smc_full_0/bd_0/ip/ip_9/bd_3238_swn_0_clocks.xdc:49]
WARNING: [Vivado_Tcl 4-921] Waiver ID 'CDC-1' -to list should not be empty. [/home/mss464/minitpu/tpu/build/mem_system/mem_system.gen/sources_1/bd/mem_bd/ip/mem_bd_axi_smc_full_0/bd_0/ip/ip_9/bd_3238_swn_0_clocks.xdc:49]
WARNING: [Vivado_Tcl 4-921] Waiver ID 'CDC-1' -to list should not be empty. [/home/mss464/minitpu/tpu/build/mem_system/mem_system.gen/sources_1/bd/mem_bd/ip/mem_bd_axi_smc_full_0/bd_0/ip/ip_9/bd_3238_swn_0_clocks.xdc:52]
WARNING: [Vivado_Tcl 4-921] Waiver ID 'CDC-1' -to list should not be empty. [/home/mss464/minitpu/tpu/build/mem_system/mem_system.gen/sources_1/bd/mem_bd/ip/mem_bd_axi_smc_full_0/bd_0/ip/ip_9/bd_3238_swn_0_clocks.xdc:55]
WARNING: [Vivado_Tcl 4-921] Waiver ID 'CDC-1' -to list should not be empty. [/home/mss464/minitpu/tpu/build/mem_system/mem_system.gen/sources_1/bd/mem_bd/ip/mem_bd_axi_smc_full_0/bd_0/ip/ip_9/bd_3238_swn_0_clocks.xdc:59]
WARNING: [Vivado_Tcl 4-921] Waiver ID 'CDC-1' -to list should not be empty. [/home/mss464/minitpu/tpu/build/mem_system/mem_system.gen/sources_1/bd/mem_bd/ip/mem_bd_axi_smc_full_0/bd_0/ip/ip_9/bd_3238_swn_0_clocks.xdc:63]
WARNING: [Vivado_Tcl 4-921] Waiver ID 'CDC-1' -to list should not be empty. [/home/mss464/minitpu/tpu/build/mem_system/mem_system.gen/sources_1/bd/mem_bd/ip/mem_bd_axi_smc_full_0/bd_0/ip/ip_9/bd_3238_swn_0_clocks.xdc:66]
WARNING: [Vivado_Tcl 4-921] Waiver ID 'CDC-1' -to list should not be empty. [/home/mss464/minitpu/tpu/build/mem_system/mem_system.gen/sources_1/bd/mem_bd/ip/mem_bd_axi_smc_full_0/bd_0/ip/ip_9/bd_3238_swn_0_clocks.xdc:70]
WARNING: [Vivado_Tcl 4-921] Waiver ID 'CDC-1' -to list should not be empty. [/home/mss464/minitpu/tpu/build/mem_system/mem_system.gen/sources_1/bd/mem_bd/ip/mem_bd_axi_smc_full_0/bd_0/ip/ip_9/bd_3238_swn_0_clocks.xdc:73]
WARNING: [Vivado_Tcl 4-921] Waiver ID 'CDC-1' -to list should not be empty. [/home/mss464/minitpu/tpu/build/mem_system/mem_system.gen/sources_1/bd/mem_bd/ip/mem_bd_axi_smc_full_0/bd_0/ip/ip_9/bd_3238_swn_0_clocks.xdc:76]
INFO: [Common 17-14] Message 'Vivado_Tcl 4-921' appears 100 times and further instances of the messages will be disabled. Use the Tcl command set_msg_config to change the current settings. [/home/mss464/minitpu/tpu/build/mem_system/mem_system.gen/sources_1/bd/mem_bd/ip/mem_bd_axi_smc_full_0/bd_0/ip/ip_9/bd_3238_swn_0_clocks.xdc:76]
Finished Parsing XDC File [/home/mss464/minitpu/tpu/build/mem_system/mem_system.gen/sources_1/bd/mem_bd/ip/mem_bd_axi_smc_full_0/bd_0/ip/ip_9/bd_3238_swn_0_clocks.xdc] for cell 'mem_bd_i/axi_smc_full/inst/s00_nodes/s00_w_node/inst'
Parsing XDC File [/home/mss464/minitpu/tpu/build/mem_system/mem_system.gen/sources_1/bd/mem_bd/ip/mem_bd_axi_smc_full_0/bd_0/ip/ip_8/bd_3238_sawn_0_clocks.xdc] for cell 'mem_bd_i/axi_smc_full/inst/s00_nodes/s00_aw_node/inst'
Finished Parsing XDC File [/home/mss464/minitpu/tpu/build/mem_system/mem_system.gen/sources_1/bd/mem_bd/ip/mem_bd_axi_smc_full_0/bd_0/ip/ip_8/bd_3238_sawn_0_clocks.xdc] for cell 'mem_bd_i/axi_smc_full/inst/s00_nodes/s00_aw_node/inst'
Parsing XDC File [/home/mss464/minitpu/tpu/build/mem_system/mem_system.gen/sources_1/bd/mem_bd/ip/mem_bd_axi_smc_full_0/bd_0/ip/ip_7/bd_3238_srn_0_clocks.xdc] for cell 'mem_bd_i/axi_smc_full/inst/s00_nodes/s00_r_node/inst'
Finished Parsing XDC File [/home/mss464/minitpu/tpu/build/mem_system/mem_system.gen/sources_1/bd/mem_bd/ip/mem_bd_axi_smc_full_0/bd_0/ip/ip_7/bd_3238_srn_0_clocks.xdc] for cell 'mem_bd_i/axi_smc_full/inst/s00_nodes/s00_r_node/inst'
Parsing XDC File [/home/mss464/minitpu/tpu/build/mem_system/mem_system.gen/sources_1/bd/mem_bd/ip/mem_bd_axi_smc_full_0/bd_0/ip/ip_6/bd_3238_sarn_0_clocks.xdc] for cell 'mem_bd_i/axi_smc_full/inst/s00_nodes/s00_ar_node/inst'
Finished Parsing XDC File [/home/mss464/minitpu/tpu/build/mem_system/mem_system.gen/sources_1/bd/mem_bd/ip/mem_bd_axi_smc_full_0/bd_0/ip/ip_6/bd_3238_sarn_0_clocks.xdc] for cell 'mem_bd_i/axi_smc_full/inst/s00_nodes/s00_ar_node/inst'
Parsing XDC File [/home/mss464/minitpu/tpu/build/mem_system/mem_system.gen/sources_1/bd/mem_bd/ip/mem_bd_axi_smc_full_0/bd_0/ip/ip_1/bd_3238_psr_aclk_0.xdc] for cell 'mem_bd_i/axi_smc_full/inst/clk_map/psr_aclk/U0'
Finished Parsing XDC File [/home/mss464/minitpu/tpu/build/mem_system/mem_system.gen/sources_1/bd/mem_bd/ip/mem_bd_axi_smc_full_0/bd_0/ip/ip_1/bd_3238_psr_aclk_0.xdc] for cell 'mem_bd_i/axi_smc_full/inst/clk_map/psr_aclk/U0'
Parsing XDC File [/home/mss464/minitpu/tpu/build/mem_system/mem_system.gen/sources_1/bd/mem_bd/ip/mem_bd_axi_smc_full_0/bd_0/ip/ip_1/bd_3238_psr_aclk_0_board.xdc] for cell 'mem_bd_i/axi_smc_full/inst/clk_map/psr_aclk/U0'
Finished Parsing XDC File [/home/mss464/minitpu/tpu/build/mem_system/mem_system.gen/sources_1/bd/mem_bd/ip/mem_bd_axi_smc_full_0/bd_0/ip/ip_1/bd_3238_psr_aclk_0_board.xdc] for cell 'mem_bd_i/axi_smc_full/inst/clk_map/psr_aclk/U0'
Parsing XDC File [/home/mss464/minitpu/tpu/build/mem_system/mem_system.gen/sources_1/bd/mem_bd/ip/mem_bd_axi_smc_0/smartconnect.xdc] for cell 'mem_bd_i/axi_smc/inst'
WARNING: [Vivado_Tcl 4-919] Waiver ID 'CDC-1' -from list should not be empty. [/home/mss464/minitpu/tpu/build/mem_system/mem_system.gen/sources_1/bd/mem_bd/ip/mem_bd_axi_smc_0/smartconnect.xdc:1]
Finished Parsing XDC File [/home/mss464/minitpu/tpu/build/mem_system/mem_system.gen/sources_1/bd/mem_bd/ip/mem_bd_axi_smc_0/smartconnect.xdc] for cell 'mem_bd_i/axi_smc/inst'
Parsing XDC File [/home/mss464/minitpu/tpu/build/mem_system/mem_system.gen/sources_1/bd/mem_bd/ip/mem_bd_axi_smc_0/bd_0/ip/ip_25/bd_47d6_m00bn_0_clocks.xdc] for cell 'mem_bd_i/axi_smc/inst/m00_nodes/m00_b_node/inst'
Finished Parsing XDC File [/home/mss464/minitpu/tpu/build/mem_system/mem_system.gen/sources_1/bd/mem_bd/ip/mem_bd_axi_smc_0/bd_0/ip/ip_25/bd_47d6_m00bn_0_clocks.xdc] for cell 'mem_bd_i/axi_smc/inst/m00_nodes/m00_b_node/inst'
Parsing XDC File [/home/mss464/minitpu/tpu/build/mem_system/mem_system.gen/sources_1/bd/mem_bd/ip/mem_bd_axi_smc_0/bd_0/ip/ip_24/bd_47d6_m00wn_0_clocks.xdc] for cell 'mem_bd_i/axi_smc/inst/m00_nodes/m00_w_node/inst'
Finished Parsing XDC File [/home/mss464/minitpu/tpu/build/mem_system/mem_system.gen/sources_1/bd/mem_bd/ip/mem_bd_axi_smc_0/bd_0/ip/ip_24/bd_47d6_m00wn_0_clocks.xdc] for cell 'mem_bd_i/axi_smc/inst/m00_nodes/m00_w_node/inst'
Parsing XDC File [/home/mss464/minitpu/tpu/build/mem_system/mem_system.gen/sources_1/bd/mem_bd/ip/mem_bd_axi_smc_0/bd_0/ip/ip_23/bd_47d6_m00awn_0_clocks.xdc] for cell 'mem_bd_i/axi_smc/inst/m00_nodes/m00_aw_node/inst'
Finished Parsing XDC File [/home/mss464/minitpu/tpu/build/mem_system/mem_system.gen/sources_1/bd/mem_bd/ip/mem_bd_axi_smc_0/bd_0/ip/ip_23/bd_47d6_m00awn_0_clocks.xdc] for cell 'mem_bd_i/axi_smc/inst/m00_nodes/m00_aw_node/inst'
Parsing XDC File [/home/mss464/minitpu/tpu/build/mem_system/mem_system.gen/sources_1/bd/mem_bd/ip/mem_bd_zynq_ps_0/mem_bd_zynq_ps_0.xdc] for cell 'mem_bd_i/zynq_ps/inst'
Finished Parsing XDC File [/home/mss464/minitpu/tpu/build/mem_system/mem_system.gen/sources_1/bd/mem_bd/ip/mem_bd_zynq_ps_0/mem_bd_zynq_ps_0.xdc] for cell 'mem_bd_i/zynq_ps/inst'
Parsing XDC File [/home/mss464/minitpu/tpu/build/mem_system/mem_system.gen/sources_1/bd/mem_bd/ip/mem_bd_axi_smc_0/bd_0/ip/ip_21/bd_47d6_m00arn_0_clocks.xdc] for cell 'mem_bd_i/axi_smc/inst/m00_nodes/m00_ar_node/inst'
Finished Parsing XDC File [/home/mss464/minitpu/tpu/build/mem_system/mem_system.gen/sources_1/bd/mem_bd/ip/mem_bd_axi_smc_0/bd_0/ip/ip_21/bd_47d6_m00arn_0_clocks.xdc] for cell 'mem_bd_i/axi_smc/inst/m00_nodes/m00_ar_node/inst'
Parsing XDC File [/home/mss464/minitpu/tpu/build/mem_system/mem_system.gen/sources_1/bd/mem_bd/ip/mem_bd_axi_smc_0/bd_0/ip/ip_19/bd_47d6_sbn_0_clocks.xdc] for cell 'mem_bd_i/axi_smc/inst/s01_nodes/s01_b_node/inst'
Finished Parsing XDC File [/home/mss464/minitpu/tpu/build/mem_system/mem_system.gen/sources_1/bd/mem_bd/ip/mem_bd_axi_smc_0/bd_0/ip/ip_19/bd_47d6_sbn_0_clocks.xdc] for cell 'mem_bd_i/axi_smc/inst/s01_nodes/s01_b_node/inst'
Parsing XDC File [/home/mss464/minitpu/tpu/build/mem_system/mem_system.gen/sources_1/bd/mem_bd/ip/mem_bd_axi_smc_0/bd_0/ip/ip_18/bd_47d6_swn_0_clocks.xdc] for cell 'mem_bd_i/axi_smc/inst/s01_nodes/s01_w_node/inst'
Finished Parsing XDC File [/home/mss464/minitpu/tpu/build/mem_system/mem_system.gen/sources_1/bd/mem_bd/ip/mem_bd_axi_smc_0/bd_0/ip/ip_18/bd_47d6_swn_0_clocks.xdc] for cell 'mem_bd_i/axi_smc/inst/s01_nodes/s01_w_node/inst'
Parsing XDC File [/home/mss464/minitpu/tpu/build/mem_system/mem_system.gen/sources_1/bd/mem_bd/ip/mem_bd_axi_smc_0/bd_0/ip/ip_17/bd_47d6_sawn_0_clocks.xdc] for cell 'mem_bd_i/axi_smc/inst/s01_nodes/s01_aw_node/inst'
Finished Parsing XDC File [/home/mss464/minitpu/tpu/build/mem_system/mem_system.gen/sources_1/bd/mem_bd/ip/mem_bd_axi_smc_0/bd_0/ip/ip_17/bd_47d6_sawn_0_clocks.xdc] for cell 'mem_bd_i/axi_smc/inst/s01_nodes/s01_aw_node/inst'
Parsing XDC File [/home/mss464/minitpu/tpu/build/mem_system/mem_system.gen/sources_1/bd/mem_bd/ip/mem_bd_axi_smc_0/bd_0/ip/ip_12/bd_47d6_srn_0_clocks.xdc] for cell 'mem_bd_i/axi_smc/inst/s00_nodes/s00_r_node/inst'
Finished Parsing XDC File [/home/mss464/minitpu/tpu/build/mem_system/mem_system.gen/sources_1/bd/mem_bd/ip/mem_bd_axi_smc_0/bd_0/ip/ip_12/bd_47d6_srn_0_clocks.xdc] for cell 'mem_bd_i/axi_smc/inst/s00_nodes/s00_r_node/inst'
Parsing XDC File [/home/mss464/minitpu/tpu/build/mem_system/mem_system.gen/sources_1/bd/mem_bd/ip/mem_bd_axi_smc_0/bd_0/ip/ip_11/bd_47d6_sarn_0_clocks.xdc] for cell 'mem_bd_i/axi_smc/inst/s00_nodes/s00_ar_node/inst'
Finished Parsing XDC File [/home/mss464/minitpu/tpu/build/mem_system/mem_system.gen/sources_1/bd/mem_bd/ip/mem_bd_axi_smc_0/bd_0/ip/ip_11/bd_47d6_sarn_0_clocks.xdc] for cell 'mem_bd_i/axi_smc/inst/s00_nodes/s00_ar_node/inst'
Parsing XDC File [/home/mss464/minitpu/tpu/build/mem_system/mem_system.gen/sources_1/bd/mem_bd/ip/mem_bd_axi_smc_0/bd_0/ip/ip_1/bd_47d6_psr_aclk_0.xdc] for cell 'mem_bd_i/axi_smc/inst/clk_map/psr_aclk/U0'
Finished Parsing XDC File [/home/mss464/minitpu/tpu/build/mem_system/mem_system.gen/sources_1/bd/mem_bd/ip/mem_bd_axi_smc_0/bd_0/ip/ip_1/bd_47d6_psr_aclk_0.xdc] for cell 'mem_bd_i/axi_smc/inst/clk_map/psr_aclk/U0'
Parsing XDC File [/home/mss464/minitpu/tpu/build/mem_system/mem_system.gen/sources_1/bd/mem_bd/ip/mem_bd_axi_smc_0/bd_0/ip/ip_1/bd_47d6_psr_aclk_0_board.xdc] for cell 'mem_bd_i/axi_smc/inst/clk_map/psr_aclk/U0'
Finished Parsing XDC File [/home/mss464/minitpu/tpu/build/mem_system/mem_system.gen/sources_1/bd/mem_bd/ip/mem_bd_axi_smc_0/bd_0/ip/ip_1/bd_47d6_psr_aclk_0_board.xdc] for cell 'mem_bd_i/axi_smc/inst/clk_map/psr_aclk/U0'
Parsing XDC File [/home/mss464/minitpu/tpu/build/mem_system/mem_system.gen/sources_1/bd/mem_bd/ip/mem_bd_axi_dma_0_0/mem_bd_axi_dma_0_0.xdc] for cell 'mem_bd_i/axi_dma_0/U0'
WARNING: [Vivado_Tcl 4-919] Waiver ID 'CDC-1' -from list should not be empty. [/home/mss464/minitpu/tpu/build/mem_system/mem_system.gen/sources_1/bd/mem_bd/ip/mem_bd_axi_dma_0_0/mem_bd_axi_dma_0_0.xdc:61]
Finished Parsing XDC File [/home/mss464/minitpu/tpu/build/mem_system/mem_system.gen/sources_1/bd/mem_bd/ip/mem_bd_axi_dma_0_0/mem_bd_axi_dma_0_0.xdc] for cell 'mem_bd_i/axi_dma_0/U0'
Parsing XDC File [/home/mss464/minitpu/tpu/build/mem_system/mem_system.gen/sources_1/bd/mem_bd/ip/mem_bd_proc_sys_reset_0_0/mem_bd_proc_sys_reset_0_0.xdc] for cell 'mem_bd_i/proc_sys_reset_0/U0'
Finished Parsing XDC File [/home/mss464/minitpu/tpu/build/mem_system/mem_system.gen/sources_1/bd/mem_bd/ip/mem_bd_proc_sys_reset_0_0/mem_bd_proc_sys_reset_0_0.xdc] for cell 'mem_bd_i/proc_sys_reset_0/U0'
Parsing XDC File [/home/mss464/minitpu/tpu/build/mem_system/mem_system.gen/sources_1/bd/mem_bd/ip/mem_bd_proc_sys_reset_0_0/mem_bd_proc_sys_reset_0_0_board.xdc] for cell 'mem_bd_i/proc_sys_reset_0/U0'
Finished Parsing XDC File [/home/mss464/minitpu/tpu/build/mem_system/mem_system.gen/sources_1/bd/mem_bd/ip/mem_bd_proc_sys_reset_0_0/mem_bd_proc_sys_reset_0_0_board.xdc] for cell 'mem_bd_i/proc_sys_reset_0/U0'
Parsing XDC File [/home/mss464/minitpu/tpu/build/mem_system/mem_system.gen/sources_1/bd/mem_bd/ip/mem_bd_axi_dma_0_0/mem_bd_axi_dma_0_0_clocks.xdc] for cell 'mem_bd_i/axi_dma_0/U0'
Finished Parsing XDC File [/home/mss464/minitpu/tpu/build/mem_system/mem_system.gen/sources_1/bd/mem_bd/ip/mem_bd_axi_dma_0_0/mem_bd_axi_dma_0_0_clocks.xdc] for cell 'mem_bd_i/axi_dma_0/U0'
INFO: [Project 1-1714] 68 XPM XDC files have been applied to the design.
INFO: [Opt 31-138] Pushed 0 inverter(s) to 0 load pin(s).
INFO: [Project 1-1687] 668 scoped IP constraints or related sub-commands were skipped due to synthesis logic optimizations usually triggered by constant connectivity or unconnected output pins. To review the skipped constraints and messages, run the command 'set_param netlist.IPMsgFiltering false' before opening the design.
Netlist sorting complete. Time (s): cpu = 00:00:00.01 ; elapsed = 00:00:00 . Memory (MB): peak = 3293.070 ; gain = 0.000 ; free physical = 11748 ; free virtual = 160534
INFO: [Project 1-111] Unisim Transformation Summary:
  A total of 193 instances were transformed.
  RAM16X1D => RAM32X1D (RAMD32(x2)): 1 instance 
  RAM32M16 => RAM32M16 (RAMD32(x14), RAMS32(x2)): 155 instances
  RAM64M8 => RAM64M8 (RAMD64E(x8)): 37 instances

22 Infos, 103 Warnings, 0 Critical Warnings and 0 Errors encountered.
link_design completed successfully
link_design: Time (s): cpu = 00:00:28 ; elapsed = 00:00:27 . Memory (MB): peak = 3293.070 ; gain = 1673.133 ; free physical = 11746 ; free virtual = 160533
Command: opt_design
Attempting to get a license for feature 'Implementation' and/or device 'xczu3eg'
INFO: [Common 17-349] Got license for feature 'Implementation' and/or device 'xczu3eg'
Running DRC as a precondition to command opt_design

Starting DRC Task
INFO: [DRC 23-27] Running DRC with 8 threads
INFO: [Project 1-461] DRC finished with 0 Errors
INFO: [Project 1-462] Please refer to the DRC report (report_drc) for more information.

Time (s): cpu = 00:00:03 ; elapsed = 00:00:01 . Memory (MB): peak = 3293.070 ; gain = 0.000 ; free physical = 11742 ; free virtual = 160528

Starting Cache Timing Information Task
INFO: [Timing 38-35] Done setting XDC timing constraints.
Ending Cache Timing Information Task | Checksum: 1a280b57d

Time (s): cpu = 00:00:02 ; elapsed = 00:00:00.95 . Memory (MB): peak = 3293.070 ; gain = 0.000 ; free physical = 11741 ; free virtual = 160527

Starting Logic Optimization Task

Phase 1 Initialization

Phase 1.1 Core Generation And Design Setup
Phase 1.1 Core Generation And Design Setup | Checksum: 1a280b57d

Time (s): cpu = 00:00:00.01 ; elapsed = 00:00:00.01 . Memory (MB): peak = 3450.918 ; gain = 0.000 ; free physical = 11474 ; free virtual = 160260

Phase 1.2 Setup Constraints And Sort Netlist
Phase 1.2 Setup Constraints And Sort Netlist | Checksum: 1a280b57d

Time (s): cpu = 00:00:00.02 ; elapsed = 00:00:00.02 . Memory (MB): peak = 3450.918 ; gain = 0.000 ; free physical = 11474 ; free virtual = 160260
Phase 1 Initialization | Checksum: 1a280b57d

Time (s): cpu = 00:00:00.02 ; elapsed = 00:00:00.02 . Memory (MB): peak = 3450.918 ; gain = 0.000 ; free physical = 11474 ; free virtual = 160260

Phase 2 Timer Update And Timing Data Collection

Phase 2.1 Timer Update
Phase 2.1 Timer Update | Checksum: 1a280b57d

Time (s): cpu = 00:00:01 ; elapsed = 00:00:00.36 . Memory (MB): peak = 3450.918 ; gain = 0.000 ; free physical = 11479 ; free virtual = 160265

Phase 2.2 Timing Data Collection
Phase 2.2 Timing Data Collection | Checksum: 1a280b57d

Time (s): cpu = 00:00:01 ; elapsed = 00:00:00.43 . Memory (MB): peak = 3450.918 ; gain = 0.000 ; free physical = 11471 ; free virtual = 160257
Phase 2 Timer Update And Timing Data Collection | Checksum: 1a280b57d

Time (s): cpu = 00:00:01 ; elapsed = 00:00:00.43 . Memory (MB): peak = 3450.918 ; gain = 0.000 ; free physical = 11471 ; free virtual = 160257

Phase 3 Retarget
INFO: [Opt 31-1566] Pulled 3 inverters resulting in an inversion of 17 pins
INFO: [Opt 31-138] Pushed 88 inverter(s) to 3248 load pin(s).
INFO: [Opt 31-49] Retargeted 0 cell(s).
Phase 3 Retarget | Checksum: 16c401f2c

Time (s): cpu = 00:00:02 ; elapsed = 00:00:01 . Memory (MB): peak = 3450.918 ; gain = 0.000 ; free physical = 11448 ; free virtual = 160235
Retarget | Checksum: 16c401f2c
INFO: [Opt 31-389] Phase Retarget created 74 cells and removed 439 cells
INFO: [Opt 31-1021] In phase Retarget, 60 netlist objects are constrained preventing optimization. Please run opt_design with -debug_log to get more detail. 

Phase 4 Constant propagation
INFO: [Opt 31-138] Pushed 2 inverter(s) to 7 load pin(s).
Phase 4 Constant propagation | Checksum: 1d1567949

Time (s): cpu = 00:00:03 ; elapsed = 00:00:02 . Memory (MB): peak = 3450.918 ; gain = 0.000 ; free physical = 11472 ; free virtual = 160258
Constant propagation | Checksum: 1d1567949
INFO: [Opt 31-389] Phase Constant propagation created 40 cells and removed 263 cells
INFO: [Opt 31-1021] In phase Constant propagation, 60 netlist objects are constrained preventing optimization. Please run opt_design with -debug_log to get more detail. 

Phase 5 Sweep
Phase 5 Sweep | Checksum: 18b05bbd5

Time (s): cpu = 00:00:04 ; elapsed = 00:00:03 . Memory (MB): peak = 3450.918 ; gain = 0.000 ; free physical = 11470 ; free virtual = 160256
Sweep | Checksum: 18b05bbd5
INFO: [Opt 31-389] Phase Sweep created 0 cells and removed 1183 cells
INFO: [Opt 31-1021] In phase Sweep, 77 netlist objects are constrained preventing optimization. Please run opt_design with -debug_log to get more detail. 

Phase 6 BUFG optimization
INFO: [Opt 31-1077] Phase BUFG optimization inserted 0 global clock buffer(s) for CLOCK_LOW_FANOUT.
Phase 6 BUFG optimization | Checksum: 18b05bbd5

Time (s): cpu = 00:00:05 ; elapsed = 00:00:03 . Memory (MB): peak = 3450.918 ; gain = 0.000 ; free physical = 11470 ; free virtual = 160256
BUFG optimization | Checksum: 18b05bbd5
INFO: [Opt 31-662] Phase BUFG optimization created 0 cells of which 0 are BUFGs and removed 0 cells.

Phase 7 Shift Register Optimization
WARNING: [Opt 31-1131] Can not pull register out from mem_bd_i/axi_interconnect_0/s00_couplers/auto_pc/inst/gen_axilite.gen_b2s_conv.axilite_b2s/RD.r_channel_0/rd_data_fifo_0/memory_reg[31][0]_srl32 due to none static srl address bits
WARNING: [Opt 31-1131] Can not pull register out from mem_bd_i/axi_interconnect_0/s00_couplers/auto_pc/inst/gen_axilite.gen_b2s_conv.axilite_b2s/RD.r_channel_0/rd_data_fifo_0/memory_reg[31][10]_srl32 due to none static srl address bits
WARNING: [Opt 31-1131] Can not pull register out from mem_bd_i/axi_interconnect_0/s00_couplers/auto_pc/inst/gen_axilite.gen_b2s_conv.axilite_b2s/RD.r_channel_0/rd_data_fifo_0/memory_reg[31][11]_srl32 due to none static srl address bits
WARNING: [Opt 31-1131] Can not pull register out from mem_bd_i/axi_interconnect_0/s00_couplers/auto_pc/inst/gen_axilite.gen_b2s_conv.axilite_b2s/RD.r_channel_0/rd_data_fifo_0/memory_reg[31][12]_srl32 due to none static srl address bits
WARNING: [Opt 31-1131] Can not pull register out from mem_bd_i/axi_interconnect_0/s00_couplers/auto_pc/inst/gen_axilite.gen_b2s_conv.axilite_b2s/RD.r_channel_0/rd_data_fifo_0/memory_reg[31][13]_srl32 due to none static srl address bits
WARNING: [Opt 31-1131] Can not pull register out from mem_bd_i/axi_interconnect_0/s00_couplers/auto_pc/inst/gen_axilite.gen_b2s_conv.axilite_b2s/RD.r_channel_0/rd_data_fifo_0/memory_reg[31][14]_srl32 due to none static srl address bits
WARNING: [Opt 31-1131] Can not pull register out from mem_bd_i/axi_interconnect_0/s00_couplers/auto_pc/inst/gen_axilite.gen_b2s_conv.axilite_b2s/RD.r_channel_0/rd_data_fifo_0/memory_reg[31][15]_srl32 due to none static srl address bits
WARNING: [Opt 31-1131] Can not pull register out from mem_bd_i/axi_interconnect_0/s00_couplers/auto_pc/inst/gen_axilite.gen_b2s_conv.axilite_b2s/RD.r_channel_0/rd_data_fifo_0/memory_reg[31][16]_srl32 due to none static srl address bits
WARNING: [Opt 31-1131] Can not pull register out from mem_bd_i/axi_interconnect_0/s00_couplers/auto_pc/inst/gen_axilite.gen_b2s_conv.axilite_b2s/RD.r_channel_0/rd_data_fifo_0/memory_reg[31][17]_srl32 due to none static srl address bits
WARNING: [Opt 31-1131] Can not pull register out from mem_bd_i/axi_interconnect_0/s00_couplers/auto_pc/inst/gen_axilite.gen_b2s_conv.axilite_b2s/RD.r_channel_0/rd_data_fifo_0/memory_reg[31][18]_srl32 due to none static srl address bits
WARNING: [Opt 31-1131] Can not pull register out from mem_bd_i/axi_interconnect_0/s00_couplers/auto_pc/inst/gen_axilite.gen_b2s_conv.axilite_b2s/RD.r_channel_0/rd_data_fifo_0/memory_reg[31][19]_srl32 due to none static srl address bits
WARNING: [Opt 31-1131] Can not pull register out from mem_bd_i/axi_interconnect_0/s00_couplers/auto_pc/inst/gen_axilite.gen_b2s_conv.axilite_b2s/RD.r_channel_0/rd_data_fifo_0/memory_reg[31][1]_srl32 due to none static srl address bits
WARNING: [Opt 31-1131] Can not pull register out from mem_bd_i/axi_interconnect_0/s00_couplers/auto_pc/inst/gen_axilite.gen_b2s_conv.axilite_b2s/RD.r_channel_0/rd_data_fifo_0/memory_reg[31][20]_srl32 due to none static srl address bits
WARNING: [Opt 31-1131] Can not pull register out from mem_bd_i/axi_interconnect_0/s00_couplers/auto_pc/inst/gen_axilite.gen_b2s_conv.axilite_b2s/RD.r_channel_0/rd_data_fifo_0/memory_reg[31][21]_srl32 due to none static srl address bits
WARNING: [Opt 31-1131] Can not pull register out from mem_bd_i/axi_interconnect_0/s00_couplers/auto_pc/inst/gen_axilite.gen_b2s_conv.axilite_b2s/RD.r_channel_0/rd_data_fifo_0/memory_reg[31][22]_srl32 due to none static srl address bits
WARNING: [Opt 31-1131] Can not pull register out from mem_bd_i/axi_interconnect_0/s00_couplers/auto_pc/inst/gen_axilite.gen_b2s_conv.axilite_b2s/RD.r_channel_0/rd_data_fifo_0/memory_reg[31][23]_srl32 due to none static srl address bits
WARNING: [Opt 31-1131] Can not pull register out from mem_bd_i/axi_interconnect_0/s00_couplers/auto_pc/inst/gen_axilite.gen_b2s_conv.axilite_b2s/RD.r_channel_0/rd_data_fifo_0/memory_reg[31][24]_srl32 due to none static srl address bits
WARNING: [Opt 31-1131] Can not pull register out from mem_bd_i/axi_interconnect_0/s00_couplers/auto_pc/inst/gen_axilite.gen_b2s_conv.axilite_b2s/RD.r_channel_0/rd_data_fifo_0/memory_reg[31][25]_srl32 due to none static srl address bits
WARNING: [Opt 31-1131] Can not pull register out from mem_bd_i/axi_interconnect_0/s00_couplers/auto_pc/inst/gen_axilite.gen_b2s_conv.axilite_b2s/RD.r_channel_0/rd_data_fifo_0/memory_reg[31][26]_srl32 due to none static srl address bits
WARNING: [Opt 31-1131] Can not pull register out from mem_bd_i/axi_interconnect_0/s00_couplers/auto_pc/inst/gen_axilite.gen_b2s_conv.axilite_b2s/RD.r_channel_0/rd_data_fifo_0/memory_reg[31][27]_srl32 due to none static srl address bits
WARNING: [Opt 31-1131] Can not pull register out from mem_bd_i/axi_interconnect_0/s00_couplers/auto_pc/inst/gen_axilite.gen_b2s_conv.axilite_b2s/RD.r_channel_0/rd_data_fifo_0/memory_reg[31][28]_srl32 due to none static srl address bits
WARNING: [Opt 31-1131] Can not pull register out from mem_bd_i/axi_interconnect_0/s00_couplers/auto_pc/inst/gen_axilite.gen_b2s_conv.axilite_b2s/RD.r_channel_0/rd_data_fifo_0/memory_reg[31][29]_srl32 due to none static srl address bits
WARNING: [Opt 31-1131] Can not pull register out from mem_bd_i/axi_interconnect_0/s00_couplers/auto_pc/inst/gen_axilite.gen_b2s_conv.axilite_b2s/RD.r_channel_0/rd_data_fifo_0/memory_reg[31][2]_srl32 due to none static srl address bits
WARNING: [Opt 31-1131] Can not pull register out from mem_bd_i/axi_interconnect_0/s00_couplers/auto_pc/inst/gen_axilite.gen_b2s_conv.axilite_b2s/RD.r_channel_0/rd_data_fifo_0/memory_reg[31][30]_srl32 due to none static srl address bits
WARNING: [Opt 31-1131] Can not pull register out from mem_bd_i/axi_interconnect_0/s00_couplers/auto_pc/inst/gen_axilite.gen_b2s_conv.axilite_b2s/RD.r_channel_0/rd_data_fifo_0/memory_reg[31][31]_srl32 due to none static srl address bits
WARNING: [Opt 31-1131] Can not pull register out from mem_bd_i/axi_interconnect_0/s00_couplers/auto_pc/inst/gen_axilite.gen_b2s_conv.axilite_b2s/RD.r_channel_0/rd_data_fifo_0/memory_reg[31][32]_srl32 due to none static srl address bits
WARNING: [Opt 31-1131] Can not pull register out from mem_bd_i/axi_interconnect_0/s00_couplers/auto_pc/inst/gen_axilite.gen_b2s_conv.axilite_b2s/RD.r_channel_0/rd_data_fifo_0/memory_reg[31][33]_srl32 due to none static srl address bits
WARNING: [Opt 31-1131] Can not pull register out from mem_bd_i/axi_interconnect_0/s00_couplers/auto_pc/inst/gen_axilite.gen_b2s_conv.axilite_b2s/RD.r_channel_0/rd_data_fifo_0/memory_reg[31][3]_srl32 due to none static srl address bits
WARNING: [Opt 31-1131] Can not pull register out from mem_bd_i/axi_interconnect_0/s00_couplers/auto_pc/inst/gen_axilite.gen_b2s_conv.axilite_b2s/RD.r_channel_0/rd_data_fifo_0/memory_reg[31][4]_srl32 due to none static srl address bits
WARNING: [Opt 31-1131] Can not pull register out from mem_bd_i/axi_interconnect_0/s00_couplers/auto_pc/inst/gen_axilite.gen_b2s_conv.axilite_b2s/RD.r_channel_0/rd_data_fifo_0/memory_reg[31][5]_srl32 due to none static srl address bits
WARNING: [Opt 31-1131] Can not pull register out from mem_bd_i/axi_interconnect_0/s00_couplers/auto_pc/inst/gen_axilite.gen_b2s_conv.axilite_b2s/RD.r_channel_0/rd_data_fifo_0/memory_reg[31][6]_srl32 due to none static srl address bits
WARNING: [Opt 31-1131] Can not pull register out from mem_bd_i/axi_interconnect_0/s00_couplers/auto_pc/inst/gen_axilite.gen_b2s_conv.axilite_b2s/RD.r_channel_0/rd_data_fifo_0/memory_reg[31][7]_srl32 due to none static srl address bits
WARNING: [Opt 31-1131] Can not pull register out from mem_bd_i/axi_interconnect_0/s00_couplers/auto_pc/inst/gen_axilite.gen_b2s_conv.axilite_b2s/RD.r_channel_0/rd_data_fifo_0/memory_reg[31][8]_srl32 due to none static srl address bits
WARNING: [Opt 31-1131] Can not pull register out from mem_bd_i/axi_interconnect_0/s00_couplers/auto_pc/inst/gen_axilite.gen_b2s_conv.axilite_b2s/RD.r_channel_0/rd_data_fifo_0/memory_reg[31][9]_srl32 due to none static srl address bits
WARNING: [Opt 31-1131] Can not pull register out from mem_bd_i/axi_interconnect_0/s00_couplers/auto_pc/inst/gen_axilite.gen_b2s_conv.axilite_b2s/RD.r_channel_0/transaction_fifo_0/memory_reg[31][0]_srl32 due to none static srl address bits
WARNING: [Opt 31-1131] Can not pull register out from mem_bd_i/axi_interconnect_0/s00_couplers/auto_pc/inst/gen_axilite.gen_b2s_conv.axilite_b2s/RD.r_channel_0/transaction_fifo_0/memory_reg[31][10]_srl32 due to none static srl address bits
WARNING: [Opt 31-1131] Can not pull register out from mem_bd_i/axi_interconnect_0/s00_couplers/auto_pc/inst/gen_axilite.gen_b2s_conv.axilite_b2s/RD.r_channel_0/transaction_fifo_0/memory_reg[31][11]_srl32 due to none static srl address bits
WARNING: [Opt 31-1131] Can not pull register out from mem_bd_i/axi_interconnect_0/s00_couplers/auto_pc/inst/gen_axilite.gen_b2s_conv.axilite_b2s/RD.r_channel_0/transaction_fifo_0/memory_reg[31][12]_srl32 due to none static srl address bits
WARNING: [Opt 31-1131] Can not pull register out from mem_bd_i/axi_interconnect_0/s00_couplers/auto_pc/inst/gen_axilite.gen_b2s_conv.axilite_b2s/RD.r_channel_0/transaction_fifo_0/memory_reg[31][13]_srl32 due to none static srl address bits
WARNING: [Opt 31-1131] Can not pull register out from mem_bd_i/axi_interconnect_0/s00_couplers/auto_pc/inst/gen_axilite.gen_b2s_conv.axilite_b2s/RD.r_channel_0/transaction_fifo_0/memory_reg[31][14]_srl32 due to none static srl address bits
WARNING: [Opt 31-1131] Can not pull register out from mem_bd_i/axi_interconnect_0/s00_couplers/auto_pc/inst/gen_axilite.gen_b2s_conv.axilite_b2s/RD.r_channel_0/transaction_fifo_0/memory_reg[31][15]_srl32 due to none static srl address bits
WARNING: [Opt 31-1131] Can not pull register out from mem_bd_i/axi_interconnect_0/s00_couplers/auto_pc/inst/gen_axilite.gen_b2s_conv.axilite_b2s/RD.r_channel_0/transaction_fifo_0/memory_reg[31][16]_srl32 due to none static srl address bits
WARNING: [Opt 31-1131] Can not pull register out from mem_bd_i/axi_interconnect_0/s00_couplers/auto_pc/inst/gen_axilite.gen_b2s_conv.axilite_b2s/RD.r_channel_0/transaction_fifo_0/memory_reg[31][1]_srl32 due to none static srl address bits
WARNING: [Opt 31-1131] Can not pull register out from mem_bd_i/axi_interconnect_0/s00_couplers/auto_pc/inst/gen_axilite.gen_b2s_conv.axilite_b2s/RD.r_channel_0/transaction_fifo_0/memory_reg[31][2]_srl32 due to none static srl address bits
WARNING: [Opt 31-1131] Can not pull register out from mem_bd_i/axi_interconnect_0/s00_couplers/auto_pc/inst/gen_axilite.gen_b2s_conv.axilite_b2s/RD.r_channel_0/transaction_fifo_0/memory_reg[31][3]_srl32 due to none static srl address bits
WARNING: [Opt 31-1131] Can not pull register out from mem_bd_i/axi_interconnect_0/s00_couplers/auto_pc/inst/gen_axilite.gen_b2s_conv.axilite_b2s/RD.r_channel_0/transaction_fifo_0/memory_reg[31][4]_srl32 due to none static srl address bits
WARNING: [Opt 31-1131] Can not pull register out from mem_bd_i/axi_interconnect_0/s00_couplers/auto_pc/inst/gen_axilite.gen_b2s_conv.axilite_b2s/RD.r_channel_0/transaction_fifo_0/memory_reg[31][5]_srl32 due to none static srl address bits
WARNING: [Opt 31-1131] Can not pull register out from mem_bd_i/axi_interconnect_0/s00_couplers/auto_pc/inst/gen_axilite.gen_b2s_conv.axilite_b2s/RD.r_channel_0/transaction_fifo_0/memory_reg[31][6]_srl32 due to none static srl address bits
WARNING: [Opt 31-1131] Can not pull register out from mem_bd_i/axi_interconnect_0/s00_couplers/auto_pc/inst/gen_axilite.gen_b2s_conv.axilite_b2s/RD.r_channel_0/transaction_fifo_0/memory_reg[31][7]_srl32 due to none static srl address bits
WARNING: [Opt 31-1131] Can not pull register out from mem_bd_i/axi_interconnect_0/s00_couplers/auto_pc/inst/gen_axilite.gen_b2s_conv.axilite_b2s/RD.r_channel_0/transaction_fifo_0/memory_reg[31][8]_srl32 due to none static srl address bits
WARNING: [Opt 31-1131] Can not pull register out from mem_bd_i/axi_interconnect_0/s00_couplers/auto_pc/inst/gen_axilite.gen_b2s_conv.axilite_b2s/RD.r_channel_0/transaction_fifo_0/memory_reg[31][9]_srl32 due to none static srl address bits
WARNING: [Opt 31-1131] Can not pull register out from mem_bd_i/axi_interconnect_0/s00_couplers/auto_pc/inst/gen_axilite.gen_b2s_conv.axilite_b2s/WR.b_channel_0/bid_fifo_0/memory_reg[3][0]_srl4 due to none static srl address bits
WARNING: [Opt 31-1131] Can not pull register out from mem_bd_i/axi_interconnect_0/s00_couplers/auto_pc/inst/gen_axilite.gen_b2s_conv.axilite_b2s/WR.b_channel_0/bid_fifo_0/memory_reg[3][10]_srl4 due to none static srl address bits
WARNING: [Opt 31-1131] Can not pull register out from mem_bd_i/axi_interconnect_0/s00_couplers/auto_pc/inst/gen_axilite.gen_b2s_conv.axilite_b2s/WR.b_channel_0/bid_fifo_0/memory_reg[3][11]_srl4 due to none static srl address bits
WARNING: [Opt 31-1131] Can not pull register out from mem_bd_i/axi_interconnect_0/s00_couplers/auto_pc/inst/gen_axilite.gen_b2s_conv.axilite_b2s/WR.b_channel_0/bid_fifo_0/memory_reg[3][12]_srl4 due to none static srl address bits
WARNING: [Opt 31-1131] Can not pull register out from mem_bd_i/axi_interconnect_0/s00_couplers/auto_pc/inst/gen_axilite.gen_b2s_conv.axilite_b2s/WR.b_channel_0/bid_fifo_0/memory_reg[3][13]_srl4 due to none static srl address bits
WARNING: [Opt 31-1131] Can not pull register out from mem_bd_i/axi_interconnect_0/s00_couplers/auto_pc/inst/gen_axilite.gen_b2s_conv.axilite_b2s/WR.b_channel_0/bid_fifo_0/memory_reg[3][14]_srl4 due to none static srl address bits
WARNING: [Opt 31-1131] Can not pull register out from mem_bd_i/axi_interconnect_0/s00_couplers/auto_pc/inst/gen_axilite.gen_b2s_conv.axilite_b2s/WR.b_channel_0/bid_fifo_0/memory_reg[3][15]_srl4 due to none static srl address bits
WARNING: [Opt 31-1131] Can not pull register out from mem_bd_i/axi_interconnect_0/s00_couplers/auto_pc/inst/gen_axilite.gen_b2s_conv.axilite_b2s/WR.b_channel_0/bid_fifo_0/memory_reg[3][16]_srl4 due to none static srl address bits
WARNING: [Opt 31-1131] Can not pull register out from mem_bd_i/axi_interconnect_0/s00_couplers/auto_pc/inst/gen_axilite.gen_b2s_conv.axilite_b2s/WR.b_channel_0/bid_fifo_0/memory_reg[3][17]_srl4 due to none static srl address bits
WARNING: [Opt 31-1131] Can not pull register out from mem_bd_i/axi_interconnect_0/s00_couplers/auto_pc/inst/gen_axilite.gen_b2s_conv.axilite_b2s/WR.b_channel_0/bid_fifo_0/memory_reg[3][18]_srl4 due to none static srl address bits
WARNING: [Opt 31-1131] Can not pull register out from mem_bd_i/axi_interconnect_0/s00_couplers/auto_pc/inst/gen_axilite.gen_b2s_conv.axilite_b2s/WR.b_channel_0/bid_fifo_0/memory_reg[3][19]_srl4 due to none static srl address bits
WARNING: [Opt 31-1131] Can not pull register out from mem_bd_i/axi_interconnect_0/s00_couplers/auto_pc/inst/gen_axilite.gen_b2s_conv.axilite_b2s/WR.b_channel_0/bid_fifo_0/memory_reg[3][1]_srl4 due to none static srl address bits
WARNING: [Opt 31-1131] Can not pull register out from mem_bd_i/axi_interconnect_0/s00_couplers/auto_pc/inst/gen_axilite.gen_b2s_conv.axilite_b2s/WR.b_channel_0/bid_fifo_0/memory_reg[3][20]_srl4 due to none static srl address bits
WARNING: [Opt 31-1131] Can not pull register out from mem_bd_i/axi_interconnect_0/s00_couplers/auto_pc/inst/gen_axilite.gen_b2s_conv.axilite_b2s/WR.b_channel_0/bid_fifo_0/memory_reg[3][21]_srl4 due to none static srl address bits
WARNING: [Opt 31-1131] Can not pull register out from mem_bd_i/axi_interconnect_0/s00_couplers/auto_pc/inst/gen_axilite.gen_b2s_conv.axilite_b2s/WR.b_channel_0/bid_fifo_0/memory_reg[3][22]_srl4 due to none static srl address bits
WARNING: [Opt 31-1131] Can not pull register out from mem_bd_i/axi_interconnect_0/s00_couplers/auto_pc/inst/gen_axilite.gen_b2s_conv.axilite_b2s/WR.b_channel_0/bid_fifo_0/memory_reg[3][23]_srl4 due to none static srl address bits
WARNING: [Opt 31-1131] Can not pull register out from mem_bd_i/axi_interconnect_0/s00_couplers/auto_pc/inst/gen_axilite.gen_b2s_conv.axilite_b2s/WR.b_channel_0/bid_fifo_0/memory_reg[3][2]_srl4 due to none static srl address bits
WARNING: [Opt 31-1131] Can not pull register out from mem_bd_i/axi_interconnect_0/s00_couplers/auto_pc/inst/gen_axilite.gen_b2s_conv.axilite_b2s/WR.b_channel_0/bid_fifo_0/memory_reg[3][3]_srl4 due to none static srl address bits
WARNING: [Opt 31-1131] Can not pull register out from mem_bd_i/axi_interconnect_0/s00_couplers/auto_pc/inst/gen_axilite.gen_b2s_conv.axilite_b2s/WR.b_channel_0/bid_fifo_0/memory_reg[3][4]_srl4 due to none static srl address bits
WARNING: [Opt 31-1131] Can not pull register out from mem_bd_i/axi_interconnect_0/s00_couplers/auto_pc/inst/gen_axilite.gen_b2s_conv.axilite_b2s/WR.b_channel_0/bid_fifo_0/memory_reg[3][5]_srl4 due to none static srl address bits
WARNING: [Opt 31-1131] Can not pull register out from mem_bd_i/axi_interconnect_0/s00_couplers/auto_pc/inst/gen_axilite.gen_b2s_conv.axilite_b2s/WR.b_channel_0/bid_fifo_0/memory_reg[3][6]_srl4 due to none static srl address bits
WARNING: [Opt 31-1131] Can not pull register out from mem_bd_i/axi_interconnect_0/s00_couplers/auto_pc/inst/gen_axilite.gen_b2s_conv.axilite_b2s/WR.b_channel_0/bid_fifo_0/memory_reg[3][7]_srl4 due to none static srl address bits
WARNING: [Opt 31-1131] Can not pull register out from mem_bd_i/axi_interconnect_0/s00_couplers/auto_pc/inst/gen_axilite.gen_b2s_conv.axilite_b2s/WR.b_channel_0/bid_fifo_0/memory_reg[3][8]_srl4 due to none static srl address bits
WARNING: [Opt 31-1131] Can not pull register out from mem_bd_i/axi_interconnect_0/s00_couplers/auto_pc/inst/gen_axilite.gen_b2s_conv.axilite_b2s/WR.b_channel_0/bid_fifo_0/memory_reg[3][9]_srl4 due to none static srl address bits
WARNING: [Opt 31-1131] Can not pull register out from mem_bd_i/axi_interconnect_0/s00_couplers/auto_pc/inst/gen_axilite.gen_b2s_conv.axilite_b2s/WR.b_channel_0/bresp_fifo_0/memory_reg[3][0]_srl4 due to none static srl address bits
WARNING: [Opt 31-1131] Can not pull register out from mem_bd_i/axi_interconnect_0/s00_couplers/auto_pc/inst/gen_axilite.gen_b2s_conv.axilite_b2s/WR.b_channel_0/bresp_fifo_0/memory_reg[3][1]_srl4 due to none static srl address bits
WARNING: [Opt 31-1131] Can not pull register out from mem_bd_i/axi_smc/inst/m00_exit_pipeline/m00_exit/inst/exit_inst/gen_r_cmd_fifo.r_cmd_fifo/gen_srls[10].srl_nx1/shift_reg_reg[0]_srl16 due to none static srl address bits
WARNING: [Opt 31-1131] Can not pull register out from mem_bd_i/axi_smc/inst/m00_exit_pipeline/m00_exit/inst/exit_inst/gen_r_cmd_fifo.r_cmd_fifo/gen_srls[11].srl_nx1/shift_reg_reg[0]_srl16 due to none static srl address bits
WARNING: [Opt 31-1131] Can not pull register out from mem_bd_i/axi_smc/inst/m00_exit_pipeline/m00_exit/inst/exit_inst/gen_r_cmd_fifo.r_cmd_fifo/gen_srls[12].srl_nx1/shift_reg_reg[0]_srl16 due to none static srl address bits
WARNING: [Opt 31-1131] Can not pull register out from mem_bd_i/axi_smc/inst/m00_exit_pipeline/m00_exit/inst/exit_inst/gen_r_cmd_fifo.r_cmd_fifo/gen_srls[13].srl_nx1/shift_reg_reg[0]_srl16 due to none static srl address bits
WARNING: [Opt 31-1131] Can not pull register out from mem_bd_i/axi_smc/inst/m00_exit_pipeline/m00_exit/inst/exit_inst/gen_r_cmd_fifo.r_cmd_fifo/gen_srls[14].srl_nx1/shift_reg_reg[0]_srl16 due to none static srl address bits
WARNING: [Opt 31-1131] Can not pull register out from mem_bd_i/axi_smc/inst/m00_exit_pipeline/m00_exit/inst/exit_inst/gen_r_cmd_fifo.r_cmd_fifo/gen_srls[15].srl_nx1/shift_reg_reg[0]_srl16 due to none static srl address bits
WARNING: [Opt 31-1131] Can not pull register out from mem_bd_i/axi_smc/inst/m00_exit_pipeline/m00_exit/inst/exit_inst/gen_r_cmd_fifo.r_cmd_fifo/gen_srls[16].srl_nx1/shift_reg_reg[0]_srl16 due to none static srl address bits
WARNING: [Opt 31-1131] Can not pull register out from mem_bd_i/axi_smc/inst/m00_exit_pipeline/m00_exit/inst/exit_inst/gen_r_cmd_fifo.r_cmd_fifo/gen_srls[1].srl_nx1/shift_reg_reg[0]_srl16 due to none static srl address bits
WARNING: [Opt 31-1131] Can not pull register out from mem_bd_i/axi_smc/inst/m00_exit_pipeline/m00_exit/inst/exit_inst/gen_r_cmd_fifo.r_cmd_fifo/gen_srls[2].srl_nx1/shift_reg_reg[0]_srl16 due to none static srl address bits
WARNING: [Opt 31-1131] Can not pull register out from mem_bd_i/axi_smc/inst/m00_exit_pipeline/m00_exit/inst/exit_inst/gen_r_cmd_fifo.r_cmd_fifo/gen_srls[3].srl_nx1/shift_reg_reg[0]_srl16 due to none static srl address bits
WARNING: [Opt 31-1131] Can not pull register out from mem_bd_i/axi_smc/inst/m00_exit_pipeline/m00_exit/inst/exit_inst/gen_r_cmd_fifo.r_cmd_fifo/gen_srls[4].srl_nx1/shift_reg_reg[0]_srl16 due to none static srl address bits
WARNING: [Opt 31-1131] Can not pull register out from mem_bd_i/axi_smc/inst/m00_exit_pipeline/m00_exit/inst/exit_inst/gen_r_cmd_fifo.r_cmd_fifo/gen_srls[5].srl_nx1/shift_reg_reg[0]_srl16 due to none static srl address bits
WARNING: [Opt 31-1131] Can not pull register out from mem_bd_i/axi_smc/inst/m00_exit_pipeline/m00_exit/inst/exit_inst/gen_r_cmd_fifo.r_cmd_fifo/gen_srls[6].srl_nx1/shift_reg_reg[0]_srl16 due to none static srl address bits
WARNING: [Opt 31-1131] Can not pull register out from mem_bd_i/axi_smc/inst/m00_exit_pipeline/m00_exit/inst/exit_inst/gen_r_cmd_fifo.r_cmd_fifo/gen_srls[7].srl_nx1/shift_reg_reg[0]_srl16 due to none static srl address bits
WARNING: [Opt 31-1131] Can not pull register out from mem_bd_i/axi_smc/inst/m00_exit_pipeline/m00_exit/inst/exit_inst/gen_r_cmd_fifo.r_cmd_fifo/gen_srls[8].srl_nx1/shift_reg_reg[0]_srl16 due to none static srl address bits
WARNING: [Opt 31-1131] Can not pull register out from mem_bd_i/axi_smc/inst/m00_exit_pipeline/m00_exit/inst/exit_inst/gen_r_cmd_fifo.r_cmd_fifo/gen_srls[9].srl_nx1/shift_reg_reg[0]_srl16 due to none static srl address bits
WARNING: [Opt 31-1131] Can not pull register out from mem_bd_i/axi_smc/inst/m00_exit_pipeline/m00_exit/inst/exit_inst/gen_w_cmd_fifo.w_cmd_fifo/gen_srls[1].srl_nx1/shift_reg_reg[0]_srl16 due to none static srl address bits
WARNING: [Opt 31-1131] Can not pull register out from mem_bd_i/axi_smc/inst/m00_exit_pipeline/m00_exit/inst/exit_inst/gen_w_cmd_fifo.w_cmd_fifo/gen_srls[2].srl_nx1/shift_reg_reg[0]_srl16 due to none static srl address bits
WARNING: [Opt 31-1131] Can not pull register out from mem_bd_i/axi_smc/inst/m00_nodes/m00_aw_node/inst/inst_si_handler/gen_m_axis_arb_fifo.inst_axis_arb_fifo/gen_srls[1].srl_nx1/shift_reg_reg[0]_srl16 due to none static srl address bits
WARNING: [Opt 31-1131] Can not pull register out from mem_bd_i/axi_smc/inst/s01_entry_pipeline/s01_si_converter/inst/gen_normal.splitter_inst/gen_no_wsplitter.gen_endpoint_woffset.gen_wbypass_offset_fifo.wbypass_offset_fifo/gen_srls[0].srl_nx1/shift_reg_reg[0]_srl16 due to none static srl address bits
WARNING: [Opt 31-1131] Can not pull register out from mem_bd_i/axi_smc/inst/s01_entry_pipeline/s01_si_converter/inst/gen_normal.splitter_inst/gen_no_wsplitter.gen_endpoint_woffset.gen_wbypass_offset_fifo.wbypass_offset_fifo/gen_srls[10].srl_nx1/shift_reg_reg[0]_srl16 due to none static srl address bits
WARNING: [Opt 31-1131] Can not pull register out from mem_bd_i/axi_smc/inst/s01_entry_pipeline/s01_si_converter/inst/gen_normal.splitter_inst/gen_no_wsplitter.gen_endpoint_woffset.gen_wbypass_offset_fifo.wbypass_offset_fifo/gen_srls[11].srl_nx1/shift_reg_reg[0]_srl16 due to none static srl address bits
WARNING: [Opt 31-1131] Can not pull register out from mem_bd_i/axi_smc/inst/s01_entry_pipeline/s01_si_converter/inst/gen_normal.splitter_inst/gen_no_wsplitter.gen_endpoint_woffset.gen_wbypass_offset_fifo.wbypass_offset_fifo/gen_srls[12].srl_nx1/shift_reg_reg[0]_srl16 due to none static srl address bits
INFO: [Common 17-14] Message 'Opt 31-1131' appears 100 times and further instances of the messages will be disabled. Use the Tcl command set_msg_config to change the current settings.
INFO: [Opt 31-1064] SRL Remap converted 0 SRLs to 0 registers and converted 0 registers of register chains to 0 SRLs
Phase 7 Shift Register Optimization | Checksum: 18b05bbd5

Time (s): cpu = 00:00:05 ; elapsed = 00:00:03 . Memory (MB): peak = 3450.918 ; gain = 0.000 ; free physical = 11466 ; free virtual = 160252
Shift Register Optimization | Checksum: 18b05bbd5
INFO: [Opt 31-389] Phase Shift Register Optimization created 0 cells and removed 0 cells

Phase 8 Post Processing Netlist
Phase 8 Post Processing Netlist | Checksum: 1874afecc

Time (s): cpu = 00:00:05 ; elapsed = 00:00:04 . Memory (MB): peak = 3450.918 ; gain = 0.000 ; free physical = 11434 ; free virtual = 160220
Post Processing Netlist | Checksum: 1874afecc
INFO: [Opt 31-389] Phase Post Processing Netlist created 0 cells and removed 0 cells
INFO: [Opt 31-1021] In phase Post Processing Netlist, 60 netlist objects are constrained preventing optimization. Please run opt_design with -debug_log to get more detail. 

Phase 9 Finalization

Phase 9.1 Finalizing Design Cores and Updating Shapes
Phase 9.1 Finalizing Design Cores and Updating Shapes | Checksum: 19ed24aa6

Time (s): cpu = 00:00:06 ; elapsed = 00:00:04 . Memory (MB): peak = 3450.918 ; gain = 0.000 ; free physical = 11466 ; free virtual = 160253

Phase 9.2 Verifying Netlist Connectivity

Starting Connectivity Check Task

Time (s): cpu = 00:00:00.05 ; elapsed = 00:00:00.05 . Memory (MB): peak = 3450.918 ; gain = 0.000 ; free physical = 11466 ; free virtual = 160253
Phase 9.2 Verifying Netlist Connectivity | Checksum: 19ed24aa6

Time (s): cpu = 00:00:06 ; elapsed = 00:00:04 . Memory (MB): peak = 3450.918 ; gain = 0.000 ; free physical = 11466 ; free virtual = 160253
Phase 9 Finalization | Checksum: 19ed24aa6

Time (s): cpu = 00:00:06 ; elapsed = 00:00:04 . Memory (MB): peak = 3450.918 ; gain = 0.000 ; free physical = 11466 ; free virtual = 160253
Opt_design Change Summary
=========================


-------------------------------------------------------------------------------------------------------------------------
|  Phase                        |  #Cells created  |  #Cells Removed  |  #Constrained objects preventing optimizations  |
-------------------------------------------------------------------------------------------------------------------------
|  Retarget                     |              74  |             439  |                                             60  |
|  Constant propagation         |              40  |             263  |                                             60  |
|  Sweep                        |               0  |            1183  |                                             77  |
|  BUFG optimization            |               0  |               0  |                                              0  |
|  Shift Register Optimization  |               0  |               0  |                                              0  |
|  Post Processing Netlist      |               0  |               0  |                                             60  |
-------------------------------------------------------------------------------------------------------------------------


Ending Logic Optimization Task | Checksum: 19ed24aa6

Time (s): cpu = 00:00:06 ; elapsed = 00:00:04 . Memory (MB): peak = 3450.918 ; gain = 0.000 ; free physical = 11466 ; free virtual = 160253
INFO: [Constraints 18-11670] Building netlist checker database with flags, 0x8
Done building netlist checker database: Time (s): cpu = 00:00:00.01 ; elapsed = 00:00:00.02 . Memory (MB): peak = 3450.918 ; gain = 0.000 ; free physical = 11466 ; free virtual = 160253

Starting Power Optimization Task
INFO: [Pwropt 34-132] Skipping clock gating for clocks with a period < 2.00 ns.
INFO: [Timing 38-35] Done setting XDC timing constraints.
Running Vector-less Activity Propagation...
INFO: [Pwropt 34-9] Applying IDT optimizations ...
INFO: [Pwropt 34-10] Applying ODC optimizations ...

Finished Running Vector-less Activity Propagation


Starting PowerOpt Patch Enables Task
INFO: [Pwropt 34-162] WRITE_MODE attribute of 0 BRAM(s) out of a total of 103 has been updated to save power. Run report_power_opt to get a complete listing of the BRAMs updated.
INFO: [Pwropt 34-201] Structural ODC has moved 2 WE to EN ports
Number of BRAM Ports augmented: 5 newly gated: 18 Total Ports: 206
Ending PowerOpt Patch Enables Task | Checksum: 1bd999e92

Time (s): cpu = 00:00:00.78 ; elapsed = 00:00:00.76 . Memory (MB): peak = 4225.246 ; gain = 0.000 ; free physical = 10790 ; free virtual = 159577
Ending Power Optimization Task | Checksum: 1bd999e92

Time (s): cpu = 00:00:23 ; elapsed = 00:00:14 . Memory (MB): peak = 4225.246 ; gain = 774.328 ; free physical = 10790 ; free virtual = 159577

Starting Final Cleanup Task
Ending Final Cleanup Task | Checksum: 1bd999e92

Time (s): cpu = 00:00:00 ; elapsed = 00:00:00.01 . Memory (MB): peak = 4225.246 ; gain = 0.000 ; free physical = 10790 ; free virtual = 159577

Starting Netlist Obfuscation Task
Netlist sorting complete. Time (s): cpu = 00:00:00.06 ; elapsed = 00:00:00.06 . Memory (MB): peak = 4225.246 ; gain = 0.000 ; free physical = 10790 ; free virtual = 159577
Ending Netlist Obfuscation Task | Checksum: 106c18a17

Time (s): cpu = 00:00:00.07 ; elapsed = 00:00:00.07 . Memory (MB): peak = 4225.246 ; gain = 0.000 ; free physical = 10790 ; free virtual = 159577
INFO: [Common 17-83] Releasing license: Implementation
52 Infos, 203 Warnings, 0 Critical Warnings and 0 Errors encountered.
opt_design completed successfully
opt_design: Time (s): cpu = 00:00:36 ; elapsed = 00:00:23 . Memory (MB): peak = 4225.246 ; gain = 932.176 ; free physical = 10790 ; free virtual = 159577
INFO: [runtcl-4] Executing : report_drc -file mem_bd_wrapper_drc_opted.rpt -pb mem_bd_wrapper_drc_opted.pb -rpx mem_bd_wrapper_drc_opted.rpx
Command: report_drc -file mem_bd_wrapper_drc_opted.rpt -pb mem_bd_wrapper_drc_opted.pb -rpx mem_bd_wrapper_drc_opted.rpx
INFO: [IP_Flow 19-1839] IP Catalog is up to date.
INFO: [DRC 23-27] Running DRC with 8 threads
INFO: [Vivado_Tcl 2-168] The results of DRC are in file /home/mss464/minitpu/tpu/build/mem_system/mem_system.runs/impl_1/mem_bd_wrapper_drc_opted.rpt.
report_drc completed successfully
INFO: [Timing 38-480] Writing timing data to binary archive.
Write ShapeDB Complete: Time (s): cpu = 00:00:00.15 ; elapsed = 00:00:00.04 . Memory (MB): peak = 4265.266 ; gain = 0.000 ; free physical = 10741 ; free virtual = 159529
INFO: [Common 17-1381] The checkpoint '/home/mss464/minitpu/tpu/build/mem_system/mem_system.runs/impl_1/mem_bd_wrapper_opt.dcp' has been generated.
Command: place_design
Attempting to get a license for feature 'Implementation' and/or device 'xczu3eg'
INFO: [Common 17-349] Got license for feature 'Implementation' and/or device 'xczu3eg'
INFO: [Common 17-83] Releasing license: Implementation
INFO: [DRC 23-27] Running DRC with 8 threads
INFO: [Vivado_Tcl 4-198] DRC finished with 0 Errors
INFO: [Vivado_Tcl 4-199] Please refer to the DRC report (report_drc) for more information.
Running DRC as a precondition to command place_design
INFO: [DRC 23-27] Running DRC with 8 threads
INFO: [Vivado_Tcl 4-198] DRC finished with 0 Errors
INFO: [Vivado_Tcl 4-199] Please refer to the DRC report (report_drc) for more information.
INFO: [Place 30-611] Multithreading enabled for place_design using a maximum of 8 CPUs

Starting Placer Task

Phase 1 Placer Initialization

Phase 1.1 Placer Initialization Netlist Sorting
Netlist sorting complete. Time (s): cpu = 00:00:00.01 ; elapsed = 00:00:00.01 . Memory (MB): peak = 4265.266 ; gain = 0.000 ; free physical = 10738 ; free virtual = 159534
Phase 1.1 Placer Initialization Netlist Sorting | Checksum: ed88dc0a

Time (s): cpu = 00:00:00.02 ; elapsed = 00:00:00.02 . Memory (MB): peak = 4265.266 ; gain = 0.000 ; free physical = 10738 ; free virtual = 159534
Netlist sorting complete. Time (s): cpu = 00:00:00.01 ; elapsed = 00:00:00 . Memory (MB): peak = 4265.266 ; gain = 0.000 ; free physical = 10742 ; free virtual = 159538

Phase 1.2 IO Placement/ Clock Placement/ Build Placer Device
INFO: [Timing 38-35] Done setting XDC timing constraints.
Phase 1.2 IO Placement/ Clock Placement/ Build Placer Device | Checksum: da7b546e

Time (s): cpu = 00:00:21 ; elapsed = 00:00:19 . Memory (MB): peak = 4748.391 ; gain = 483.125 ; free physical = 10347 ; free virtual = 159155

Phase 1.3 Build Placer Netlist Model
Phase 1.3 Build Placer Netlist Model | Checksum: 1b5d2be0e

Time (s): cpu = 00:00:32 ; elapsed = 00:00:25 . Memory (MB): peak = 4780.406 ; gain = 515.141 ; free physical = 10299 ; free virtual = 159153

Phase 1.4 Constrain Clocks/Macros
Phase 1.4 Constrain Clocks/Macros | Checksum: 1b5d2be0e

Time (s): cpu = 00:00:32 ; elapsed = 00:00:25 . Memory (MB): peak = 4780.406 ; gain = 515.141 ; free physical = 10293 ; free virtual = 159148
Phase 1 Placer Initialization | Checksum: 1b5d2be0e

Time (s): cpu = 00:00:33 ; elapsed = 00:00:25 . Memory (MB): peak = 4780.406 ; gain = 515.141 ; free physical = 10292 ; free virtual = 159147

Phase 2 Global Placement

Phase 2.1 Floorplanning

Phase 2.1.1 Partition Driven Placement

Phase 2.1.1.1 PBP: Partition Driven Placement
Phase 2.1.1.1 PBP: Partition Driven Placement | Checksum: 14d25c0cf

Time (s): cpu = 00:00:51 ; elapsed = 00:00:32 . Memory (MB): peak = 4780.406 ; gain = 515.141 ; free physical = 10246 ; free virtual = 159148

Phase 2.1.1.2 PBP: Clock Region Placement
INFO: [Place 30-3162] Check ILP status : ILP-based clock placer completed successfully.
Phase 2.1.1.2 PBP: Clock Region Placement | Checksum: 14d25c0cf

Time (s): cpu = 00:00:52 ; elapsed = 00:00:33 . Memory (MB): peak = 4780.406 ; gain = 515.141 ; free physical = 10241 ; free virtual = 159148

Phase 2.1.1.3 PBP: Compute Congestion
Phase 2.1.1.3 PBP: Compute Congestion | Checksum: 14d25c0cf

Time (s): cpu = 00:01:05 ; elapsed = 00:00:36 . Memory (MB): peak = 5057.391 ; gain = 792.125 ; free physical = 9760 ; free virtual = 158701

Phase 2.1.1.4 PBP: UpdateTiming
Phase 2.1.1.4 PBP: UpdateTiming | Checksum: 189091cf6

Time (s): cpu = 00:01:07 ; elapsed = 00:00:37 . Memory (MB): peak = 5089.406 ; gain = 824.141 ; free physical = 9756 ; free virtual = 158702

Phase 2.1.1.5 PBP: Add part constraints
Phase 2.1.1.5 PBP: Add part constraints | Checksum: 189091cf6

Time (s): cpu = 00:01:07 ; elapsed = 00:00:37 . Memory (MB): peak = 5089.406 ; gain = 824.141 ; free physical = 9755 ; free virtual = 158701
Phase 2.1.1 Partition Driven Placement | Checksum: 189091cf6

Time (s): cpu = 00:01:07 ; elapsed = 00:00:37 . Memory (MB): peak = 5089.406 ; gain = 824.141 ; free physical = 9755 ; free virtual = 158702
Phase 2.1 Floorplanning | Checksum: 13dadb522

Time (s): cpu = 00:01:07 ; elapsed = 00:00:37 . Memory (MB): peak = 5089.406 ; gain = 824.141 ; free physical = 9755 ; free virtual = 158702

Phase 2.2 Update Timing before SLR Path Opt
Phase 2.2 Update Timing before SLR Path Opt | Checksum: 13dadb522

Time (s): cpu = 00:01:07 ; elapsed = 00:00:37 . Memory (MB): peak = 5089.406 ; gain = 824.141 ; free physical = 9755 ; free virtual = 158701

Phase 2.3 Post-Processing in Floorplanning
Phase 2.3 Post-Processing in Floorplanning | Checksum: 13dadb522

Time (s): cpu = 00:01:08 ; elapsed = 00:00:37 . Memory (MB): peak = 5089.406 ; gain = 824.141 ; free physical = 9754 ; free virtual = 158702

Phase 2.4 Global Placement Core

Phase 2.4.1 UpdateTiming Before Physical Synthesis
Phase 2.4.1 UpdateTiming Before Physical Synthesis | Checksum: 1809ff594

Time (s): cpu = 00:01:55 ; elapsed = 00:00:54 . Memory (MB): peak = 5130.406 ; gain = 865.141 ; free physical = 9621 ; free virtual = 158669

Phase 2.4.2 Physical Synthesis In Placer
INFO: [Physopt 32-1035] Found 0 LUTNM shape to break, 548 LUT instances to create LUTNM shape
INFO: [Physopt 32-1044] Break lutnm for timing: one critical 0, two critical 0, total 0, new lutff created 0
INFO: [Physopt 32-1138] End 1 Pass. Optimized 210 nets or LUTs. Breaked 0 LUT, combined 210 existing LUTs and moved 0 existing LUT
INFO: [Physopt 32-1030] Pass 1. Identified 17 candidate driver sets for equivalent driver rewiring.
INFO: [Physopt 32-661] Optimized 14 nets.  Re-placed 106 instances.
INFO: [Physopt 32-775] End 1 Pass. Optimized 14 nets or cells. Created 134 new cells, deleted 208 existing cells and moved 106 existing cells
Netlist sorting complete. Time (s): cpu = 00:00:00.05 ; elapsed = 00:00:00.05 . Memory (MB): peak = 5130.406 ; gain = 0.000 ; free physical = 9608 ; free virtual = 158674
INFO: [Physopt 32-65] No nets found for high-fanout optimization.
INFO: [Physopt 32-232] Optimized 0 net. Created 0 new instance.
INFO: [Physopt 32-775] End 1 Pass. Optimized 0 net or cell. Created 0 new cell, deleted 0 existing cell and moved 0 existing cell
INFO: [Physopt 32-670] No setup violation found.  DSP Register Optimization was not performed.
INFO: [Physopt 32-670] No setup violation found.  Shift Register to Pipeline Optimization was not performed.
INFO: [Physopt 32-670] No setup violation found.  Shift Register Optimization was not performed.
INFO: [Physopt 32-670] No setup violation found.  BRAM Register Optimization was not performed.
INFO: [Physopt 32-670] No setup violation found.  URAM Register Optimization was not performed.
INFO: [Physopt 32-949] No candidate nets found for dynamic/static region interface net replication
INFO: [Physopt 32-775] End 1 Pass. Optimized 0 net or cell. Created 0 new cell, deleted 0 existing cell and moved 0 existing cell
Netlist sorting complete. Time (s): cpu = 00:00:00 ; elapsed = 00:00:00 . Memory (MB): peak = 5130.406 ; gain = 0.000 ; free physical = 9606 ; free virtual = 158675

Summary of Physical Synthesis Optimizations
============================================


-----------------------------------------------------------------------------------------------------------------------------------------------------------
|  Optimization                                     |  Added Cells  |  Removed Cells  |  Optimized Cells/Nets  |  Dont Touch  |  Iterations  |  Elapsed   |
-----------------------------------------------------------------------------------------------------------------------------------------------------------
|  LUT Combining                                    |            0  |            210  |                   210  |           0  |           1  |  00:00:01  |
|  Retime                                           |            0  |              0  |                     0  |           0  |           1  |  00:00:00  |
|  Equivalent Driver Rewiring                       |          134  |            208  |                    14  |           0  |           1  |  00:00:01  |
|  Very High Fanout                                 |            0  |              0  |                     0  |           0  |           1  |  00:00:00  |
|  DSP Register                                     |            0  |              0  |                     0  |           0  |           0  |  00:00:00  |
|  Shift Register to Pipeline                       |            0  |              0  |                     0  |           0  |           0  |  00:00:00  |
|  Shift Register                                   |            0  |              0  |                     0  |           0  |           0  |  00:00:00  |
|  BRAM Register                                    |            0  |              0  |                     0  |           0  |           0  |  00:00:00  |
|  URAM Register                                    |            0  |              0  |                     0  |           0  |           0  |  00:00:00  |
|  Dynamic/Static Region Interface Net Replication  |            0  |              0  |                     0  |           0  |           1  |  00:00:00  |
|  Total                                            |          134  |            418  |                   224  |           0  |           5  |  00:00:02  |
-----------------------------------------------------------------------------------------------------------------------------------------------------------


Phase 2.4.2 Physical Synthesis In Placer | Checksum: 165845527

Time (s): cpu = 00:02:00 ; elapsed = 00:00:58 . Memory (MB): peak = 5130.406 ; gain = 865.141 ; free physical = 9583 ; free virtual = 158663
Phase 2.4 Global Placement Core | Checksum: 1a69153d1

Time (s): cpu = 00:02:15 ; elapsed = 00:01:02 . Memory (MB): peak = 5130.406 ; gain = 865.141 ; free physical = 9537 ; free virtual = 158660
Phase 2 Global Placement | Checksum: 1a69153d1

Time (s): cpu = 00:02:15 ; elapsed = 00:01:02 . Memory (MB): peak = 5130.406 ; gain = 865.141 ; free physical = 9536 ; free virtual = 158660

Phase 3 Detail Placement

Phase 3.1 Commit Multi Column Macros
Phase 3.1 Commit Multi Column Macros | Checksum: d2c29503

Time (s): cpu = 00:02:30 ; elapsed = 00:01:07 . Memory (MB): peak = 5130.406 ; gain = 865.141 ; free physical = 9473 ; free virtual = 158659

Phase 3.2 Commit Most Macros & LUTRAMs
Phase 3.2 Commit Most Macros & LUTRAMs | Checksum: 13ca362ce

Time (s): cpu = 00:02:35 ; elapsed = 00:01:09 . Memory (MB): peak = 5130.406 ; gain = 865.141 ; free physical = 9438 ; free virtual = 158654

Phase 3.3 Small Shape DP

Phase 3.3.1 Small Shape Clustering
Phase 3.3.1 Small Shape Clustering | Checksum: 8b547014

Time (s): cpu = 00:02:49 ; elapsed = 00:01:13 . Memory (MB): peak = 5130.406 ; gain = 865.141 ; free physical = 9391 ; free virtual = 158656

Phase 3.3.2 Slice Area Swap

Phase 3.3.2.1 Slice Area Swap Initial
Phase 3.3.2.1 Slice Area Swap Initial | Checksum: 11c8440bc

Time (s): cpu = 00:02:50 ; elapsed = 00:01:14 . Memory (MB): peak = 5130.406 ; gain = 865.141 ; free physical = 9385 ; free virtual = 158655
Phase 3.3.2 Slice Area Swap | Checksum: 11c8440bc

Time (s): cpu = 00:02:50 ; elapsed = 00:01:14 . Memory (MB): peak = 5130.406 ; gain = 865.141 ; free physical = 9389 ; free virtual = 158661
Phase 3.3 Small Shape DP | Checksum: 1d07e8d2f

Time (s): cpu = 00:02:56 ; elapsed = 00:01:15 . Memory (MB): peak = 5130.406 ; gain = 865.141 ; free physical = 9965 ; free virtual = 158752

Phase 3.4 Re-assign LUT pins
Phase 3.4 Re-assign LUT pins | Checksum: 14bc42784

Time (s): cpu = 00:02:57 ; elapsed = 00:01:16 . Memory (MB): peak = 5130.406 ; gain = 865.141 ; free physical = 10225 ; free virtual = 159012

Phase 3.5 Pipeline Register Optimization
Phase 3.5 Pipeline Register Optimization | Checksum: 5d9ed722

Time (s): cpu = 00:02:57 ; elapsed = 00:01:17 . Memory (MB): peak = 5130.406 ; gain = 865.141 ; free physical = 10224 ; free virtual = 159011
Phase 3 Detail Placement | Checksum: 5d9ed722

Time (s): cpu = 00:02:57 ; elapsed = 00:01:17 . Memory (MB): peak = 5130.406 ; gain = 865.141 ; free physical = 10224 ; free virtual = 159010

Phase 4 Post Placement Optimization and Clean-Up

Phase 4.1 Post Commit Optimization
INFO: [Timing 38-35] Done setting XDC timing constraints.

Phase 4.1.1 Post Placement Optimization
Post Placement Optimization Initialization | Checksum: 157038e04

Phase 4.1.1.1 BUFG Insertion

Starting Physical Synthesis Task

Phase 1 Physical Synthesis Initialization
INFO: [Physopt 32-721] Multithreading enabled for phys_opt_design using a maximum of 8 CPUs
INFO: [Physopt 32-619] Estimated Timing Summary | WNS=15.869 | TNS=0.000 |
Phase 1 Physical Synthesis Initialization | Checksum: 9e2ce988

Time (s): cpu = 00:00:02 ; elapsed = 00:00:00.49 . Memory (MB): peak = 5130.406 ; gain = 0.000 ; free physical = 10224 ; free virtual = 159010
INFO: [Place 46-35] Processed net mem_bd_i/axi_dma_0/U0/I_PRMRY_DATAMOVER/GEN_S2MM_FULL.I_S2MM_FULL_WRAPPER/I_RESET/sig_cmd_stat_rst_user_reg_n_cdc_from, inserted BUFG to drive 1116 loads.
INFO: [Place 46-45] Replicated bufg driver mem_bd_i/axi_dma_0/U0/I_PRMRY_DATAMOVER/GEN_S2MM_FULL.I_S2MM_FULL_WRAPPER/I_RESET/sig_cmd_stat_rst_user_reg_n_cdc_from_reg_replica
INFO: [Place 46-56] BUFG insertion identified 1 candidate nets. Inserted BUFG: 1, Replicated BUFG Driver: 1, Skipped due to Placement/Routing Conflicts: 0, Skipped due to Timing Degradation: 0, Skipped due to netlist editing failed: 0.
Ending Physical Synthesis Task | Checksum: 15a16cad7

Time (s): cpu = 00:00:03 ; elapsed = 00:00:01 . Memory (MB): peak = 5130.406 ; gain = 0.000 ; free physical = 10223 ; free virtual = 159010
Phase 4.1.1.1 BUFG Insertion | Checksum: 15de16ff7

Time (s): cpu = 00:03:26 ; elapsed = 00:01:27 . Memory (MB): peak = 5130.406 ; gain = 865.141 ; free physical = 10219 ; free virtual = 159006

Phase 4.1.1.2 Post Placement Timing Optimization
INFO: [Place 30-746] Post Placement Timing Summary WNS=15.869. For the most accurate timing information please run report_timing.
Phase 4.1.1.2 Post Placement Timing Optimization | Checksum: 12f460566

Time (s): cpu = 00:03:26 ; elapsed = 00:01:27 . Memory (MB): peak = 5130.406 ; gain = 865.141 ; free physical = 10217 ; free virtual = 159003

Time (s): cpu = 00:03:26 ; elapsed = 00:01:27 . Memory (MB): peak = 5130.406 ; gain = 865.141 ; free physical = 10217 ; free virtual = 159003
Phase 4.1 Post Commit Optimization | Checksum: 12f460566

Time (s): cpu = 00:03:26 ; elapsed = 00:01:27 . Memory (MB): peak = 5130.406 ; gain = 865.141 ; free physical = 10216 ; free virtual = 159003
Netlist sorting complete. Time (s): cpu = 00:00:00.05 ; elapsed = 00:00:00.05 . Memory (MB): peak = 5149.391 ; gain = 0.000 ; free physical = 10182 ; free virtual = 158968

Phase 4.2 Post Placement Cleanup
Phase 4.2 Post Placement Cleanup | Checksum: 18500726a

Time (s): cpu = 00:03:42 ; elapsed = 00:01:33 . Memory (MB): peak = 5149.391 ; gain = 884.125 ; free physical = 10166 ; free virtual = 158953

Phase 4.3 Placer Reporting

Phase 4.3.1 Print Estimated Congestion
INFO: [Place 30-612] Post-Placement Estimated Congestion 
 ________________________________________________________________________
|           | Global Congestion | Long Congestion   | Short Congestion  |
| Direction | Region Size       | Region Size       | Region Size       |
|___________|___________________|___________________|___________________|
|      North|                1x1|                1x1|                1x1|
|___________|___________________|___________________|___________________|
|      South|                1x1|                1x1|                2x2|
|___________|___________________|___________________|___________________|
|       East|                1x1|                1x1|                4x4|
|___________|___________________|___________________|___________________|
|       West|                1x1|                1x1|                4x4|
|___________|___________________|___________________|___________________|

Phase 4.3.1 Print Estimated Congestion | Checksum: 18500726a

Time (s): cpu = 00:03:42 ; elapsed = 00:01:33 . Memory (MB): peak = 5149.391 ; gain = 884.125 ; free physical = 10179 ; free virtual = 158966
Phase 4.3 Placer Reporting | Checksum: 18500726a

Time (s): cpu = 00:03:42 ; elapsed = 00:01:33 . Memory (MB): peak = 5149.391 ; gain = 884.125 ; free physical = 10180 ; free virtual = 158967

Phase 4.4 Final Placement Cleanup
Netlist sorting complete. Time (s): cpu = 00:00:00.01 ; elapsed = 00:00:00 . Memory (MB): peak = 5149.391 ; gain = 0.000 ; free physical = 10180 ; free virtual = 158967

Time (s): cpu = 00:03:42 ; elapsed = 00:01:33 . Memory (MB): peak = 5149.391 ; gain = 884.125 ; free physical = 10180 ; free virtual = 158967
Phase 4 Post Placement Optimization and Clean-Up | Checksum: 1eee027aa

Time (s): cpu = 00:03:42 ; elapsed = 00:01:34 . Memory (MB): peak = 5149.391 ; gain = 884.125 ; free physical = 10180 ; free virtual = 158967
Ending Placer Task | Checksum: 1ec5025e7

Time (s): cpu = 00:03:43 ; elapsed = 00:01:34 . Memory (MB): peak = 5149.391 ; gain = 884.125 ; free physical = 10180 ; free virtual = 158967
93 Infos, 203 Warnings, 0 Critical Warnings and 0 Errors encountered.
place_design completed successfully
place_design: Time (s): cpu = 00:03:47 ; elapsed = 00:01:35 . Memory (MB): peak = 5149.391 ; gain = 884.125 ; free physical = 10180 ; free virtual = 158967
INFO: [runtcl-4] Executing : report_io -file mem_bd_wrapper_io_placed.rpt
report_io: Time (s): cpu = 00:00:00.1 ; elapsed = 00:00:00.2 . Memory (MB): peak = 5149.391 ; gain = 0.000 ; free physical = 10180 ; free virtual = 158966
INFO: [runtcl-4] Executing : report_utilization -file mem_bd_wrapper_utilization_placed.rpt -pb mem_bd_wrapper_utilization_placed.pb
INFO: [runtcl-4] Executing : report_control_sets -verbose -file mem_bd_wrapper_control_sets_placed.rpt
report_control_sets: Time (s): cpu = 00:00:00.11 ; elapsed = 00:00:00.2 . Memory (MB): peak = 5149.391 ; gain = 0.000 ; free physical = 10185 ; free virtual = 158972
INFO: [Timing 38-480] Writing timing data to binary archive.
Write ShapeDB Complete: Time (s): cpu = 00:00:00.46 ; elapsed = 00:00:00.1 . Memory (MB): peak = 5149.391 ; gain = 0.000 ; free physical = 10180 ; free virtual = 158973
Wrote PlaceDB: Time (s): cpu = 00:00:03 ; elapsed = 00:00:01 . Memory (MB): peak = 5149.391 ; gain = 0.000 ; free physical = 10155 ; free virtual = 158970
Wrote PulsedLatchDB: Time (s): cpu = 00:00:00 ; elapsed = 00:00:00 . Memory (MB): peak = 5149.391 ; gain = 0.000 ; free physical = 10155 ; free virtual = 158970
Writing XDEF routing.
Writing XDEF routing logical nets.
Writing XDEF routing special nets.
Wrote RouteStorage: Time (s): cpu = 00:00:00.26 ; elapsed = 00:00:00.11 . Memory (MB): peak = 5149.391 ; gain = 0.000 ; free physical = 10154 ; free virtual = 158969
Wrote Netlist Cache: Time (s): cpu = 00:00:00.09 ; elapsed = 00:00:00.04 . Memory (MB): peak = 5149.391 ; gain = 0.000 ; free physical = 10152 ; free virtual = 158969
Wrote Device Cache: Time (s): cpu = 00:00:00.05 ; elapsed = 00:00:00.03 . Memory (MB): peak = 5149.391 ; gain = 0.000 ; free physical = 10137 ; free virtual = 158957
Write Physdb Complete: Time (s): cpu = 00:00:04 ; elapsed = 00:00:01 . Memory (MB): peak = 5149.391 ; gain = 0.000 ; free physical = 10137 ; free virtual = 158957
INFO: [Common 17-1381] The checkpoint '/home/mss464/minitpu/tpu/build/mem_system/mem_system.runs/impl_1/mem_bd_wrapper_placed.dcp' has been generated.
write_checkpoint: Time (s): cpu = 00:00:10 ; elapsed = 00:00:05 . Memory (MB): peak = 5173.402 ; gain = 24.012 ; free physical = 10164 ; free virtual = 158965
Command: phys_opt_design
Attempting to get a license for feature 'Implementation' and/or device 'xczu3eg'
INFO: [Common 17-349] Got license for feature 'Implementation' and/or device 'xczu3eg'

Starting Initial Update Timing Task

Time (s): cpu = 00:00:12 ; elapsed = 00:00:03 . Memory (MB): peak = 5173.402 ; gain = 0.000 ; free physical = 10156 ; free virtual = 158956
INFO: [Vivado_Tcl 4-383] Design worst setup slack (WNS) is greater than or equal to 0.000 ns. Skipping all physical synthesis optimizations.
INFO: [Vivado_Tcl 4-232] No setup violation found. The netlist was not modified.
INFO: [Common 17-83] Releasing license: Implementation
102 Infos, 203 Warnings, 0 Critical Warnings and 0 Errors encountered.
phys_opt_design completed successfully
INFO: [Timing 38-480] Writing timing data to binary archive.
Write ShapeDB Complete: Time (s): cpu = 00:00:00.42 ; elapsed = 00:00:00.09 . Memory (MB): peak = 5173.402 ; gain = 0.000 ; free physical = 10129 ; free virtual = 158936
Wrote PlaceDB: Time (s): cpu = 00:00:03 ; elapsed = 00:00:01 . Memory (MB): peak = 5173.402 ; gain = 0.000 ; free physical = 10175 ; free virtual = 159002
Wrote PulsedLatchDB: Time (s): cpu = 00:00:00 ; elapsed = 00:00:00 . Memory (MB): peak = 5173.402 ; gain = 0.000 ; free physical = 10175 ; free virtual = 159002
Writing XDEF routing.
Writing XDEF routing logical nets.
Writing XDEF routing special nets.
Wrote RouteStorage: Time (s): cpu = 00:00:00.21 ; elapsed = 00:00:00.09 . Memory (MB): peak = 5173.402 ; gain = 0.000 ; free physical = 10350 ; free virtual = 159179
Wrote Netlist Cache: Time (s): cpu = 00:00:00.09 ; elapsed = 00:00:00.03 . Memory (MB): peak = 5173.402 ; gain = 0.000 ; free physical = 10370 ; free virtual = 159200
Wrote Device Cache: Time (s): cpu = 00:00:00.05 ; elapsed = 00:00:00.03 . Memory (MB): peak = 5173.402 ; gain = 0.000 ; free physical = 10365 ; free virtual = 159199
Write Physdb Complete: Time (s): cpu = 00:00:04 ; elapsed = 00:00:01 . Memory (MB): peak = 5173.402 ; gain = 0.000 ; free physical = 10365 ; free virtual = 159198
INFO: [Common 17-1381] The checkpoint '/home/mss464/minitpu/tpu/build/mem_system/mem_system.runs/impl_1/mem_bd_wrapper_physopt.dcp' has been generated.
Command: route_design
Attempting to get a license for feature 'Implementation' and/or device 'xczu3eg'
INFO: [Common 17-349] Got license for feature 'Implementation' and/or device 'xczu3eg'
Running DRC as a precondition to command route_design
INFO: [DRC 23-27] Running DRC with 8 threads
INFO: [Vivado_Tcl 4-198] DRC finished with 0 Errors
INFO: [Vivado_Tcl 4-199] Please refer to the DRC report (report_drc) for more information.


Starting Routing Task
INFO: [Route 35-254] Multithreading enabled for route_design using a maximum of 8 CPUs

Phase 1 Build RT Design
Checksum: PlaceDB: c92bd4fe ConstDB: 0 ShapeSum: cd69e3e5 RouteDB: 55ba6d04
Nodegraph reading from file.  Time (s): cpu = 00:00:00.53 ; elapsed = 00:00:00.52 . Memory (MB): peak = 5181.406 ; gain = 0.000 ; free physical = 10384 ; free virtual = 159198
Post Restoration Checksum: NetGraph: 3e6846ad | NumContArr: 92494fe3 | Constraints: 816cefcc | Timing: c2a8fa9d
Phase 1 Build RT Design | Checksum: 214c780f9

Time (s): cpu = 00:00:13 ; elapsed = 00:00:04 . Memory (MB): peak = 5181.406 ; gain = 0.000 ; free physical = 10362 ; free virtual = 159176

Phase 2 Router Initialization

Phase 2.1 Fix Topology Constraints
Phase 2.1 Fix Topology Constraints | Checksum: 214c780f9

Time (s): cpu = 00:00:14 ; elapsed = 00:00:04 . Memory (MB): peak = 5181.406 ; gain = 0.000 ; free physical = 10362 ; free virtual = 159176

Phase 2.2 Pre Route Cleanup
Phase 2.2 Pre Route Cleanup | Checksum: 214c780f9

Time (s): cpu = 00:00:14 ; elapsed = 00:00:04 . Memory (MB): peak = 5181.406 ; gain = 0.000 ; free physical = 10362 ; free virtual = 159176

Phase 2.3 Global Clock Net Routing
 Number of Nodes with overlaps = 0
Phase 2.3 Global Clock Net Routing | Checksum: 2d94ca24e

Time (s): cpu = 00:00:15 ; elapsed = 00:00:04 . Memory (MB): peak = 5181.406 ; gain = 0.000 ; free physical = 10352 ; free virtual = 159166

Phase 2.4 Update Timing
Phase 2.4 Update Timing | Checksum: 27f9ac946

Time (s): cpu = 00:00:23 ; elapsed = 00:00:08 . Memory (MB): peak = 5181.406 ; gain = 0.000 ; free physical = 10365 ; free virtual = 159179
INFO: [Route 35-416] Intermediate Timing Summary | WNS=15.912 | TNS=0.000  | WHS=-0.054 | THS=-11.171|


Router Utilization Summary
  Global Vertical Routing Utilization    = 0 %
  Global Horizontal Routing Utilization  = 0 %
  Routable Net Status*
  *Does not include unroutable nets such as driverless and loadless.
  Run report_route_status for detailed report.
  Number of Failed Nets               = 21781
    (Failed Nets is the sum of unrouted and partially routed nets)
  Number of Unrouted Nets             = 19163
  Number of Partially Routed Nets     = 2618
  Number of Node Overlaps             = 0

Phase 2 Router Initialization | Checksum: 23b7af2af

Time (s): cpu = 00:00:35 ; elapsed = 00:00:12 . Memory (MB): peak = 5181.406 ; gain = 0.000 ; free physical = 10373 ; free virtual = 159187

Phase 3 Initial Routing

Phase 3.1 Global Routing
Phase 3.1 Global Routing | Checksum: 23b7af2af

Time (s): cpu = 00:00:35 ; elapsed = 00:00:12 . Memory (MB): peak = 5181.406 ; gain = 0.000 ; free physical = 10359 ; free virtual = 159173

Phase 3.2 Initial Net Routing
Phase 3.2 Initial Net Routing | Checksum: 83964029

Time (s): cpu = 00:00:45 ; elapsed = 00:00:15 . Memory (MB): peak = 5181.406 ; gain = 0.000 ; free physical = 10347 ; free virtual = 159161
Phase 3 Initial Routing | Checksum: 1d4f2d355

Time (s): cpu = 00:00:46 ; elapsed = 00:00:15 . Memory (MB): peak = 5181.406 ; gain = 0.000 ; free physical = 10345 ; free virtual = 159159

Phase 4 Rip-up And Reroute

Phase 4.1 Global Iteration 0
 Number of Nodes with overlaps = 3174
 Number of Nodes with overlaps = 157
 Number of Nodes with overlaps = 2
 Number of Nodes with overlaps = 0
INFO: [Route 35-416] Intermediate Timing Summary | WNS=13.750 | TNS=0.000  | WHS=-0.042 | THS=-1.657 |

Phase 4.1 Global Iteration 0 | Checksum: 191550809

Time (s): cpu = 00:01:55 ; elapsed = 00:00:56 . Memory (MB): peak = 5181.406 ; gain = 0.000 ; free physical = 10409 ; free virtual = 159223

Phase 4.2 Global Iteration 1
 Number of Nodes with overlaps = 0
INFO: [Route 35-416] Intermediate Timing Summary | WNS=13.750 | TNS=0.000  | WHS=N/A    | THS=N/A    |

Phase 4.2 Global Iteration 1 | Checksum: 19675a308

Time (s): cpu = 00:01:59 ; elapsed = 00:00:57 . Memory (MB): peak = 5181.406 ; gain = 0.000 ; free physical = 10411 ; free virtual = 159225
Phase 4 Rip-up And Reroute | Checksum: 19675a308

Time (s): cpu = 00:02:00 ; elapsed = 00:00:57 . Memory (MB): peak = 5181.406 ; gain = 0.000 ; free physical = 10411 ; free virtual = 159225

Phase 5 Delay and Skew Optimization

Phase 5.1 Delay CleanUp

Phase 5.1.1 Update Timing
Phase 5.1.1 Update Timing | Checksum: 15c12811d

Time (s): cpu = 00:02:06 ; elapsed = 00:00:59 . Memory (MB): peak = 5181.406 ; gain = 0.000 ; free physical = 10385 ; free virtual = 159199
INFO: [Route 35-416] Intermediate Timing Summary | WNS=13.750 | TNS=0.000  | WHS=0.010  | THS=0.000  |


Phase 5.1.2 Update Timing
Phase 5.1.2 Update Timing | Checksum: 14901e0b9

Time (s): cpu = 00:02:11 ; elapsed = 00:01:01 . Memory (MB): peak = 5181.406 ; gain = 0.000 ; free physical = 10418 ; free virtual = 159232
INFO: [Route 35-416] Intermediate Timing Summary | WNS=13.750 | TNS=0.000  | WHS=0.010  | THS=0.000  |

Phase 5.1 Delay CleanUp | Checksum: 14901e0b9

Time (s): cpu = 00:02:11 ; elapsed = 00:01:01 . Memory (MB): peak = 5181.406 ; gain = 0.000 ; free physical = 10418 ; free virtual = 159232

Phase 5.2 Clock Skew Optimization
Phase 5.2 Clock Skew Optimization | Checksum: 14901e0b9

Time (s): cpu = 00:02:11 ; elapsed = 00:01:01 . Memory (MB): peak = 5181.406 ; gain = 0.000 ; free physical = 10418 ; free virtual = 159232
Phase 5 Delay and Skew Optimization | Checksum: 14901e0b9

Time (s): cpu = 00:02:11 ; elapsed = 00:01:01 . Memory (MB): peak = 5181.406 ; gain = 0.000 ; free physical = 10418 ; free virtual = 159232

Phase 6 Post Hold Fix

Phase 6.1 Hold Fix Iter

Phase 6.1.1 Update Timing
Phase 6.1.1 Update Timing | Checksum: 1cb89cdca

Time (s): cpu = 00:02:17 ; elapsed = 00:01:02 . Memory (MB): peak = 5181.406 ; gain = 0.000 ; free physical = 10397 ; free virtual = 159211
INFO: [Route 35-416] Intermediate Timing Summary | WNS=13.750 | TNS=0.000  | WHS=0.010  | THS=0.000  |

Phase 6.1 Hold Fix Iter | Checksum: e24bd311

Time (s): cpu = 00:02:17 ; elapsed = 00:01:02 . Memory (MB): peak = 5181.406 ; gain = 0.000 ; free physical = 10411 ; free virtual = 159225
Phase 6 Post Hold Fix | Checksum: e24bd311

Time (s): cpu = 00:02:17 ; elapsed = 00:01:02 . Memory (MB): peak = 5181.406 ; gain = 0.000 ; free physical = 10411 ; free virtual = 159225

Phase 7 Route finalize

Router Utilization Summary
  Global Vertical Routing Utilization    = 4.48933 %
  Global Horizontal Routing Utilization  = 5.3331 %
  Routable Net Status*
  *Does not include unroutable nets such as driverless and loadless.
  Run report_route_status for detailed report.
  Number of Failed Nets               = 0
    (Failed Nets is the sum of unrouted and partially routed nets)
  Number of Unrouted Nets             = 0
  Number of Partially Routed Nets     = 0
  Number of Node Overlaps             = 0

Phase 7 Route finalize | Checksum: e24bd311

Time (s): cpu = 00:02:17 ; elapsed = 00:01:03 . Memory (MB): peak = 5181.406 ; gain = 0.000 ; free physical = 10411 ; free virtual = 159225

Phase 8 Verifying routed nets

 Verification completed successfully
Phase 8 Verifying routed nets | Checksum: e24bd311

Time (s): cpu = 00:02:18 ; elapsed = 00:01:03 . Memory (MB): peak = 5181.406 ; gain = 0.000 ; free physical = 10411 ; free virtual = 159225

Phase 9 Depositing Routes
Phase 9 Depositing Routes | Checksum: e24bd311

Time (s): cpu = 00:02:20 ; elapsed = 00:01:04 . Memory (MB): peak = 5181.406 ; gain = 0.000 ; free physical = 10412 ; free virtual = 159226

Phase 10 Resolve XTalk
Phase 10 Resolve XTalk | Checksum: e24bd311

Time (s): cpu = 00:02:20 ; elapsed = 00:01:04 . Memory (MB): peak = 5181.406 ; gain = 0.000 ; free physical = 10410 ; free virtual = 159224

Phase 11 Post Router Timing
INFO: [Route 35-57] Estimated Timing Summary | WNS=13.750 | TNS=0.000  | WHS=0.010  | THS=0.000  |

INFO: [Route 35-327] The final timing numbers are based on the router estimated timing analysis. For a complete and accurate timing signoff, please run report_timing_summary.
Phase 11 Post Router Timing | Checksum: e24bd311

Time (s): cpu = 00:02:23 ; elapsed = 00:01:05 . Memory (MB): peak = 5181.406 ; gain = 0.000 ; free physical = 10392 ; free virtual = 159206
INFO: [Route 35-16] Router Completed Successfully

Phase 12 Post-Route Event Processing
Phase 12 Post-Route Event Processing | Checksum: 1a1eee4ce

Time (s): cpu = 00:02:24 ; elapsed = 00:01:05 . Memory (MB): peak = 5181.406 ; gain = 0.000 ; free physical = 10409 ; free virtual = 159223
Ending Routing Task | Checksum: 1a1eee4ce

Time (s): cpu = 00:02:24 ; elapsed = 00:01:06 . Memory (MB): peak = 5181.406 ; gain = 0.000 ; free physical = 10406 ; free virtual = 159220

Routing Is Done.
INFO: [Common 17-83] Releasing license: Implementation
119 Infos, 203 Warnings, 0 Critical Warnings and 0 Errors encountered.
route_design completed successfully
route_design: Time (s): cpu = 00:02:29 ; elapsed = 00:01:07 . Memory (MB): peak = 5181.406 ; gain = 8.004 ; free physical = 10405 ; free virtual = 159219
INFO: [runtcl-4] Executing : report_drc -file mem_bd_wrapper_drc_routed.rpt -pb mem_bd_wrapper_drc_routed.pb -rpx mem_bd_wrapper_drc_routed.rpx
Command: report_drc -file mem_bd_wrapper_drc_routed.rpt -pb mem_bd_wrapper_drc_routed.pb -rpx mem_bd_wrapper_drc_routed.rpx
INFO: [IP_Flow 19-1839] IP Catalog is up to date.
INFO: [DRC 23-27] Running DRC with 8 threads
INFO: [Vivado_Tcl 2-168] The results of DRC are in file /home/mss464/minitpu/tpu/build/mem_system/mem_system.runs/impl_1/mem_bd_wrapper_drc_routed.rpt.
report_drc completed successfully
INFO: [runtcl-4] Executing : report_methodology -file mem_bd_wrapper_methodology_drc_routed.rpt -pb mem_bd_wrapper_methodology_drc_routed.pb -rpx mem_bd_wrapper_methodology_drc_routed.rpx
Command: report_methodology -file mem_bd_wrapper_methodology_drc_routed.rpt -pb mem_bd_wrapper_methodology_drc_routed.pb -rpx mem_bd_wrapper_methodology_drc_routed.rpx
INFO: [Timing 38-35] Done setting XDC timing constraints.
INFO: [DRC 23-133] Running Methodology with 8 threads
INFO: [Vivado_Tcl 2-1520] The results of Report Methodology are in file /home/mss464/minitpu/tpu/build/mem_system/mem_system.runs/impl_1/mem_bd_wrapper_methodology_drc_routed.rpt.
report_methodology completed successfully
INFO: [runtcl-4] Executing : report_power -file mem_bd_wrapper_power_routed.rpt -pb mem_bd_wrapper_power_summary_routed.pb -rpx mem_bd_wrapper_power_routed.rpx
Command: report_power -file mem_bd_wrapper_power_routed.rpt -pb mem_bd_wrapper_power_summary_routed.pb -rpx mem_bd_wrapper_power_routed.rpx
INFO: [Timing 38-35] Done setting XDC timing constraints.
Running Vector-less Activity Propagation...

Finished Running Vector-less Activity Propagation
WARNING: [Power 33-332] Found switching activity that implies high-fanout reset nets being asserted for excessive periods of time which may result in inaccurate power analysis.
Resolution: To review and fix problems, please run Power Constraints Advisor in the GUI from Tools > Power Constraints Advisor or run report_power with the -advisory option to generate a text report.
129 Infos, 204 Warnings, 0 Critical Warnings and 0 Errors encountered.
report_power completed successfully
report_power: Time (s): cpu = 00:00:18 ; elapsed = 00:00:10 . Memory (MB): peak = 5237.434 ; gain = 0.000 ; free physical = 10372 ; free virtual = 159199
INFO: [runtcl-4] Executing : report_route_status -file mem_bd_wrapper_route_status.rpt -pb mem_bd_wrapper_route_status.pb
INFO: [runtcl-4] Executing : report_timing_summary -max_paths 10 -report_unconstrained -file mem_bd_wrapper_timing_summary_routed.rpt -pb mem_bd_wrapper_timing_summary_routed.pb -rpx mem_bd_wrapper_timing_summary_routed.rpx -warn_on_violation 
INFO: [Timing 38-91] UpdateTimingParams: Speed grade: -1, Temperature grade: I, Delay Type: min_max.
INFO: [Timing 38-191] Multithreading enabled for timing update using a maximum of 8 CPUs
INFO: [runtcl-4] Executing : report_incremental_reuse -file mem_bd_wrapper_incremental_reuse_routed.rpt
INFO: [Vivado_Tcl 4-1062] Incremental flow is disabled. No incremental reuse Info to report.
INFO: [runtcl-4] Executing : report_clock_utilization -file mem_bd_wrapper_clock_utilization_routed.rpt
INFO: [runtcl-4] Executing : report_bus_skew -warn_on_violation -file mem_bd_wrapper_bus_skew_routed.rpt -pb mem_bd_wrapper_bus_skew_routed.pb -rpx mem_bd_wrapper_bus_skew_routed.rpx
INFO: [Timing 38-91] UpdateTimingParams: Speed grade: -1, Temperature grade: I, Delay Type: min_max.
INFO: [Timing 38-191] Multithreading enabled for timing update using a maximum of 8 CPUs
INFO: [Timing 38-480] Writing timing data to binary archive.
Write ShapeDB Complete: Time (s): cpu = 00:00:00.57 ; elapsed = 00:00:00.13 . Memory (MB): peak = 5237.434 ; gain = 0.000 ; free physical = 10377 ; free virtual = 159212
Wrote PlaceDB: Time (s): cpu = 00:00:03 ; elapsed = 00:00:01 . Memory (MB): peak = 5237.434 ; gain = 0.000 ; free physical = 10357 ; free virtual = 159212
Wrote PulsedLatchDB: Time (s): cpu = 00:00:00 ; elapsed = 00:00:00 . Memory (MB): peak = 5237.434 ; gain = 0.000 ; free physical = 10357 ; free virtual = 159212
Writing XDEF routing.
Writing XDEF routing logical nets.
Writing XDEF routing special nets.
Wrote RouteStorage: Time (s): cpu = 00:00:00.89 ; elapsed = 00:00:00.35 . Memory (MB): peak = 5237.434 ; gain = 0.000 ; free physical = 10351 ; free virtual = 159212
Wrote Netlist Cache: Time (s): cpu = 00:00:00.07 ; elapsed = 00:00:00.04 . Memory (MB): peak = 5237.434 ; gain = 0.000 ; free physical = 10350 ; free virtual = 159212
Wrote Device Cache: Time (s): cpu = 00:00:00.06 ; elapsed = 00:00:00.03 . Memory (MB): peak = 5237.434 ; gain = 0.000 ; free physical = 10345 ; free virtual = 159210
Write Physdb Complete: Time (s): cpu = 00:00:04 ; elapsed = 00:00:02 . Memory (MB): peak = 5237.434 ; gain = 0.000 ; free physical = 10345 ; free virtual = 159210
INFO: [Common 17-1381] The checkpoint '/home/mss464/minitpu/tpu/build/mem_system/mem_system.runs/impl_1/mem_bd_wrapper_routed.dcp' has been generated.
INFO: [Common 17-206] Exiting Vivado at Mon Apr  6 12:41:33 2026...
[Mon Apr  6 12:41:48 2026] impl_1 finished
wait_on_runs: Time (s): cpu = 00:00:02 ; elapsed = 00:04:51 . Memory (MB): peak = 2366.543 ; gain = 0.000 ; free physical = 14049 ; free virtual = 162891
# set impl_status [get_property STATUS [get_runs impl_1]]
# puts "  Implementation status: $impl_status"
  Implementation status: route_design Complete!
# if {[string match "*ERROR*" $impl_status]} {
#     puts "ERROR: Implementation failed"
#     close_project
#     exit 1
# }
# puts "\n>>> Step 22: Generating bitstream..."

>>> Step 22: Generating bitstream...
# launch_runs impl_1 -to_step write_bitstream -jobs 4
[Mon Apr  6 12:41:48 2026] Launched impl_1...
Run output will be captured here: /home/mss464/minitpu/tpu/build/mem_system/mem_system.runs/impl_1/runme.log
# wait_on_run impl_1
[Mon Apr  6 12:41:48 2026] Waiting for impl_1 to finish...

*** Running vivado
    with args -log mem_bd_wrapper.vdi -applog -m64 -product Vivado -messageDb vivado.pb -mode batch -source mem_bd_wrapper.tcl -notrace


****** Vivado v2023.2 (64-bit)
  **** SW Build 4029153 on Fri Oct 13 20:13:54 MDT 2023
  **** IP Build 4028589 on Sat Oct 14 00:45:43 MDT 2023
  **** SharedData Build 4025554 on Tue Oct 10 17:18:54 MDT 2023
    ** Copyright 1986-2022 Xilinx, Inc. All Rights Reserved.
    ** Copyright 2022-2023 Advanced Micro Devices, Inc. All Rights Reserved.

source mem_bd_wrapper.tcl -notrace
create_project: Time (s): cpu = 00:00:07 ; elapsed = 00:00:07 . Memory (MB): peak = 1556.250 ; gain = 35.836 ; free physical = 13149 ; free virtual = 161932
INFO: [IP_Flow 19-234] Refreshing IP repositories
INFO: [IP_Flow 19-1700] Loaded user IP repository '/home/mss464/minitpu/tpu/ip_repo'.
INFO: [IP_Flow 19-2313] Loaded Vivado IP repository '/opt/xilinx/Vivado/2023.2/data/ip'.
Command: link_design -top mem_bd_wrapper -part xczu3eg-sbva484-1-i
Design is defaulting to srcset: sources_1
Design is defaulting to constrset: constrs_1
INFO: [Device 21-403] Loading part xczu3eg-sbva484-1-i
INFO: [Project 1-454] Reading design checkpoint '/home/mss464/minitpu/tpu/build/mem_system/mem_system.gen/sources_1/bd/mem_bd/ip/mem_bd_axi_dma_0_0/mem_bd_axi_dma_0_0.dcp' for cell 'mem_bd_i/axi_dma_0'
INFO: [Project 1-454] Reading design checkpoint '/home/mss464/minitpu/tpu/build/mem_system/mem_system.gen/sources_1/bd/mem_bd/ip/mem_bd_axi_smc_0/mem_bd_axi_smc_0.dcp' for cell 'mem_bd_i/axi_smc'
INFO: [Project 1-454] Reading design checkpoint '/home/mss464/minitpu/tpu/build/mem_system/mem_system.gen/sources_1/bd/mem_bd/ip/mem_bd_axi_smc_full_0/mem_bd_axi_smc_full_0.dcp' for cell 'mem_bd_i/axi_smc_full'
INFO: [Project 1-454] Reading design checkpoint '/home/mss464/minitpu/tpu/build/mem_system/mem_system.gen/sources_1/bd/mem_bd/ip/mem_bd_mem_top_0_0/mem_bd_mem_top_0_0.dcp' for cell 'mem_bd_i/mem_top_0'
INFO: [Project 1-454] Reading design checkpoint '/home/mss464/minitpu/tpu/build/mem_system/mem_system.gen/sources_1/bd/mem_bd/ip/mem_bd_proc_sys_reset_0_0/mem_bd_proc_sys_reset_0_0.dcp' for cell 'mem_bd_i/proc_sys_reset_0'
INFO: [Project 1-454] Reading design checkpoint '/home/mss464/minitpu/tpu/build/mem_system/mem_system.gen/sources_1/bd/mem_bd/ip/mem_bd_zynq_ps_0/mem_bd_zynq_ps_0.dcp' for cell 'mem_bd_i/zynq_ps'
INFO: [Project 1-454] Reading design checkpoint '/home/mss464/minitpu/tpu/build/mem_system/mem_system.gen/sources_1/bd/mem_bd/ip/mem_bd_xbar_0/mem_bd_xbar_0.dcp' for cell 'mem_bd_i/axi_interconnect_0/xbar'
INFO: [Project 1-454] Reading design checkpoint '/home/mss464/minitpu/tpu/build/mem_system/mem_system.gen/sources_1/bd/mem_bd/ip/mem_bd_auto_pc_0/mem_bd_auto_pc_0.dcp' for cell 'mem_bd_i/axi_interconnect_0/s00_couplers/auto_pc'
Netlist sorting complete. Time (s): cpu = 00:00:00.6 ; elapsed = 00:00:00.6 . Memory (MB): peak = 2505.930 ; gain = 0.000 ; free physical = 12185 ; free virtual = 160972
INFO: [Netlist 29-17] Analyzing 323 Unisim elements for replacement
INFO: [Netlist 29-28] Unisim Transformation completed in 0 CPU seconds
INFO: [Project 1-479] Netlist was created with Vivado 2023.2
INFO: [Project 1-570] Preparing netlist for logic optimization
Parsing XDC File [/home/mss464/minitpu/tpu/build/mem_system/mem_system.gen/sources_1/bd/mem_bd/ip/mem_bd_axi_smc_0/bd_0/ip/ip_22/bd_47d6_m00rn_0_clocks.xdc] for cell 'mem_bd_i/axi_smc/inst/m00_nodes/m00_r_node/inst'
WARNING: [Vivado_Tcl 4-921] Waiver ID 'CDC-1' -to list should not be empty. [/home/mss464/minitpu/tpu/build/mem_system/mem_system.gen/sources_1/bd/mem_bd/ip/mem_bd_axi_smc_0/bd_0/ip/ip_22/bd_47d6_m00rn_0_clocks.xdc:49]
WARNING: [Vivado_Tcl 4-921] Waiver ID 'CDC-1' -to list should not be empty. [/home/mss464/minitpu/tpu/build/mem_system/mem_system.gen/sources_1/bd/mem_bd/ip/mem_bd_axi_smc_0/bd_0/ip/ip_22/bd_47d6_m00rn_0_clocks.xdc:52]
WARNING: [Vivado_Tcl 4-921] Waiver ID 'CDC-1' -to list should not be empty. [/home/mss464/minitpu/tpu/build/mem_system/mem_system.gen/sources_1/bd/mem_bd/ip/mem_bd_axi_smc_0/bd_0/ip/ip_22/bd_47d6_m00rn_0_clocks.xdc:55]
WARNING: [Vivado_Tcl 4-921] Waiver ID 'CDC-1' -to list should not be empty. [/home/mss464/minitpu/tpu/build/mem_system/mem_system.gen/sources_1/bd/mem_bd/ip/mem_bd_axi_smc_0/bd_0/ip/ip_22/bd_47d6_m00rn_0_clocks.xdc:59]
WARNING: [Vivado_Tcl 4-921] Waiver ID 'CDC-1' -to list should not be empty. [/home/mss464/minitpu/tpu/build/mem_system/mem_system.gen/sources_1/bd/mem_bd/ip/mem_bd_axi_smc_0/bd_0/ip/ip_22/bd_47d6_m00rn_0_clocks.xdc:63]
WARNING: [Vivado_Tcl 4-921] Waiver ID 'CDC-1' -to list should not be empty. [/home/mss464/minitpu/tpu/build/mem_system/mem_system.gen/sources_1/bd/mem_bd/ip/mem_bd_axi_smc_0/bd_0/ip/ip_22/bd_47d6_m00rn_0_clocks.xdc:66]
WARNING: [Vivado_Tcl 4-921] Waiver ID 'CDC-1' -to list should not be empty. [/home/mss464/minitpu/tpu/build/mem_system/mem_system.gen/sources_1/bd/mem_bd/ip/mem_bd_axi_smc_0/bd_0/ip/ip_22/bd_47d6_m00rn_0_clocks.xdc:70]
WARNING: [Vivado_Tcl 4-921] Waiver ID 'CDC-1' -to list should not be empty. [/home/mss464/minitpu/tpu/build/mem_system/mem_system.gen/sources_1/bd/mem_bd/ip/mem_bd_axi_smc_0/bd_0/ip/ip_22/bd_47d6_m00rn_0_clocks.xdc:73]
WARNING: [Vivado_Tcl 4-921] Waiver ID 'CDC-1' -to list should not be empty. [/home/mss464/minitpu/tpu/build/mem_system/mem_system.gen/sources_1/bd/mem_bd/ip/mem_bd_axi_smc_0/bd_0/ip/ip_22/bd_47d6_m00rn_0_clocks.xdc:76]
WARNING: [Vivado_Tcl 4-921] Waiver ID 'CDC-1' -to list should not be empty. [/home/mss464/minitpu/tpu/build/mem_system/mem_system.gen/sources_1/bd/mem_bd/ip/mem_bd_axi_smc_0/bd_0/ip/ip_22/bd_47d6_m00rn_0_clocks.xdc:79]
WARNING: [Vivado_Tcl 4-921] Waiver ID 'CDC-4' -to list should not be empty. [/home/mss464/minitpu/tpu/build/mem_system/mem_system.gen/sources_1/bd/mem_bd/ip/mem_bd_axi_smc_0/bd_0/ip/ip_22/bd_47d6_m00rn_0_clocks.xdc:85]
WARNING: [Vivado_Tcl 4-921] Waiver ID 'CDC-4' -to list should not be empty. [/home/mss464/minitpu/tpu/build/mem_system/mem_system.gen/sources_1/bd/mem_bd/ip/mem_bd_axi_smc_0/bd_0/ip/ip_22/bd_47d6_m00rn_0_clocks.xdc:88]
WARNING: [Vivado_Tcl 4-921] Waiver ID 'CDC-2' -to list should not be empty. [/home/mss464/minitpu/tpu/build/mem_system/mem_system.gen/sources_1/bd/mem_bd/ip/mem_bd_axi_smc_0/bd_0/ip/ip_22/bd_47d6_m00rn_0_clocks.xdc:91]
WARNING: [Vivado_Tcl 4-921] Waiver ID 'CDC-2' -to list should not be empty. [/home/mss464/minitpu/tpu/build/mem_system/mem_system.gen/sources_1/bd/mem_bd/ip/mem_bd_axi_smc_0/bd_0/ip/ip_22/bd_47d6_m00rn_0_clocks.xdc:94]
WARNING: [Vivado_Tcl 4-921] Waiver ID 'CDC-2' -to list should not be empty. [/home/mss464/minitpu/tpu/build/mem_system/mem_system.gen/sources_1/bd/mem_bd/ip/mem_bd_axi_smc_0/bd_0/ip/ip_22/bd_47d6_m00rn_0_clocks.xdc:97]
WARNING: [Vivado_Tcl 4-921] Waiver ID 'CDC-2' -to list should not be empty. [/home/mss464/minitpu/tpu/build/mem_system/mem_system.gen/sources_1/bd/mem_bd/ip/mem_bd_axi_smc_0/bd_0/ip/ip_22/bd_47d6_m00rn_0_clocks.xdc:100]
WARNING: [Vivado_Tcl 4-921] Waiver ID 'CDC-1' -to list should not be empty. [/home/mss464/minitpu/tpu/build/mem_system/mem_system.gen/sources_1/bd/mem_bd/ip/mem_bd_axi_smc_0/bd_0/ip/ip_22/bd_47d6_m00rn_0_clocks.xdc:104]
WARNING: [Vivado_Tcl 4-921] Waiver ID 'CDC-10' -to list should not be empty. [/home/mss464/minitpu/tpu/build/mem_system/mem_system.gen/sources_1/bd/mem_bd/ip/mem_bd_axi_smc_0/bd_0/ip/ip_22/bd_47d6_m00rn_0_clocks.xdc:107]
WARNING: [Vivado_Tcl 4-921] Waiver ID 'CDC-10' -to list should not be empty. [/home/mss464/minitpu/tpu/build/mem_system/mem_system.gen/sources_1/bd/mem_bd/ip/mem_bd_axi_smc_0/bd_0/ip/ip_22/bd_47d6_m00rn_0_clocks.xdc:110]
WARNING: [Vivado_Tcl 4-921] Waiver ID 'CDC-1' -to list should not be empty. [/home/mss464/minitpu/tpu/build/mem_system/mem_system.gen/sources_1/bd/mem_bd/ip/mem_bd_axi_smc_0/bd_0/ip/ip_22/bd_47d6_m00rn_0_clocks.xdc:113]
WARNING: [Vivado_Tcl 4-921] Waiver ID 'CDC-1' -to list should not be empty. [/home/mss464/minitpu/tpu/build/mem_system/mem_system.gen/sources_1/bd/mem_bd/ip/mem_bd_axi_smc_0/bd_0/ip/ip_22/bd_47d6_m00rn_0_clocks.xdc:116]
WARNING: [Vivado_Tcl 4-921] Waiver ID 'CDC-1' -to list should not be empty. [/home/mss464/minitpu/tpu/build/mem_system/mem_system.gen/sources_1/bd/mem_bd/ip/mem_bd_axi_smc_0/bd_0/ip/ip_22/bd_47d6_m00rn_0_clocks.xdc:119]
WARNING: [Vivado_Tcl 4-921] Waiver ID 'CDC-13' -to list should not be empty. [/home/mss464/minitpu/tpu/build/mem_system/mem_system.gen/sources_1/bd/mem_bd/ip/mem_bd_axi_smc_0/bd_0/ip/ip_22/bd_47d6_m00rn_0_clocks.xdc:122]
WARNING: [Vivado_Tcl 4-921] Waiver ID 'CDC-1' -to list should not be empty. [/home/mss464/minitpu/tpu/build/mem_system/mem_system.gen/sources_1/bd/mem_bd/ip/mem_bd_axi_smc_0/bd_0/ip/ip_22/bd_47d6_m00rn_0_clocks.xdc:125]
WARNING: [Vivado_Tcl 4-921] Waiver ID 'CDC-1' -to list should not be empty. [/home/mss464/minitpu/tpu/build/mem_system/mem_system.gen/sources_1/bd/mem_bd/ip/mem_bd_axi_smc_0/bd_0/ip/ip_22/bd_47d6_m00rn_0_clocks.xdc:128]
WARNING: [Vivado_Tcl 4-921] Waiver ID 'CDC-13' -to list should not be empty. [/home/mss464/minitpu/tpu/build/mem_system/mem_system.gen/sources_1/bd/mem_bd/ip/mem_bd_axi_smc_0/bd_0/ip/ip_22/bd_47d6_m00rn_0_clocks.xdc:131]
WARNING: [Vivado_Tcl 4-921] Waiver ID 'CDC-1' -to list should not be empty. [/home/mss464/minitpu/tpu/build/mem_system/mem_system.gen/sources_1/bd/mem_bd/ip/mem_bd_axi_smc_0/bd_0/ip/ip_22/bd_47d6_m00rn_0_clocks.xdc:134]
WARNING: [Vivado_Tcl 4-921] Waiver ID 'CDC-10' -to list should not be empty. [/home/mss464/minitpu/tpu/build/mem_system/mem_system.gen/sources_1/bd/mem_bd/ip/mem_bd_axi_smc_0/bd_0/ip/ip_22/bd_47d6_m00rn_0_clocks.xdc:137]
WARNING: [Vivado_Tcl 4-921] Waiver ID 'CDC-1' -to list should not be empty. [/home/mss464/minitpu/tpu/build/mem_system/mem_system.gen/sources_1/bd/mem_bd/ip/mem_bd_axi_smc_0/bd_0/ip/ip_22/bd_47d6_m00rn_0_clocks.xdc:140]
WARNING: [Vivado_Tcl 4-921] Waiver ID 'CDC-1' -to list should not be empty. [/home/mss464/minitpu/tpu/build/mem_system/mem_system.gen/sources_1/bd/mem_bd/ip/mem_bd_axi_smc_0/bd_0/ip/ip_22/bd_47d6_m00rn_0_clocks.xdc:143]
WARNING: [Vivado_Tcl 4-921] Waiver ID 'CDC-1' -to list should not be empty. [/home/mss464/minitpu/tpu/build/mem_system/mem_system.gen/sources_1/bd/mem_bd/ip/mem_bd_axi_smc_0/bd_0/ip/ip_22/bd_47d6_m00rn_0_clocks.xdc:146]
WARNING: [Vivado_Tcl 4-921] Waiver ID 'CDC-2' -to list should not be empty. [/home/mss464/minitpu/tpu/build/mem_system/mem_system.gen/sources_1/bd/mem_bd/ip/mem_bd_axi_smc_0/bd_0/ip/ip_22/bd_47d6_m00rn_0_clocks.xdc:149]
WARNING: [Vivado_Tcl 4-921] Waiver ID 'CDC-1' -to list should not be empty. [/home/mss464/minitpu/tpu/build/mem_system/mem_system.gen/sources_1/bd/mem_bd/ip/mem_bd_axi_smc_0/bd_0/ip/ip_22/bd_47d6_m00rn_0_clocks.xdc:152]
WARNING: [Vivado_Tcl 4-921] Waiver ID 'CDC-1' -to list should not be empty. [/home/mss464/minitpu/tpu/build/mem_system/mem_system.gen/sources_1/bd/mem_bd/ip/mem_bd_axi_smc_0/bd_0/ip/ip_22/bd_47d6_m00rn_0_clocks.xdc:155]
WARNING: [Vivado_Tcl 4-921] Waiver ID 'CDC-10' -to list should not be empty. [/home/mss464/minitpu/tpu/build/mem_system/mem_system.gen/sources_1/bd/mem_bd/ip/mem_bd_axi_smc_0/bd_0/ip/ip_22/bd_47d6_m00rn_0_clocks.xdc:161]
WARNING: [Vivado_Tcl 4-921] Waiver ID 'CDC-4' -to list should not be empty. [/home/mss464/minitpu/tpu/build/mem_system/mem_system.gen/sources_1/bd/mem_bd/ip/mem_bd_axi_smc_0/bd_0/ip/ip_22/bd_47d6_m00rn_0_clocks.xdc:164]
WARNING: [Vivado_Tcl 4-921] Waiver ID 'CDC-4' -to list should not be empty. [/home/mss464/minitpu/tpu/build/mem_system/mem_system.gen/sources_1/bd/mem_bd/ip/mem_bd_axi_smc_0/bd_0/ip/ip_22/bd_47d6_m00rn_0_clocks.xdc:167]
WARNING: [Vivado_Tcl 4-921] Waiver ID 'CDC-4' -to list should not be empty. [/home/mss464/minitpu/tpu/build/mem_system/mem_system.gen/sources_1/bd/mem_bd/ip/mem_bd_axi_smc_0/bd_0/ip/ip_22/bd_47d6_m00rn_0_clocks.xdc:171]
WARNING: [Vivado_Tcl 4-921] Waiver ID 'CDC-4' -to list should not be empty. [/home/mss464/minitpu/tpu/build/mem_system/mem_system.gen/sources_1/bd/mem_bd/ip/mem_bd_axi_smc_0/bd_0/ip/ip_22/bd_47d6_m00rn_0_clocks.xdc:174]
WARNING: [Vivado_Tcl 4-921] Waiver ID 'CDC-1' -to list should not be empty. [/home/mss464/minitpu/tpu/build/mem_system/mem_system.gen/sources_1/bd/mem_bd/ip/mem_bd_axi_smc_0/bd_0/ip/ip_22/bd_47d6_m00rn_0_clocks.xdc:178]
Finished Parsing XDC File [/home/mss464/minitpu/tpu/build/mem_system/mem_system.gen/sources_1/bd/mem_bd/ip/mem_bd_axi_smc_0/bd_0/ip/ip_22/bd_47d6_m00rn_0_clocks.xdc] for cell 'mem_bd_i/axi_smc/inst/m00_nodes/m00_r_node/inst'
Parsing XDC File [/home/mss464/minitpu/tpu/build/mem_system/mem_system.gen/sources_1/bd/mem_bd/ip/mem_bd_axi_smc_full_0/smartconnect.xdc] for cell 'mem_bd_i/axi_smc_full/inst'
WARNING: [Vivado_Tcl 4-919] Waiver ID 'CDC-1' -from list should not be empty. [/home/mss464/minitpu/tpu/build/mem_system/mem_system.gen/sources_1/bd/mem_bd/ip/mem_bd_axi_smc_full_0/smartconnect.xdc:1]
WARNING: [Vivado_Tcl 4-921] Waiver ID 'CDC-1' -to list should not be empty. [/home/mss464/minitpu/tpu/build/mem_system/mem_system.gen/sources_1/bd/mem_bd/ip/mem_bd_axi_smc_full_0/smartconnect.xdc:2]
WARNING: [Vivado_Tcl 4-921] Waiver ID 'CDC-1' -to list should not be empty. [/home/mss464/minitpu/tpu/build/mem_system/mem_system.gen/sources_1/bd/mem_bd/ip/mem_bd_axi_smc_full_0/smartconnect.xdc:3]
WARNING: [Vivado_Tcl 4-921] Waiver ID 'CDC-1' -to list should not be empty. [/home/mss464/minitpu/tpu/build/mem_system/mem_system.gen/sources_1/bd/mem_bd/ip/mem_bd_axi_smc_full_0/smartconnect.xdc:4]
WARNING: [Vivado_Tcl 4-921] Waiver ID 'CDC-1' -to list should not be empty. [/home/mss464/minitpu/tpu/build/mem_system/mem_system.gen/sources_1/bd/mem_bd/ip/mem_bd_axi_smc_full_0/smartconnect.xdc:5]
WARNING: [Vivado_Tcl 4-921] Waiver ID 'CDC-1' -to list should not be empty. [/home/mss464/minitpu/tpu/build/mem_system/mem_system.gen/sources_1/bd/mem_bd/ip/mem_bd_axi_smc_full_0/smartconnect.xdc:6]
WARNING: [Vivado_Tcl 4-921] Waiver ID 'CDC-1' -to list should not be empty. [/home/mss464/minitpu/tpu/build/mem_system/mem_system.gen/sources_1/bd/mem_bd/ip/mem_bd_axi_smc_full_0/smartconnect.xdc:7]
WARNING: [Vivado_Tcl 4-921] Waiver ID 'CDC-1' -to list should not be empty. [/home/mss464/minitpu/tpu/build/mem_system/mem_system.gen/sources_1/bd/mem_bd/ip/mem_bd_axi_smc_full_0/smartconnect.xdc:8]
WARNING: [Vivado_Tcl 4-921] Waiver ID 'CDC-1' -to list should not be empty. [/home/mss464/minitpu/tpu/build/mem_system/mem_system.gen/sources_1/bd/mem_bd/ip/mem_bd_axi_smc_full_0/smartconnect.xdc:9]
WARNING: [Vivado_Tcl 4-921] Waiver ID 'CDC-1' -to list should not be empty. [/home/mss464/minitpu/tpu/build/mem_system/mem_system.gen/sources_1/bd/mem_bd/ip/mem_bd_axi_smc_full_0/smartconnect.xdc:10]
Finished Parsing XDC File [/home/mss464/minitpu/tpu/build/mem_system/mem_system.gen/sources_1/bd/mem_bd/ip/mem_bd_axi_smc_full_0/smartconnect.xdc] for cell 'mem_bd_i/axi_smc_full/inst'
Parsing XDC File [/home/mss464/minitpu/tpu/build/mem_system/mem_system.gen/sources_1/bd/mem_bd/ip/mem_bd_axi_smc_full_0/bd_0/ip/ip_10/bd_3238_sbn_0_clocks.xdc] for cell 'mem_bd_i/axi_smc_full/inst/s00_nodes/s00_b_node/inst'
WARNING: [Vivado_Tcl 4-921] Waiver ID 'CDC-1' -to list should not be empty. [/home/mss464/minitpu/tpu/build/mem_system/mem_system.gen/sources_1/bd/mem_bd/ip/mem_bd_axi_smc_full_0/bd_0/ip/ip_10/bd_3238_sbn_0_clocks.xdc:49]
WARNING: [Vivado_Tcl 4-921] Waiver ID 'CDC-1' -to list should not be empty. [/home/mss464/minitpu/tpu/build/mem_system/mem_system.gen/sources_1/bd/mem_bd/ip/mem_bd_axi_smc_full_0/bd_0/ip/ip_10/bd_3238_sbn_0_clocks.xdc:52]
WARNING: [Vivado_Tcl 4-921] Waiver ID 'CDC-1' -to list should not be empty. [/home/mss464/minitpu/tpu/build/mem_system/mem_system.gen/sources_1/bd/mem_bd/ip/mem_bd_axi_smc_full_0/bd_0/ip/ip_10/bd_3238_sbn_0_clocks.xdc:55]
WARNING: [Vivado_Tcl 4-921] Waiver ID 'CDC-1' -to list should not be empty. [/home/mss464/minitpu/tpu/build/mem_system/mem_system.gen/sources_1/bd/mem_bd/ip/mem_bd_axi_smc_full_0/bd_0/ip/ip_10/bd_3238_sbn_0_clocks.xdc:59]
WARNING: [Vivado_Tcl 4-921] Waiver ID 'CDC-1' -to list should not be empty. [/home/mss464/minitpu/tpu/build/mem_system/mem_system.gen/sources_1/bd/mem_bd/ip/mem_bd_axi_smc_full_0/bd_0/ip/ip_10/bd_3238_sbn_0_clocks.xdc:63]
WARNING: [Vivado_Tcl 4-921] Waiver ID 'CDC-1' -to list should not be empty. [/home/mss464/minitpu/tpu/build/mem_system/mem_system.gen/sources_1/bd/mem_bd/ip/mem_bd_axi_smc_full_0/bd_0/ip/ip_10/bd_3238_sbn_0_clocks.xdc:66]
WARNING: [Vivado_Tcl 4-921] Waiver ID 'CDC-1' -to list should not be empty. [/home/mss464/minitpu/tpu/build/mem_system/mem_system.gen/sources_1/bd/mem_bd/ip/mem_bd_axi_smc_full_0/bd_0/ip/ip_10/bd_3238_sbn_0_clocks.xdc:70]
WARNING: [Vivado_Tcl 4-921] Waiver ID 'CDC-1' -to list should not be empty. [/home/mss464/minitpu/tpu/build/mem_system/mem_system.gen/sources_1/bd/mem_bd/ip/mem_bd_axi_smc_full_0/bd_0/ip/ip_10/bd_3238_sbn_0_clocks.xdc:73]
WARNING: [Vivado_Tcl 4-921] Waiver ID 'CDC-1' -to list should not be empty. [/home/mss464/minitpu/tpu/build/mem_system/mem_system.gen/sources_1/bd/mem_bd/ip/mem_bd_axi_smc_full_0/bd_0/ip/ip_10/bd_3238_sbn_0_clocks.xdc:76]
WARNING: [Vivado_Tcl 4-921] Waiver ID 'CDC-1' -to list should not be empty. [/home/mss464/minitpu/tpu/build/mem_system/mem_system.gen/sources_1/bd/mem_bd/ip/mem_bd_axi_smc_full_0/bd_0/ip/ip_10/bd_3238_sbn_0_clocks.xdc:79]
WARNING: [Vivado_Tcl 4-921] Waiver ID 'CDC-1' -to list should not be empty. [/home/mss464/minitpu/tpu/build/mem_system/mem_system.gen/sources_1/bd/mem_bd/ip/mem_bd_axi_smc_full_0/bd_0/ip/ip_10/bd_3238_sbn_0_clocks.xdc:82]
WARNING: [Vivado_Tcl 4-921] Waiver ID 'CDC-4' -to list should not be empty. [/home/mss464/minitpu/tpu/build/mem_system/mem_system.gen/sources_1/bd/mem_bd/ip/mem_bd_axi_smc_full_0/bd_0/ip/ip_10/bd_3238_sbn_0_clocks.xdc:85]
WARNING: [Vivado_Tcl 4-921] Waiver ID 'CDC-4' -to list should not be empty. [/home/mss464/minitpu/tpu/build/mem_system/mem_system.gen/sources_1/bd/mem_bd/ip/mem_bd_axi_smc_full_0/bd_0/ip/ip_10/bd_3238_sbn_0_clocks.xdc:88]
WARNING: [Vivado_Tcl 4-921] Waiver ID 'CDC-2' -to list should not be empty. [/home/mss464/minitpu/tpu/build/mem_system/mem_system.gen/sources_1/bd/mem_bd/ip/mem_bd_axi_smc_full_0/bd_0/ip/ip_10/bd_3238_sbn_0_clocks.xdc:91]
WARNING: [Vivado_Tcl 4-921] Waiver ID 'CDC-2' -to list should not be empty. [/home/mss464/minitpu/tpu/build/mem_system/mem_system.gen/sources_1/bd/mem_bd/ip/mem_bd_axi_smc_full_0/bd_0/ip/ip_10/bd_3238_sbn_0_clocks.xdc:94]
WARNING: [Vivado_Tcl 4-921] Waiver ID 'CDC-2' -to list should not be empty. [/home/mss464/minitpu/tpu/build/mem_system/mem_system.gen/sources_1/bd/mem_bd/ip/mem_bd_axi_smc_full_0/bd_0/ip/ip_10/bd_3238_sbn_0_clocks.xdc:97]
WARNING: [Vivado_Tcl 4-921] Waiver ID 'CDC-2' -to list should not be empty. [/home/mss464/minitpu/tpu/build/mem_system/mem_system.gen/sources_1/bd/mem_bd/ip/mem_bd_axi_smc_full_0/bd_0/ip/ip_10/bd_3238_sbn_0_clocks.xdc:100]
WARNING: [Vivado_Tcl 4-921] Waiver ID 'CDC-1' -to list should not be empty. [/home/mss464/minitpu/tpu/build/mem_system/mem_system.gen/sources_1/bd/mem_bd/ip/mem_bd_axi_smc_full_0/bd_0/ip/ip_10/bd_3238_sbn_0_clocks.xdc:104]
WARNING: [Vivado_Tcl 4-921] Waiver ID 'CDC-10' -to list should not be empty. [/home/mss464/minitpu/tpu/build/mem_system/mem_system.gen/sources_1/bd/mem_bd/ip/mem_bd_axi_smc_full_0/bd_0/ip/ip_10/bd_3238_sbn_0_clocks.xdc:107]
WARNING: [Vivado_Tcl 4-921] Waiver ID 'CDC-10' -to list should not be empty. [/home/mss464/minitpu/tpu/build/mem_system/mem_system.gen/sources_1/bd/mem_bd/ip/mem_bd_axi_smc_full_0/bd_0/ip/ip_10/bd_3238_sbn_0_clocks.xdc:110]
WARNING: [Vivado_Tcl 4-921] Waiver ID 'CDC-1' -to list should not be empty. [/home/mss464/minitpu/tpu/build/mem_system/mem_system.gen/sources_1/bd/mem_bd/ip/mem_bd_axi_smc_full_0/bd_0/ip/ip_10/bd_3238_sbn_0_clocks.xdc:113]
WARNING: [Vivado_Tcl 4-921] Waiver ID 'CDC-1' -to list should not be empty. [/home/mss464/minitpu/tpu/build/mem_system/mem_system.gen/sources_1/bd/mem_bd/ip/mem_bd_axi_smc_full_0/bd_0/ip/ip_10/bd_3238_sbn_0_clocks.xdc:116]
WARNING: [Vivado_Tcl 4-921] Waiver ID 'CDC-1' -to list should not be empty. [/home/mss464/minitpu/tpu/build/mem_system/mem_system.gen/sources_1/bd/mem_bd/ip/mem_bd_axi_smc_full_0/bd_0/ip/ip_10/bd_3238_sbn_0_clocks.xdc:119]
WARNING: [Vivado_Tcl 4-921] Waiver ID 'CDC-13' -to list should not be empty. [/home/mss464/minitpu/tpu/build/mem_system/mem_system.gen/sources_1/bd/mem_bd/ip/mem_bd_axi_smc_full_0/bd_0/ip/ip_10/bd_3238_sbn_0_clocks.xdc:122]
WARNING: [Vivado_Tcl 4-921] Waiver ID 'CDC-1' -to list should not be empty. [/home/mss464/minitpu/tpu/build/mem_system/mem_system.gen/sources_1/bd/mem_bd/ip/mem_bd_axi_smc_full_0/bd_0/ip/ip_10/bd_3238_sbn_0_clocks.xdc:125]
WARNING: [Vivado_Tcl 4-921] Waiver ID 'CDC-1' -to list should not be empty. [/home/mss464/minitpu/tpu/build/mem_system/mem_system.gen/sources_1/bd/mem_bd/ip/mem_bd_axi_smc_full_0/bd_0/ip/ip_10/bd_3238_sbn_0_clocks.xdc:128]
WARNING: [Vivado_Tcl 4-921] Waiver ID 'CDC-13' -to list should not be empty. [/home/mss464/minitpu/tpu/build/mem_system/mem_system.gen/sources_1/bd/mem_bd/ip/mem_bd_axi_smc_full_0/bd_0/ip/ip_10/bd_3238_sbn_0_clocks.xdc:131]
WARNING: [Vivado_Tcl 4-921] Waiver ID 'CDC-1' -to list should not be empty. [/home/mss464/minitpu/tpu/build/mem_system/mem_system.gen/sources_1/bd/mem_bd/ip/mem_bd_axi_smc_full_0/bd_0/ip/ip_10/bd_3238_sbn_0_clocks.xdc:134]
WARNING: [Vivado_Tcl 4-921] Waiver ID 'CDC-10' -to list should not be empty. [/home/mss464/minitpu/tpu/build/mem_system/mem_system.gen/sources_1/bd/mem_bd/ip/mem_bd_axi_smc_full_0/bd_0/ip/ip_10/bd_3238_sbn_0_clocks.xdc:137]
WARNING: [Vivado_Tcl 4-921] Waiver ID 'CDC-1' -to list should not be empty. [/home/mss464/minitpu/tpu/build/mem_system/mem_system.gen/sources_1/bd/mem_bd/ip/mem_bd_axi_smc_full_0/bd_0/ip/ip_10/bd_3238_sbn_0_clocks.xdc:140]
WARNING: [Vivado_Tcl 4-921] Waiver ID 'CDC-1' -to list should not be empty. [/home/mss464/minitpu/tpu/build/mem_system/mem_system.gen/sources_1/bd/mem_bd/ip/mem_bd_axi_smc_full_0/bd_0/ip/ip_10/bd_3238_sbn_0_clocks.xdc:143]
WARNING: [Vivado_Tcl 4-921] Waiver ID 'CDC-1' -to list should not be empty. [/home/mss464/minitpu/tpu/build/mem_system/mem_system.gen/sources_1/bd/mem_bd/ip/mem_bd_axi_smc_full_0/bd_0/ip/ip_10/bd_3238_sbn_0_clocks.xdc:146]
WARNING: [Vivado_Tcl 4-921] Waiver ID 'CDC-2' -to list should not be empty. [/home/mss464/minitpu/tpu/build/mem_system/mem_system.gen/sources_1/bd/mem_bd/ip/mem_bd_axi_smc_full_0/bd_0/ip/ip_10/bd_3238_sbn_0_clocks.xdc:149]
WARNING: [Vivado_Tcl 4-921] Waiver ID 'CDC-1' -to list should not be empty. [/home/mss464/minitpu/tpu/build/mem_system/mem_system.gen/sources_1/bd/mem_bd/ip/mem_bd_axi_smc_full_0/bd_0/ip/ip_10/bd_3238_sbn_0_clocks.xdc:152]
WARNING: [Vivado_Tcl 4-921] Waiver ID 'CDC-1' -to list should not be empty. [/home/mss464/minitpu/tpu/build/mem_system/mem_system.gen/sources_1/bd/mem_bd/ip/mem_bd_axi_smc_full_0/bd_0/ip/ip_10/bd_3238_sbn_0_clocks.xdc:155]
WARNING: [Vivado_Tcl 4-921] Waiver ID 'CDC-1' -to list should not be empty. [/home/mss464/minitpu/tpu/build/mem_system/mem_system.gen/sources_1/bd/mem_bd/ip/mem_bd_axi_smc_full_0/bd_0/ip/ip_10/bd_3238_sbn_0_clocks.xdc:158]
WARNING: [Vivado_Tcl 4-921] Waiver ID 'CDC-10' -to list should not be empty. [/home/mss464/minitpu/tpu/build/mem_system/mem_system.gen/sources_1/bd/mem_bd/ip/mem_bd_axi_smc_full_0/bd_0/ip/ip_10/bd_3238_sbn_0_clocks.xdc:161]
WARNING: [Vivado_Tcl 4-921] Waiver ID 'CDC-4' -to list should not be empty. [/home/mss464/minitpu/tpu/build/mem_system/mem_system.gen/sources_1/bd/mem_bd/ip/mem_bd_axi_smc_full_0/bd_0/ip/ip_10/bd_3238_sbn_0_clocks.xdc:164]
WARNING: [Vivado_Tcl 4-921] Waiver ID 'CDC-4' -to list should not be empty. [/home/mss464/minitpu/tpu/build/mem_system/mem_system.gen/sources_1/bd/mem_bd/ip/mem_bd_axi_smc_full_0/bd_0/ip/ip_10/bd_3238_sbn_0_clocks.xdc:167]
WARNING: [Vivado_Tcl 4-921] Waiver ID 'CDC-4' -to list should not be empty. [/home/mss464/minitpu/tpu/build/mem_system/mem_system.gen/sources_1/bd/mem_bd/ip/mem_bd_axi_smc_full_0/bd_0/ip/ip_10/bd_3238_sbn_0_clocks.xdc:171]
WARNING: [Vivado_Tcl 4-921] Waiver ID 'CDC-4' -to list should not be empty. [/home/mss464/minitpu/tpu/build/mem_system/mem_system.gen/sources_1/bd/mem_bd/ip/mem_bd_axi_smc_full_0/bd_0/ip/ip_10/bd_3238_sbn_0_clocks.xdc:174]
WARNING: [Vivado_Tcl 4-921] Waiver ID 'CDC-1' -to list should not be empty. [/home/mss464/minitpu/tpu/build/mem_system/mem_system.gen/sources_1/bd/mem_bd/ip/mem_bd_axi_smc_full_0/bd_0/ip/ip_10/bd_3238_sbn_0_clocks.xdc:178]
Finished Parsing XDC File [/home/mss464/minitpu/tpu/build/mem_system/mem_system.gen/sources_1/bd/mem_bd/ip/mem_bd_axi_smc_full_0/bd_0/ip/ip_10/bd_3238_sbn_0_clocks.xdc] for cell 'mem_bd_i/axi_smc_full/inst/s00_nodes/s00_b_node/inst'
Parsing XDC File [/home/mss464/minitpu/tpu/build/mem_system/mem_system.gen/sources_1/bd/mem_bd/ip/mem_bd_axi_smc_full_0/bd_0/ip/ip_9/bd_3238_swn_0_clocks.xdc] for cell 'mem_bd_i/axi_smc_full/inst/s00_nodes/s00_w_node/inst'
INFO: [Common 17-14] Message 'Vivado 12-180' appears 100 times and further instances of the messages will be disabled. Use the Tcl command set_msg_config to change the current settings. [/home/mss464/minitpu/tpu/build/mem_system/mem_system.gen/sources_1/bd/mem_bd/ip/mem_bd_axi_smc_full_0/bd_0/ip/ip_9/bd_3238_swn_0_clocks.xdc:49]
WARNING: [Vivado_Tcl 4-921] Waiver ID 'CDC-1' -to list should not be empty. [/home/mss464/minitpu/tpu/build/mem_system/mem_system.gen/sources_1/bd/mem_bd/ip/mem_bd_axi_smc_full_0/bd_0/ip/ip_9/bd_3238_swn_0_clocks.xdc:49]
WARNING: [Vivado_Tcl 4-921] Waiver ID 'CDC-1' -to list should not be empty. [/home/mss464/minitpu/tpu/build/mem_system/mem_system.gen/sources_1/bd/mem_bd/ip/mem_bd_axi_smc_full_0/bd_0/ip/ip_9/bd_3238_swn_0_clocks.xdc:52]
WARNING: [Vivado_Tcl 4-921] Waiver ID 'CDC-1' -to list should not be empty. [/home/mss464/minitpu/tpu/build/mem_system/mem_system.gen/sources_1/bd/mem_bd/ip/mem_bd_axi_smc_full_0/bd_0/ip/ip_9/bd_3238_swn_0_clocks.xdc:55]
WARNING: [Vivado_Tcl 4-921] Waiver ID 'CDC-1' -to list should not be empty. [/home/mss464/minitpu/tpu/build/mem_system/mem_system.gen/sources_1/bd/mem_bd/ip/mem_bd_axi_smc_full_0/bd_0/ip/ip_9/bd_3238_swn_0_clocks.xdc:59]
WARNING: [Vivado_Tcl 4-921] Waiver ID 'CDC-1' -to list should not be empty. [/home/mss464/minitpu/tpu/build/mem_system/mem_system.gen/sources_1/bd/mem_bd/ip/mem_bd_axi_smc_full_0/bd_0/ip/ip_9/bd_3238_swn_0_clocks.xdc:63]
WARNING: [Vivado_Tcl 4-921] Waiver ID 'CDC-1' -to list should not be empty. [/home/mss464/minitpu/tpu/build/mem_system/mem_system.gen/sources_1/bd/mem_bd/ip/mem_bd_axi_smc_full_0/bd_0/ip/ip_9/bd_3238_swn_0_clocks.xdc:66]
WARNING: [Vivado_Tcl 4-921] Waiver ID 'CDC-1' -to list should not be empty. [/home/mss464/minitpu/tpu/build/mem_system/mem_system.gen/sources_1/bd/mem_bd/ip/mem_bd_axi_smc_full_0/bd_0/ip/ip_9/bd_3238_swn_0_clocks.xdc:70]
WARNING: [Vivado_Tcl 4-921] Waiver ID 'CDC-1' -to list should not be empty. [/home/mss464/minitpu/tpu/build/mem_system/mem_system.gen/sources_1/bd/mem_bd/ip/mem_bd_axi_smc_full_0/bd_0/ip/ip_9/bd_3238_swn_0_clocks.xdc:73]
WARNING: [Vivado_Tcl 4-921] Waiver ID 'CDC-1' -to list should not be empty. [/home/mss464/minitpu/tpu/build/mem_system/mem_system.gen/sources_1/bd/mem_bd/ip/mem_bd_axi_smc_full_0/bd_0/ip/ip_9/bd_3238_swn_0_clocks.xdc:76]
INFO: [Common 17-14] Message 'Vivado_Tcl 4-921' appears 100 times and further instances of the messages will be disabled. Use the Tcl command set_msg_config to change the current settings. [/home/mss464/minitpu/tpu/build/mem_system/mem_system.gen/sources_1/bd/mem_bd/ip/mem_bd_axi_smc_full_0/bd_0/ip/ip_9/bd_3238_swn_0_clocks.xdc:76]
Finished Parsing XDC File [/home/mss464/minitpu/tpu/build/mem_system/mem_system.gen/sources_1/bd/mem_bd/ip/mem_bd_axi_smc_full_0/bd_0/ip/ip_9/bd_3238_swn_0_clocks.xdc] for cell 'mem_bd_i/axi_smc_full/inst/s00_nodes/s00_w_node/inst'
Parsing XDC File [/home/mss464/minitpu/tpu/build/mem_system/mem_system.gen/sources_1/bd/mem_bd/ip/mem_bd_axi_smc_full_0/bd_0/ip/ip_8/bd_3238_sawn_0_clocks.xdc] for cell 'mem_bd_i/axi_smc_full/inst/s00_nodes/s00_aw_node/inst'
Finished Parsing XDC File [/home/mss464/minitpu/tpu/build/mem_system/mem_system.gen/sources_1/bd/mem_bd/ip/mem_bd_axi_smc_full_0/bd_0/ip/ip_8/bd_3238_sawn_0_clocks.xdc] for cell 'mem_bd_i/axi_smc_full/inst/s00_nodes/s00_aw_node/inst'
Parsing XDC File [/home/mss464/minitpu/tpu/build/mem_system/mem_system.gen/sources_1/bd/mem_bd/ip/mem_bd_axi_smc_full_0/bd_0/ip/ip_7/bd_3238_srn_0_clocks.xdc] for cell 'mem_bd_i/axi_smc_full/inst/s00_nodes/s00_r_node/inst'
Finished Parsing XDC File [/home/mss464/minitpu/tpu/build/mem_system/mem_system.gen/sources_1/bd/mem_bd/ip/mem_bd_axi_smc_full_0/bd_0/ip/ip_7/bd_3238_srn_0_clocks.xdc] for cell 'mem_bd_i/axi_smc_full/inst/s00_nodes/s00_r_node/inst'
Parsing XDC File [/home/mss464/minitpu/tpu/build/mem_system/mem_system.gen/sources_1/bd/mem_bd/ip/mem_bd_axi_smc_full_0/bd_0/ip/ip_6/bd_3238_sarn_0_clocks.xdc] for cell 'mem_bd_i/axi_smc_full/inst/s00_nodes/s00_ar_node/inst'
Finished Parsing XDC File [/home/mss464/minitpu/tpu/build/mem_system/mem_system.gen/sources_1/bd/mem_bd/ip/mem_bd_axi_smc_full_0/bd_0/ip/ip_6/bd_3238_sarn_0_clocks.xdc] for cell 'mem_bd_i/axi_smc_full/inst/s00_nodes/s00_ar_node/inst'
Parsing XDC File [/home/mss464/minitpu/tpu/build/mem_system/mem_system.gen/sources_1/bd/mem_bd/ip/mem_bd_axi_smc_full_0/bd_0/ip/ip_1/bd_3238_psr_aclk_0.xdc] for cell 'mem_bd_i/axi_smc_full/inst/clk_map/psr_aclk/U0'
Finished Parsing XDC File [/home/mss464/minitpu/tpu/build/mem_system/mem_system.gen/sources_1/bd/mem_bd/ip/mem_bd_axi_smc_full_0/bd_0/ip/ip_1/bd_3238_psr_aclk_0.xdc] for cell 'mem_bd_i/axi_smc_full/inst/clk_map/psr_aclk/U0'
Parsing XDC File [/home/mss464/minitpu/tpu/build/mem_system/mem_system.gen/sources_1/bd/mem_bd/ip/mem_bd_axi_smc_full_0/bd_0/ip/ip_1/bd_3238_psr_aclk_0_board.xdc] for cell 'mem_bd_i/axi_smc_full/inst/clk_map/psr_aclk/U0'
Finished Parsing XDC File [/home/mss464/minitpu/tpu/build/mem_system/mem_system.gen/sources_1/bd/mem_bd/ip/mem_bd_axi_smc_full_0/bd_0/ip/ip_1/bd_3238_psr_aclk_0_board.xdc] for cell 'mem_bd_i/axi_smc_full/inst/clk_map/psr_aclk/U0'
Parsing XDC File [/home/mss464/minitpu/tpu/build/mem_system/mem_system.gen/sources_1/bd/mem_bd/ip/mem_bd_axi_smc_0/smartconnect.xdc] for cell 'mem_bd_i/axi_smc/inst'
WARNING: [Vivado_Tcl 4-919] Waiver ID 'CDC-1' -from list should not be empty. [/home/mss464/minitpu/tpu/build/mem_system/mem_system.gen/sources_1/bd/mem_bd/ip/mem_bd_axi_smc_0/smartconnect.xdc:1]
Finished Parsing XDC File [/home/mss464/minitpu/tpu/build/mem_system/mem_system.gen/sources_1/bd/mem_bd/ip/mem_bd_axi_smc_0/smartconnect.xdc] for cell 'mem_bd_i/axi_smc/inst'
Parsing XDC File [/home/mss464/minitpu/tpu/build/mem_system/mem_system.gen/sources_1/bd/mem_bd/ip/mem_bd_axi_smc_0/bd_0/ip/ip_25/bd_47d6_m00bn_0_clocks.xdc] for cell 'mem_bd_i/axi_smc/inst/m00_nodes/m00_b_node/inst'
Finished Parsing XDC File [/home/mss464/minitpu/tpu/build/mem_system/mem_system.gen/sources_1/bd/mem_bd/ip/mem_bd_axi_smc_0/bd_0/ip/ip_25/bd_47d6_m00bn_0_clocks.xdc] for cell 'mem_bd_i/axi_smc/inst/m00_nodes/m00_b_node/inst'
Parsing XDC File [/home/mss464/minitpu/tpu/build/mem_system/mem_system.gen/sources_1/bd/mem_bd/ip/mem_bd_axi_smc_0/bd_0/ip/ip_24/bd_47d6_m00wn_0_clocks.xdc] for cell 'mem_bd_i/axi_smc/inst/m00_nodes/m00_w_node/inst'
Finished Parsing XDC File [/home/mss464/minitpu/tpu/build/mem_system/mem_system.gen/sources_1/bd/mem_bd/ip/mem_bd_axi_smc_0/bd_0/ip/ip_24/bd_47d6_m00wn_0_clocks.xdc] for cell 'mem_bd_i/axi_smc/inst/m00_nodes/m00_w_node/inst'
Parsing XDC File [/home/mss464/minitpu/tpu/build/mem_system/mem_system.gen/sources_1/bd/mem_bd/ip/mem_bd_axi_smc_0/bd_0/ip/ip_23/bd_47d6_m00awn_0_clocks.xdc] for cell 'mem_bd_i/axi_smc/inst/m00_nodes/m00_aw_node/inst'
Finished Parsing XDC File [/home/mss464/minitpu/tpu/build/mem_system/mem_system.gen/sources_1/bd/mem_bd/ip/mem_bd_axi_smc_0/bd_0/ip/ip_23/bd_47d6_m00awn_0_clocks.xdc] for cell 'mem_bd_i/axi_smc/inst/m00_nodes/m00_aw_node/inst'
Parsing XDC File [/home/mss464/minitpu/tpu/build/mem_system/mem_system.gen/sources_1/bd/mem_bd/ip/mem_bd_zynq_ps_0/mem_bd_zynq_ps_0.xdc] for cell 'mem_bd_i/zynq_ps/inst'
Finished Parsing XDC File [/home/mss464/minitpu/tpu/build/mem_system/mem_system.gen/sources_1/bd/mem_bd/ip/mem_bd_zynq_ps_0/mem_bd_zynq_ps_0.xdc] for cell 'mem_bd_i/zynq_ps/inst'
Parsing XDC File [/home/mss464/minitpu/tpu/build/mem_system/mem_system.gen/sources_1/bd/mem_bd/ip/mem_bd_axi_smc_0/bd_0/ip/ip_21/bd_47d6_m00arn_0_clocks.xdc] for cell 'mem_bd_i/axi_smc/inst/m00_nodes/m00_ar_node/inst'
Finished Parsing XDC File [/home/mss464/minitpu/tpu/build/mem_system/mem_system.gen/sources_1/bd/mem_bd/ip/mem_bd_axi_smc_0/bd_0/ip/ip_21/bd_47d6_m00arn_0_clocks.xdc] for cell 'mem_bd_i/axi_smc/inst/m00_nodes/m00_ar_node/inst'
Parsing XDC File [/home/mss464/minitpu/tpu/build/mem_system/mem_system.gen/sources_1/bd/mem_bd/ip/mem_bd_axi_smc_0/bd_0/ip/ip_19/bd_47d6_sbn_0_clocks.xdc] for cell 'mem_bd_i/axi_smc/inst/s01_nodes/s01_b_node/inst'
Finished Parsing XDC File [/home/mss464/minitpu/tpu/build/mem_system/mem_system.gen/sources_1/bd/mem_bd/ip/mem_bd_axi_smc_0/bd_0/ip/ip_19/bd_47d6_sbn_0_clocks.xdc] for cell 'mem_bd_i/axi_smc/inst/s01_nodes/s01_b_node/inst'
Parsing XDC File [/home/mss464/minitpu/tpu/build/mem_system/mem_system.gen/sources_1/bd/mem_bd/ip/mem_bd_axi_smc_0/bd_0/ip/ip_18/bd_47d6_swn_0_clocks.xdc] for cell 'mem_bd_i/axi_smc/inst/s01_nodes/s01_w_node/inst'
Finished Parsing XDC File [/home/mss464/minitpu/tpu/build/mem_system/mem_system.gen/sources_1/bd/mem_bd/ip/mem_bd_axi_smc_0/bd_0/ip/ip_18/bd_47d6_swn_0_clocks.xdc] for cell 'mem_bd_i/axi_smc/inst/s01_nodes/s01_w_node/inst'
Parsing XDC File [/home/mss464/minitpu/tpu/build/mem_system/mem_system.gen/sources_1/bd/mem_bd/ip/mem_bd_axi_smc_0/bd_0/ip/ip_17/bd_47d6_sawn_0_clocks.xdc] for cell 'mem_bd_i/axi_smc/inst/s01_nodes/s01_aw_node/inst'
Finished Parsing XDC File [/home/mss464/minitpu/tpu/build/mem_system/mem_system.gen/sources_1/bd/mem_bd/ip/mem_bd_axi_smc_0/bd_0/ip/ip_17/bd_47d6_sawn_0_clocks.xdc] for cell 'mem_bd_i/axi_smc/inst/s01_nodes/s01_aw_node/inst'
Parsing XDC File [/home/mss464/minitpu/tpu/build/mem_system/mem_system.gen/sources_1/bd/mem_bd/ip/mem_bd_axi_smc_0/bd_0/ip/ip_12/bd_47d6_srn_0_clocks.xdc] for cell 'mem_bd_i/axi_smc/inst/s00_nodes/s00_r_node/inst'
Finished Parsing XDC File [/home/mss464/minitpu/tpu/build/mem_system/mem_system.gen/sources_1/bd/mem_bd/ip/mem_bd_axi_smc_0/bd_0/ip/ip_12/bd_47d6_srn_0_clocks.xdc] for cell 'mem_bd_i/axi_smc/inst/s00_nodes/s00_r_node/inst'
Parsing XDC File [/home/mss464/minitpu/tpu/build/mem_system/mem_system.gen/sources_1/bd/mem_bd/ip/mem_bd_axi_smc_0/bd_0/ip/ip_11/bd_47d6_sarn_0_clocks.xdc] for cell 'mem_bd_i/axi_smc/inst/s00_nodes/s00_ar_node/inst'
Finished Parsing XDC File [/home/mss464/minitpu/tpu/build/mem_system/mem_system.gen/sources_1/bd/mem_bd/ip/mem_bd_axi_smc_0/bd_0/ip/ip_11/bd_47d6_sarn_0_clocks.xdc] for cell 'mem_bd_i/axi_smc/inst/s00_nodes/s00_ar_node/inst'
Parsing XDC File [/home/mss464/minitpu/tpu/build/mem_system/mem_system.gen/sources_1/bd/mem_bd/ip/mem_bd_axi_smc_0/bd_0/ip/ip_1/bd_47d6_psr_aclk_0.xdc] for cell 'mem_bd_i/axi_smc/inst/clk_map/psr_aclk/U0'
Finished Parsing XDC File [/home/mss464/minitpu/tpu/build/mem_system/mem_system.gen/sources_1/bd/mem_bd/ip/mem_bd_axi_smc_0/bd_0/ip/ip_1/bd_47d6_psr_aclk_0.xdc] for cell 'mem_bd_i/axi_smc/inst/clk_map/psr_aclk/U0'
Parsing XDC File [/home/mss464/minitpu/tpu/build/mem_system/mem_system.gen/sources_1/bd/mem_bd/ip/mem_bd_axi_smc_0/bd_0/ip/ip_1/bd_47d6_psr_aclk_0_board.xdc] for cell 'mem_bd_i/axi_smc/inst/clk_map/psr_aclk/U0'
Finished Parsing XDC File [/home/mss464/minitpu/tpu/build/mem_system/mem_system.gen/sources_1/bd/mem_bd/ip/mem_bd_axi_smc_0/bd_0/ip/ip_1/bd_47d6_psr_aclk_0_board.xdc] for cell 'mem_bd_i/axi_smc/inst/clk_map/psr_aclk/U0'
Parsing XDC File [/home/mss464/minitpu/tpu/build/mem_system/mem_system.gen/sources_1/bd/mem_bd/ip/mem_bd_axi_dma_0_0/mem_bd_axi_dma_0_0.xdc] for cell 'mem_bd_i/axi_dma_0/U0'
WARNING: [Vivado_Tcl 4-919] Waiver ID 'CDC-1' -from list should not be empty. [/home/mss464/minitpu/tpu/build/mem_system/mem_system.gen/sources_1/bd/mem_bd/ip/mem_bd_axi_dma_0_0/mem_bd_axi_dma_0_0.xdc:61]
Finished Parsing XDC File [/home/mss464/minitpu/tpu/build/mem_system/mem_system.gen/sources_1/bd/mem_bd/ip/mem_bd_axi_dma_0_0/mem_bd_axi_dma_0_0.xdc] for cell 'mem_bd_i/axi_dma_0/U0'
Parsing XDC File [/home/mss464/minitpu/tpu/build/mem_system/mem_system.gen/sources_1/bd/mem_bd/ip/mem_bd_proc_sys_reset_0_0/mem_bd_proc_sys_reset_0_0.xdc] for cell 'mem_bd_i/proc_sys_reset_0/U0'
Finished Parsing XDC File [/home/mss464/minitpu/tpu/build/mem_system/mem_system.gen/sources_1/bd/mem_bd/ip/mem_bd_proc_sys_reset_0_0/mem_bd_proc_sys_reset_0_0.xdc] for cell 'mem_bd_i/proc_sys_reset_0/U0'
Parsing XDC File [/home/mss464/minitpu/tpu/build/mem_system/mem_system.gen/sources_1/bd/mem_bd/ip/mem_bd_proc_sys_reset_0_0/mem_bd_proc_sys_reset_0_0_board.xdc] for cell 'mem_bd_i/proc_sys_reset_0/U0'
Finished Parsing XDC File [/home/mss464/minitpu/tpu/build/mem_system/mem_system.gen/sources_1/bd/mem_bd/ip/mem_bd_proc_sys_reset_0_0/mem_bd_proc_sys_reset_0_0_board.xdc] for cell 'mem_bd_i/proc_sys_reset_0/U0'
Parsing XDC File [/home/mss464/minitpu/tpu/build/mem_system/mem_system.gen/sources_1/bd/mem_bd/ip/mem_bd_axi_dma_0_0/mem_bd_axi_dma_0_0_clocks.xdc] for cell 'mem_bd_i/axi_dma_0/U0'
Finished Parsing XDC File [/home/mss464/minitpu/tpu/build/mem_system/mem_system.gen/sources_1/bd/mem_bd/ip/mem_bd_axi_dma_0_0/mem_bd_axi_dma_0_0_clocks.xdc] for cell 'mem_bd_i/axi_dma_0/U0'
INFO: [Project 1-1714] 68 XPM XDC files have been applied to the design.
INFO: [Opt 31-138] Pushed 0 inverter(s) to 0 load pin(s).
INFO: [Project 1-1687] 668 scoped IP constraints or related sub-commands were skipped due to synthesis logic optimizations usually triggered by constant connectivity or unconnected output pins. To review the skipped constraints and messages, run the command 'set_param netlist.IPMsgFiltering false' before opening the design.
Netlist sorting complete. Time (s): cpu = 00:00:00.01 ; elapsed = 00:00:00 . Memory (MB): peak = 3293.070 ; gain = 0.000 ; free physical = 11748 ; free virtual = 160534
INFO: [Project 1-111] Unisim Transformation Summary:
  A total of 193 instances were transformed.
  RAM16X1D => RAM32X1D (RAMD32(x2)): 1 instance 
  RAM32M16 => RAM32M16 (RAMD32(x14), RAMS32(x2)): 155 instances
  RAM64M8 => RAM64M8 (RAMD64E(x8)): 37 instances

22 Infos, 103 Warnings, 0 Critical Warnings and 0 Errors encountered.
link_design completed successfully
link_design: Time (s): cpu = 00:00:28 ; elapsed = 00:00:27 . Memory (MB): peak = 3293.070 ; gain = 1673.133 ; free physical = 11746 ; free virtual = 160533
Command: opt_design
Attempting to get a license for feature 'Implementation' and/or device 'xczu3eg'
INFO: [Common 17-349] Got license for feature 'Implementation' and/or device 'xczu3eg'
Running DRC as a precondition to command opt_design

Starting DRC Task
INFO: [DRC 23-27] Running DRC with 8 threads
INFO: [Project 1-461] DRC finished with 0 Errors
INFO: [Project 1-462] Please refer to the DRC report (report_drc) for more information.

Time (s): cpu = 00:00:03 ; elapsed = 00:00:01 . Memory (MB): peak = 3293.070 ; gain = 0.000 ; free physical = 11742 ; free virtual = 160528

Starting Cache Timing Information Task
INFO: [Timing 38-35] Done setting XDC timing constraints.
Ending Cache Timing Information Task | Checksum: 1a280b57d

Time (s): cpu = 00:00:02 ; elapsed = 00:00:00.95 . Memory (MB): peak = 3293.070 ; gain = 0.000 ; free physical = 11741 ; free virtual = 160527

Starting Logic Optimization Task

Phase 1 Initialization

Phase 1.1 Core Generation And Design Setup
Phase 1.1 Core Generation And Design Setup | Checksum: 1a280b57d

Time (s): cpu = 00:00:00.01 ; elapsed = 00:00:00.01 . Memory (MB): peak = 3450.918 ; gain = 0.000 ; free physical = 11474 ; free virtual = 160260

Phase 1.2 Setup Constraints And Sort Netlist
Phase 1.2 Setup Constraints And Sort Netlist | Checksum: 1a280b57d

Time (s): cpu = 00:00:00.02 ; elapsed = 00:00:00.02 . Memory (MB): peak = 3450.918 ; gain = 0.000 ; free physical = 11474 ; free virtual = 160260
Phase 1 Initialization | Checksum: 1a280b57d

Time (s): cpu = 00:00:00.02 ; elapsed = 00:00:00.02 . Memory (MB): peak = 3450.918 ; gain = 0.000 ; free physical = 11474 ; free virtual = 160260

Phase 2 Timer Update And Timing Data Collection

Phase 2.1 Timer Update
Phase 2.1 Timer Update | Checksum: 1a280b57d

Time (s): cpu = 00:00:01 ; elapsed = 00:00:00.36 . Memory (MB): peak = 3450.918 ; gain = 0.000 ; free physical = 11479 ; free virtual = 160265

Phase 2.2 Timing Data Collection
Phase 2.2 Timing Data Collection | Checksum: 1a280b57d

Time (s): cpu = 00:00:01 ; elapsed = 00:00:00.43 . Memory (MB): peak = 3450.918 ; gain = 0.000 ; free physical = 11471 ; free virtual = 160257
Phase 2 Timer Update And Timing Data Collection | Checksum: 1a280b57d

Time (s): cpu = 00:00:01 ; elapsed = 00:00:00.43 . Memory (MB): peak = 3450.918 ; gain = 0.000 ; free physical = 11471 ; free virtual = 160257

Phase 3 Retarget
INFO: [Opt 31-1566] Pulled 3 inverters resulting in an inversion of 17 pins
INFO: [Opt 31-138] Pushed 88 inverter(s) to 3248 load pin(s).
INFO: [Opt 31-49] Retargeted 0 cell(s).
Phase 3 Retarget | Checksum: 16c401f2c

Time (s): cpu = 00:00:02 ; elapsed = 00:00:01 . Memory (MB): peak = 3450.918 ; gain = 0.000 ; free physical = 11448 ; free virtual = 160235
Retarget | Checksum: 16c401f2c
INFO: [Opt 31-389] Phase Retarget created 74 cells and removed 439 cells
INFO: [Opt 31-1021] In phase Retarget, 60 netlist objects are constrained preventing optimization. Please run opt_design with -debug_log to get more detail. 

Phase 4 Constant propagation
INFO: [Opt 31-138] Pushed 2 inverter(s) to 7 load pin(s).
Phase 4 Constant propagation | Checksum: 1d1567949

Time (s): cpu = 00:00:03 ; elapsed = 00:00:02 . Memory (MB): peak = 3450.918 ; gain = 0.000 ; free physical = 11472 ; free virtual = 160258
Constant propagation | Checksum: 1d1567949
INFO: [Opt 31-389] Phase Constant propagation created 40 cells and removed 263 cells
INFO: [Opt 31-1021] In phase Constant propagation, 60 netlist objects are constrained preventing optimization. Please run opt_design with -debug_log to get more detail. 

Phase 5 Sweep
Phase 5 Sweep | Checksum: 18b05bbd5

Time (s): cpu = 00:00:04 ; elapsed = 00:00:03 . Memory (MB): peak = 3450.918 ; gain = 0.000 ; free physical = 11470 ; free virtual = 160256
Sweep | Checksum: 18b05bbd5
INFO: [Opt 31-389] Phase Sweep created 0 cells and removed 1183 cells
INFO: [Opt 31-1021] In phase Sweep, 77 netlist objects are constrained preventing optimization. Please run opt_design with -debug_log to get more detail. 

Phase 6 BUFG optimization
INFO: [Opt 31-1077] Phase BUFG optimization inserted 0 global clock buffer(s) for CLOCK_LOW_FANOUT.
Phase 6 BUFG optimization | Checksum: 18b05bbd5

Time (s): cpu = 00:00:05 ; elapsed = 00:00:03 . Memory (MB): peak = 3450.918 ; gain = 0.000 ; free physical = 11470 ; free virtual = 160256
BUFG optimization | Checksum: 18b05bbd5
INFO: [Opt 31-662] Phase BUFG optimization created 0 cells of which 0 are BUFGs and removed 0 cells.

Phase 7 Shift Register Optimization
WARNING: [Opt 31-1131] Can not pull register out from mem_bd_i/axi_interconnect_0/s00_couplers/auto_pc/inst/gen_axilite.gen_b2s_conv.axilite_b2s/RD.r_channel_0/rd_data_fifo_0/memory_reg[31][0]_srl32 due to none static srl address bits
WARNING: [Opt 31-1131] Can not pull register out from mem_bd_i/axi_interconnect_0/s00_couplers/auto_pc/inst/gen_axilite.gen_b2s_conv.axilite_b2s/RD.r_channel_0/rd_data_fifo_0/memory_reg[31][10]_srl32 due to none static srl address bits
WARNING: [Opt 31-1131] Can not pull register out from mem_bd_i/axi_interconnect_0/s00_couplers/auto_pc/inst/gen_axilite.gen_b2s_conv.axilite_b2s/RD.r_channel_0/rd_data_fifo_0/memory_reg[31][11]_srl32 due to none static srl address bits
WARNING: [Opt 31-1131] Can not pull register out from mem_bd_i/axi_interconnect_0/s00_couplers/auto_pc/inst/gen_axilite.gen_b2s_conv.axilite_b2s/RD.r_channel_0/rd_data_fifo_0/memory_reg[31][12]_srl32 due to none static srl address bits
WARNING: [Opt 31-1131] Can not pull register out from mem_bd_i/axi_interconnect_0/s00_couplers/auto_pc/inst/gen_axilite.gen_b2s_conv.axilite_b2s/RD.r_channel_0/rd_data_fifo_0/memory_reg[31][13]_srl32 due to none static srl address bits
WARNING: [Opt 31-1131] Can not pull register out from mem_bd_i/axi_interconnect_0/s00_couplers/auto_pc/inst/gen_axilite.gen_b2s_conv.axilite_b2s/RD.r_channel_0/rd_data_fifo_0/memory_reg[31][14]_srl32 due to none static srl address bits
WARNING: [Opt 31-1131] Can not pull register out from mem_bd_i/axi_interconnect_0/s00_couplers/auto_pc/inst/gen_axilite.gen_b2s_conv.axilite_b2s/RD.r_channel_0/rd_data_fifo_0/memory_reg[31][15]_srl32 due to none static srl address bits
WARNING: [Opt 31-1131] Can not pull register out from mem_bd_i/axi_interconnect_0/s00_couplers/auto_pc/inst/gen_axilite.gen_b2s_conv.axilite_b2s/RD.r_channel_0/rd_data_fifo_0/memory_reg[31][16]_srl32 due to none static srl address bits
WARNING: [Opt 31-1131] Can not pull register out from mem_bd_i/axi_interconnect_0/s00_couplers/auto_pc/inst/gen_axilite.gen_b2s_conv.axilite_b2s/RD.r_channel_0/rd_data_fifo_0/memory_reg[31][17]_srl32 due to none static srl address bits
WARNING: [Opt 31-1131] Can not pull register out from mem_bd_i/axi_interconnect_0/s00_couplers/auto_pc/inst/gen_axilite.gen_b2s_conv.axilite_b2s/RD.r_channel_0/rd_data_fifo_0/memory_reg[31][18]_srl32 due to none static srl address bits
WARNING: [Opt 31-1131] Can not pull register out from mem_bd_i/axi_interconnect_0/s00_couplers/auto_pc/inst/gen_axilite.gen_b2s_conv.axilite_b2s/RD.r_channel_0/rd_data_fifo_0/memory_reg[31][19]_srl32 due to none static srl address bits
WARNING: [Opt 31-1131] Can not pull register out from mem_bd_i/axi_interconnect_0/s00_couplers/auto_pc/inst/gen_axilite.gen_b2s_conv.axilite_b2s/RD.r_channel_0/rd_data_fifo_0/memory_reg[31][1]_srl32 due to none static srl address bits
WARNING: [Opt 31-1131] Can not pull register out from mem_bd_i/axi_interconnect_0/s00_couplers/auto_pc/inst/gen_axilite.gen_b2s_conv.axilite_b2s/RD.r_channel_0/rd_data_fifo_0/memory_reg[31][20]_srl32 due to none static srl address bits
WARNING: [Opt 31-1131] Can not pull register out from mem_bd_i/axi_interconnect_0/s00_couplers/auto_pc/inst/gen_axilite.gen_b2s_conv.axilite_b2s/RD.r_channel_0/rd_data_fifo_0/memory_reg[31][21]_srl32 due to none static srl address bits
WARNING: [Opt 31-1131] Can not pull register out from mem_bd_i/axi_interconnect_0/s00_couplers/auto_pc/inst/gen_axilite.gen_b2s_conv.axilite_b2s/RD.r_channel_0/rd_data_fifo_0/memory_reg[31][22]_srl32 due to none static srl address bits
WARNING: [Opt 31-1131] Can not pull register out from mem_bd_i/axi_interconnect_0/s00_couplers/auto_pc/inst/gen_axilite.gen_b2s_conv.axilite_b2s/RD.r_channel_0/rd_data_fifo_0/memory_reg[31][23]_srl32 due to none static srl address bits
WARNING: [Opt 31-1131] Can not pull register out from mem_bd_i/axi_interconnect_0/s00_couplers/auto_pc/inst/gen_axilite.gen_b2s_conv.axilite_b2s/RD.r_channel_0/rd_data_fifo_0/memory_reg[31][24]_srl32 due to none static srl address bits
WARNING: [Opt 31-1131] Can not pull register out from mem_bd_i/axi_interconnect_0/s00_couplers/auto_pc/inst/gen_axilite.gen_b2s_conv.axilite_b2s/RD.r_channel_0/rd_data_fifo_0/memory_reg[31][25]_srl32 due to none static srl address bits
WARNING: [Opt 31-1131] Can not pull register out from mem_bd_i/axi_interconnect_0/s00_couplers/auto_pc/inst/gen_axilite.gen_b2s_conv.axilite_b2s/RD.r_channel_0/rd_data_fifo_0/memory_reg[31][26]_srl32 due to none static srl address bits
WARNING: [Opt 31-1131] Can not pull register out from mem_bd_i/axi_interconnect_0/s00_couplers/auto_pc/inst/gen_axilite.gen_b2s_conv.axilite_b2s/RD.r_channel_0/rd_data_fifo_0/memory_reg[31][27]_srl32 due to none static srl address bits
WARNING: [Opt 31-1131] Can not pull register out from mem_bd_i/axi_interconnect_0/s00_couplers/auto_pc/inst/gen_axilite.gen_b2s_conv.axilite_b2s/RD.r_channel_0/rd_data_fifo_0/memory_reg[31][28]_srl32 due to none static srl address bits
WARNING: [Opt 31-1131] Can not pull register out from mem_bd_i/axi_interconnect_0/s00_couplers/auto_pc/inst/gen_axilite.gen_b2s_conv.axilite_b2s/RD.r_channel_0/rd_data_fifo_0/memory_reg[31][29]_srl32 due to none static srl address bits
WARNING: [Opt 31-1131] Can not pull register out from mem_bd_i/axi_interconnect_0/s00_couplers/auto_pc/inst/gen_axilite.gen_b2s_conv.axilite_b2s/RD.r_channel_0/rd_data_fifo_0/memory_reg[31][2]_srl32 due to none static srl address bits
WARNING: [Opt 31-1131] Can not pull register out from mem_bd_i/axi_interconnect_0/s00_couplers/auto_pc/inst/gen_axilite.gen_b2s_conv.axilite_b2s/RD.r_channel_0/rd_data_fifo_0/memory_reg[31][30]_srl32 due to none static srl address bits
WARNING: [Opt 31-1131] Can not pull register out from mem_bd_i/axi_interconnect_0/s00_couplers/auto_pc/inst/gen_axilite.gen_b2s_conv.axilite_b2s/RD.r_channel_0/rd_data_fifo_0/memory_reg[31][31]_srl32 due to none static srl address bits
WARNING: [Opt 31-1131] Can not pull register out from mem_bd_i/axi_interconnect_0/s00_couplers/auto_pc/inst/gen_axilite.gen_b2s_conv.axilite_b2s/RD.r_channel_0/rd_data_fifo_0/memory_reg[31][32]_srl32 due to none static srl address bits
WARNING: [Opt 31-1131] Can not pull register out from mem_bd_i/axi_interconnect_0/s00_couplers/auto_pc/inst/gen_axilite.gen_b2s_conv.axilite_b2s/RD.r_channel_0/rd_data_fifo_0/memory_reg[31][33]_srl32 due to none static srl address bits
WARNING: [Opt 31-1131] Can not pull register out from mem_bd_i/axi_interconnect_0/s00_couplers/auto_pc/inst/gen_axilite.gen_b2s_conv.axilite_b2s/RD.r_channel_0/rd_data_fifo_0/memory_reg[31][3]_srl32 due to none static srl address bits
WARNING: [Opt 31-1131] Can not pull register out from mem_bd_i/axi_interconnect_0/s00_couplers/auto_pc/inst/gen_axilite.gen_b2s_conv.axilite_b2s/RD.r_channel_0/rd_data_fifo_0/memory_reg[31][4]_srl32 due to none static srl address bits
WARNING: [Opt 31-1131] Can not pull register out from mem_bd_i/axi_interconnect_0/s00_couplers/auto_pc/inst/gen_axilite.gen_b2s_conv.axilite_b2s/RD.r_channel_0/rd_data_fifo_0/memory_reg[31][5]_srl32 due to none static srl address bits
WARNING: [Opt 31-1131] Can not pull register out from mem_bd_i/axi_interconnect_0/s00_couplers/auto_pc/inst/gen_axilite.gen_b2s_conv.axilite_b2s/RD.r_channel_0/rd_data_fifo_0/memory_reg[31][6]_srl32 due to none static srl address bits
WARNING: [Opt 31-1131] Can not pull register out from mem_bd_i/axi_interconnect_0/s00_couplers/auto_pc/inst/gen_axilite.gen_b2s_conv.axilite_b2s/RD.r_channel_0/rd_data_fifo_0/memory_reg[31][7]_srl32 due to none static srl address bits
WARNING: [Opt 31-1131] Can not pull register out from mem_bd_i/axi_interconnect_0/s00_couplers/auto_pc/inst/gen_axilite.gen_b2s_conv.axilite_b2s/RD.r_channel_0/rd_data_fifo_0/memory_reg[31][8]_srl32 due to none static srl address bits
WARNING: [Opt 31-1131] Can not pull register out from mem_bd_i/axi_interconnect_0/s00_couplers/auto_pc/inst/gen_axilite.gen_b2s_conv.axilite_b2s/RD.r_channel_0/rd_data_fifo_0/memory_reg[31][9]_srl32 due to none static srl address bits
WARNING: [Opt 31-1131] Can not pull register out from mem_bd_i/axi_interconnect_0/s00_couplers/auto_pc/inst/gen_axilite.gen_b2s_conv.axilite_b2s/RD.r_channel_0/transaction_fifo_0/memory_reg[31][0]_srl32 due to none static srl address bits
WARNING: [Opt 31-1131] Can not pull register out from mem_bd_i/axi_interconnect_0/s00_couplers/auto_pc/inst/gen_axilite.gen_b2s_conv.axilite_b2s/RD.r_channel_0/transaction_fifo_0/memory_reg[31][10]_srl32 due to none static srl address bits
WARNING: [Opt 31-1131] Can not pull register out from mem_bd_i/axi_interconnect_0/s00_couplers/auto_pc/inst/gen_axilite.gen_b2s_conv.axilite_b2s/RD.r_channel_0/transaction_fifo_0/memory_reg[31][11]_srl32 due to none static srl address bits
WARNING: [Opt 31-1131] Can not pull register out from mem_bd_i/axi_interconnect_0/s00_couplers/auto_pc/inst/gen_axilite.gen_b2s_conv.axilite_b2s/RD.r_channel_0/transaction_fifo_0/memory_reg[31][12]_srl32 due to none static srl address bits
WARNING: [Opt 31-1131] Can not pull register out from mem_bd_i/axi_interconnect_0/s00_couplers/auto_pc/inst/gen_axilite.gen_b2s_conv.axilite_b2s/RD.r_channel_0/transaction_fifo_0/memory_reg[31][13]_srl32 due to none static srl address bits
WARNING: [Opt 31-1131] Can not pull register out from mem_bd_i/axi_interconnect_0/s00_couplers/auto_pc/inst/gen_axilite.gen_b2s_conv.axilite_b2s/RD.r_channel_0/transaction_fifo_0/memory_reg[31][14]_srl32 due to none static srl address bits
WARNING: [Opt 31-1131] Can not pull register out from mem_bd_i/axi_interconnect_0/s00_couplers/auto_pc/inst/gen_axilite.gen_b2s_conv.axilite_b2s/RD.r_channel_0/transaction_fifo_0/memory_reg[31][15]_srl32 due to none static srl address bits
WARNING: [Opt 31-1131] Can not pull register out from mem_bd_i/axi_interconnect_0/s00_couplers/auto_pc/inst/gen_axilite.gen_b2s_conv.axilite_b2s/RD.r_channel_0/transaction_fifo_0/memory_reg[31][16]_srl32 due to none static srl address bits
WARNING: [Opt 31-1131] Can not pull register out from mem_bd_i/axi_interconnect_0/s00_couplers/auto_pc/inst/gen_axilite.gen_b2s_conv.axilite_b2s/RD.r_channel_0/transaction_fifo_0/memory_reg[31][1]_srl32 due to none static srl address bits
WARNING: [Opt 31-1131] Can not pull register out from mem_bd_i/axi_interconnect_0/s00_couplers/auto_pc/inst/gen_axilite.gen_b2s_conv.axilite_b2s/RD.r_channel_0/transaction_fifo_0/memory_reg[31][2]_srl32 due to none static srl address bits
WARNING: [Opt 31-1131] Can not pull register out from mem_bd_i/axi_interconnect_0/s00_couplers/auto_pc/inst/gen_axilite.gen_b2s_conv.axilite_b2s/RD.r_channel_0/transaction_fifo_0/memory_reg[31][3]_srl32 due to none static srl address bits
WARNING: [Opt 31-1131] Can not pull register out from mem_bd_i/axi_interconnect_0/s00_couplers/auto_pc/inst/gen_axilite.gen_b2s_conv.axilite_b2s/RD.r_channel_0/transaction_fifo_0/memory_reg[31][4]_srl32 due to none static srl address bits
WARNING: [Opt 31-1131] Can not pull register out from mem_bd_i/axi_interconnect_0/s00_couplers/auto_pc/inst/gen_axilite.gen_b2s_conv.axilite_b2s/RD.r_channel_0/transaction_fifo_0/memory_reg[31][5]_srl32 due to none static srl address bits
WARNING: [Opt 31-1131] Can not pull register out from mem_bd_i/axi_interconnect_0/s00_couplers/auto_pc/inst/gen_axilite.gen_b2s_conv.axilite_b2s/RD.r_channel_0/transaction_fifo_0/memory_reg[31][6]_srl32 due to none static srl address bits
WARNING: [Opt 31-1131] Can not pull register out from mem_bd_i/axi_interconnect_0/s00_couplers/auto_pc/inst/gen_axilite.gen_b2s_conv.axilite_b2s/RD.r_channel_0/transaction_fifo_0/memory_reg[31][7]_srl32 due to none static srl address bits
WARNING: [Opt 31-1131] Can not pull register out from mem_bd_i/axi_interconnect_0/s00_couplers/auto_pc/inst/gen_axilite.gen_b2s_conv.axilite_b2s/RD.r_channel_0/transaction_fifo_0/memory_reg[31][8]_srl32 due to none static srl address bits
WARNING: [Opt 31-1131] Can not pull register out from mem_bd_i/axi_interconnect_0/s00_couplers/auto_pc/inst/gen_axilite.gen_b2s_conv.axilite_b2s/RD.r_channel_0/transaction_fifo_0/memory_reg[31][9]_srl32 due to none static srl address bits
WARNING: [Opt 31-1131] Can not pull register out from mem_bd_i/axi_interconnect_0/s00_couplers/auto_pc/inst/gen_axilite.gen_b2s_conv.axilite_b2s/WR.b_channel_0/bid_fifo_0/memory_reg[3][0]_srl4 due to none static srl address bits
WARNING: [Opt 31-1131] Can not pull register out from mem_bd_i/axi_interconnect_0/s00_couplers/auto_pc/inst/gen_axilite.gen_b2s_conv.axilite_b2s/WR.b_channel_0/bid_fifo_0/memory_reg[3][10]_srl4 due to none static srl address bits
WARNING: [Opt 31-1131] Can not pull register out from mem_bd_i/axi_interconnect_0/s00_couplers/auto_pc/inst/gen_axilite.gen_b2s_conv.axilite_b2s/WR.b_channel_0/bid_fifo_0/memory_reg[3][11]_srl4 due to none static srl address bits
WARNING: [Opt 31-1131] Can not pull register out from mem_bd_i/axi_interconnect_0/s00_couplers/auto_pc/inst/gen_axilite.gen_b2s_conv.axilite_b2s/WR.b_channel_0/bid_fifo_0/memory_reg[3][12]_srl4 due to none static srl address bits
WARNING: [Opt 31-1131] Can not pull register out from mem_bd_i/axi_interconnect_0/s00_couplers/auto_pc/inst/gen_axilite.gen_b2s_conv.axilite_b2s/WR.b_channel_0/bid_fifo_0/memory_reg[3][13]_srl4 due to none static srl address bits
WARNING: [Opt 31-1131] Can not pull register out from mem_bd_i/axi_interconnect_0/s00_couplers/auto_pc/inst/gen_axilite.gen_b2s_conv.axilite_b2s/WR.b_channel_0/bid_fifo_0/memory_reg[3][14]_srl4 due to none static srl address bits
WARNING: [Opt 31-1131] Can not pull register out from mem_bd_i/axi_interconnect_0/s00_couplers/auto_pc/inst/gen_axilite.gen_b2s_conv.axilite_b2s/WR.b_channel_0/bid_fifo_0/memory_reg[3][15]_srl4 due to none static srl address bits
WARNING: [Opt 31-1131] Can not pull register out from mem_bd_i/axi_interconnect_0/s00_couplers/auto_pc/inst/gen_axilite.gen_b2s_conv.axilite_b2s/WR.b_channel_0/bid_fifo_0/memory_reg[3][16]_srl4 due to none static srl address bits
WARNING: [Opt 31-1131] Can not pull register out from mem_bd_i/axi_interconnect_0/s00_couplers/auto_pc/inst/gen_axilite.gen_b2s_conv.axilite_b2s/WR.b_channel_0/bid_fifo_0/memory_reg[3][17]_srl4 due to none static srl address bits
WARNING: [Opt 31-1131] Can not pull register out from mem_bd_i/axi_interconnect_0/s00_couplers/auto_pc/inst/gen_axilite.gen_b2s_conv.axilite_b2s/WR.b_channel_0/bid_fifo_0/memory_reg[3][18]_srl4 due to none static srl address bits
WARNING: [Opt 31-1131] Can not pull register out from mem_bd_i/axi_interconnect_0/s00_couplers/auto_pc/inst/gen_axilite.gen_b2s_conv.axilite_b2s/WR.b_channel_0/bid_fifo_0/memory_reg[3][19]_srl4 due to none static srl address bits
WARNING: [Opt 31-1131] Can not pull register out from mem_bd_i/axi_interconnect_0/s00_couplers/auto_pc/inst/gen_axilite.gen_b2s_conv.axilite_b2s/WR.b_channel_0/bid_fifo_0/memory_reg[3][1]_srl4 due to none static srl address bits
WARNING: [Opt 31-1131] Can not pull register out from mem_bd_i/axi_interconnect_0/s00_couplers/auto_pc/inst/gen_axilite.gen_b2s_conv.axilite_b2s/WR.b_channel_0/bid_fifo_0/memory_reg[3][20]_srl4 due to none static srl address bits
WARNING: [Opt 31-1131] Can not pull register out from mem_bd_i/axi_interconnect_0/s00_couplers/auto_pc/inst/gen_axilite.gen_b2s_conv.axilite_b2s/WR.b_channel_0/bid_fifo_0/memory_reg[3][21]_srl4 due to none static srl address bits
WARNING: [Opt 31-1131] Can not pull register out from mem_bd_i/axi_interconnect_0/s00_couplers/auto_pc/inst/gen_axilite.gen_b2s_conv.axilite_b2s/WR.b_channel_0/bid_fifo_0/memory_reg[3][22]_srl4 due to none static srl address bits
WARNING: [Opt 31-1131] Can not pull register out from mem_bd_i/axi_interconnect_0/s00_couplers/auto_pc/inst/gen_axilite.gen_b2s_conv.axilite_b2s/WR.b_channel_0/bid_fifo_0/memory_reg[3][23]_srl4 due to none static srl address bits
WARNING: [Opt 31-1131] Can not pull register out from mem_bd_i/axi_interconnect_0/s00_couplers/auto_pc/inst/gen_axilite.gen_b2s_conv.axilite_b2s/WR.b_channel_0/bid_fifo_0/memory_reg[3][2]_srl4 due to none static srl address bits
WARNING: [Opt 31-1131] Can not pull register out from mem_bd_i/axi_interconnect_0/s00_couplers/auto_pc/inst/gen_axilite.gen_b2s_conv.axilite_b2s/WR.b_channel_0/bid_fifo_0/memory_reg[3][3]_srl4 due to none static srl address bits
WARNING: [Opt 31-1131] Can not pull register out from mem_bd_i/axi_interconnect_0/s00_couplers/auto_pc/inst/gen_axilite.gen_b2s_conv.axilite_b2s/WR.b_channel_0/bid_fifo_0/memory_reg[3][4]_srl4 due to none static srl address bits
WARNING: [Opt 31-1131] Can not pull register out from mem_bd_i/axi_interconnect_0/s00_couplers/auto_pc/inst/gen_axilite.gen_b2s_conv.axilite_b2s/WR.b_channel_0/bid_fifo_0/memory_reg[3][5]_srl4 due to none static srl address bits
WARNING: [Opt 31-1131] Can not pull register out from mem_bd_i/axi_interconnect_0/s00_couplers/auto_pc/inst/gen_axilite.gen_b2s_conv.axilite_b2s/WR.b_channel_0/bid_fifo_0/memory_reg[3][6]_srl4 due to none static srl address bits
WARNING: [Opt 31-1131] Can not pull register out from mem_bd_i/axi_interconnect_0/s00_couplers/auto_pc/inst/gen_axilite.gen_b2s_conv.axilite_b2s/WR.b_channel_0/bid_fifo_0/memory_reg[3][7]_srl4 due to none static srl address bits
WARNING: [Opt 31-1131] Can not pull register out from mem_bd_i/axi_interconnect_0/s00_couplers/auto_pc/inst/gen_axilite.gen_b2s_conv.axilite_b2s/WR.b_channel_0/bid_fifo_0/memory_reg[3][8]_srl4 due to none static srl address bits
WARNING: [Opt 31-1131] Can not pull register out from mem_bd_i/axi_interconnect_0/s00_couplers/auto_pc/inst/gen_axilite.gen_b2s_conv.axilite_b2s/WR.b_channel_0/bid_fifo_0/memory_reg[3][9]_srl4 due to none static srl address bits
WARNING: [Opt 31-1131] Can not pull register out from mem_bd_i/axi_interconnect_0/s00_couplers/auto_pc/inst/gen_axilite.gen_b2s_conv.axilite_b2s/WR.b_channel_0/bresp_fifo_0/memory_reg[3][0]_srl4 due to none static srl address bits
WARNING: [Opt 31-1131] Can not pull register out from mem_bd_i/axi_interconnect_0/s00_couplers/auto_pc/inst/gen_axilite.gen_b2s_conv.axilite_b2s/WR.b_channel_0/bresp_fifo_0/memory_reg[3][1]_srl4 due to none static srl address bits
WARNING: [Opt 31-1131] Can not pull register out from mem_bd_i/axi_smc/inst/m00_exit_pipeline/m00_exit/inst/exit_inst/gen_r_cmd_fifo.r_cmd_fifo/gen_srls[10].srl_nx1/shift_reg_reg[0]_srl16 due to none static srl address bits
WARNING: [Opt 31-1131] Can not pull register out from mem_bd_i/axi_smc/inst/m00_exit_pipeline/m00_exit/inst/exit_inst/gen_r_cmd_fifo.r_cmd_fifo/gen_srls[11].srl_nx1/shift_reg_reg[0]_srl16 due to none static srl address bits
WARNING: [Opt 31-1131] Can not pull register out from mem_bd_i/axi_smc/inst/m00_exit_pipeline/m00_exit/inst/exit_inst/gen_r_cmd_fifo.r_cmd_fifo/gen_srls[12].srl_nx1/shift_reg_reg[0]_srl16 due to none static srl address bits
WARNING: [Opt 31-1131] Can not pull register out from mem_bd_i/axi_smc/inst/m00_exit_pipeline/m00_exit/inst/exit_inst/gen_r_cmd_fifo.r_cmd_fifo/gen_srls[13].srl_nx1/shift_reg_reg[0]_srl16 due to none static srl address bits
WARNING: [Opt 31-1131] Can not pull register out from mem_bd_i/axi_smc/inst/m00_exit_pipeline/m00_exit/inst/exit_inst/gen_r_cmd_fifo.r_cmd_fifo/gen_srls[14].srl_nx1/shift_reg_reg[0]_srl16 due to none static srl address bits
WARNING: [Opt 31-1131] Can not pull register out from mem_bd_i/axi_smc/inst/m00_exit_pipeline/m00_exit/inst/exit_inst/gen_r_cmd_fifo.r_cmd_fifo/gen_srls[15].srl_nx1/shift_reg_reg[0]_srl16 due to none static srl address bits
WARNING: [Opt 31-1131] Can not pull register out from mem_bd_i/axi_smc/inst/m00_exit_pipeline/m00_exit/inst/exit_inst/gen_r_cmd_fifo.r_cmd_fifo/gen_srls[16].srl_nx1/shift_reg_reg[0]_srl16 due to none static srl address bits
WARNING: [Opt 31-1131] Can not pull register out from mem_bd_i/axi_smc/inst/m00_exit_pipeline/m00_exit/inst/exit_inst/gen_r_cmd_fifo.r_cmd_fifo/gen_srls[1].srl_nx1/shift_reg_reg[0]_srl16 due to none static srl address bits
WARNING: [Opt 31-1131] Can not pull register out from mem_bd_i/axi_smc/inst/m00_exit_pipeline/m00_exit/inst/exit_inst/gen_r_cmd_fifo.r_cmd_fifo/gen_srls[2].srl_nx1/shift_reg_reg[0]_srl16 due to none static srl address bits
WARNING: [Opt 31-1131] Can not pull register out from mem_bd_i/axi_smc/inst/m00_exit_pipeline/m00_exit/inst/exit_inst/gen_r_cmd_fifo.r_cmd_fifo/gen_srls[3].srl_nx1/shift_reg_reg[0]_srl16 due to none static srl address bits
WARNING: [Opt 31-1131] Can not pull register out from mem_bd_i/axi_smc/inst/m00_exit_pipeline/m00_exit/inst/exit_inst/gen_r_cmd_fifo.r_cmd_fifo/gen_srls[4].srl_nx1/shift_reg_reg[0]_srl16 due to none static srl address bits
WARNING: [Opt 31-1131] Can not pull register out from mem_bd_i/axi_smc/inst/m00_exit_pipeline/m00_exit/inst/exit_inst/gen_r_cmd_fifo.r_cmd_fifo/gen_srls[5].srl_nx1/shift_reg_reg[0]_srl16 due to none static srl address bits
WARNING: [Opt 31-1131] Can not pull register out from mem_bd_i/axi_smc/inst/m00_exit_pipeline/m00_exit/inst/exit_inst/gen_r_cmd_fifo.r_cmd_fifo/gen_srls[6].srl_nx1/shift_reg_reg[0]_srl16 due to none static srl address bits
WARNING: [Opt 31-1131] Can not pull register out from mem_bd_i/axi_smc/inst/m00_exit_pipeline/m00_exit/inst/exit_inst/gen_r_cmd_fifo.r_cmd_fifo/gen_srls[7].srl_nx1/shift_reg_reg[0]_srl16 due to none static srl address bits
WARNING: [Opt 31-1131] Can not pull register out from mem_bd_i/axi_smc/inst/m00_exit_pipeline/m00_exit/inst/exit_inst/gen_r_cmd_fifo.r_cmd_fifo/gen_srls[8].srl_nx1/shift_reg_reg[0]_srl16 due to none static srl address bits
WARNING: [Opt 31-1131] Can not pull register out from mem_bd_i/axi_smc/inst/m00_exit_pipeline/m00_exit/inst/exit_inst/gen_r_cmd_fifo.r_cmd_fifo/gen_srls[9].srl_nx1/shift_reg_reg[0]_srl16 due to none static srl address bits
WARNING: [Opt 31-1131] Can not pull register out from mem_bd_i/axi_smc/inst/m00_exit_pipeline/m00_exit/inst/exit_inst/gen_w_cmd_fifo.w_cmd_fifo/gen_srls[1].srl_nx1/shift_reg_reg[0]_srl16 due to none static srl address bits
WARNING: [Opt 31-1131] Can not pull register out from mem_bd_i/axi_smc/inst/m00_exit_pipeline/m00_exit/inst/exit_inst/gen_w_cmd_fifo.w_cmd_fifo/gen_srls[2].srl_nx1/shift_reg_reg[0]_srl16 due to none static srl address bits
WARNING: [Opt 31-1131] Can not pull register out from mem_bd_i/axi_smc/inst/m00_nodes/m00_aw_node/inst/inst_si_handler/gen_m_axis_arb_fifo.inst_axis_arb_fifo/gen_srls[1].srl_nx1/shift_reg_reg[0]_srl16 due to none static srl address bits
WARNING: [Opt 31-1131] Can not pull register out from mem_bd_i/axi_smc/inst/s01_entry_pipeline/s01_si_converter/inst/gen_normal.splitter_inst/gen_no_wsplitter.gen_endpoint_woffset.gen_wbypass_offset_fifo.wbypass_offset_fifo/gen_srls[0].srl_nx1/shift_reg_reg[0]_srl16 due to none static srl address bits
WARNING: [Opt 31-1131] Can not pull register out from mem_bd_i/axi_smc/inst/s01_entry_pipeline/s01_si_converter/inst/gen_normal.splitter_inst/gen_no_wsplitter.gen_endpoint_woffset.gen_wbypass_offset_fifo.wbypass_offset_fifo/gen_srls[10].srl_nx1/shift_reg_reg[0]_srl16 due to none static srl address bits
WARNING: [Opt 31-1131] Can not pull register out from mem_bd_i/axi_smc/inst/s01_entry_pipeline/s01_si_converter/inst/gen_normal.splitter_inst/gen_no_wsplitter.gen_endpoint_woffset.gen_wbypass_offset_fifo.wbypass_offset_fifo/gen_srls[11].srl_nx1/shift_reg_reg[0]_srl16 due to none static srl address bits
WARNING: [Opt 31-1131] Can not pull register out from mem_bd_i/axi_smc/inst/s01_entry_pipeline/s01_si_converter/inst/gen_normal.splitter_inst/gen_no_wsplitter.gen_endpoint_woffset.gen_wbypass_offset_fifo.wbypass_offset_fifo/gen_srls[12].srl_nx1/shift_reg_reg[0]_srl16 due to none static srl address bits
INFO: [Common 17-14] Message 'Opt 31-1131' appears 100 times and further instances of the messages will be disabled. Use the Tcl command set_msg_config to change the current settings.
INFO: [Opt 31-1064] SRL Remap converted 0 SRLs to 0 registers and converted 0 registers of register chains to 0 SRLs
Phase 7 Shift Register Optimization | Checksum: 18b05bbd5

Time (s): cpu = 00:00:05 ; elapsed = 00:00:03 . Memory (MB): peak = 3450.918 ; gain = 0.000 ; free physical = 11466 ; free virtual = 160252
Shift Register Optimization | Checksum: 18b05bbd5
INFO: [Opt 31-389] Phase Shift Register Optimization created 0 cells and removed 0 cells

Phase 8 Post Processing Netlist
Phase 8 Post Processing Netlist | Checksum: 1874afecc

Time (s): cpu = 00:00:05 ; elapsed = 00:00:04 . Memory (MB): peak = 3450.918 ; gain = 0.000 ; free physical = 11434 ; free virtual = 160220
Post Processing Netlist | Checksum: 1874afecc
INFO: [Opt 31-389] Phase Post Processing Netlist created 0 cells and removed 0 cells
INFO: [Opt 31-1021] In phase Post Processing Netlist, 60 netlist objects are constrained preventing optimization. Please run opt_design with -debug_log to get more detail. 

Phase 9 Finalization

Phase 9.1 Finalizing Design Cores and Updating Shapes
Phase 9.1 Finalizing Design Cores and Updating Shapes | Checksum: 19ed24aa6

Time (s): cpu = 00:00:06 ; elapsed = 00:00:04 . Memory (MB): peak = 3450.918 ; gain = 0.000 ; free physical = 11466 ; free virtual = 160253

Phase 9.2 Verifying Netlist Connectivity

Starting Connectivity Check Task

Time (s): cpu = 00:00:00.05 ; elapsed = 00:00:00.05 . Memory (MB): peak = 3450.918 ; gain = 0.000 ; free physical = 11466 ; free virtual = 160253
Phase 9.2 Verifying Netlist Connectivity | Checksum: 19ed24aa6

Time (s): cpu = 00:00:06 ; elapsed = 00:00:04 . Memory (MB): peak = 3450.918 ; gain = 0.000 ; free physical = 11466 ; free virtual = 160253
Phase 9 Finalization | Checksum: 19ed24aa6

Time (s): cpu = 00:00:06 ; elapsed = 00:00:04 . Memory (MB): peak = 3450.918 ; gain = 0.000 ; free physical = 11466 ; free virtual = 160253
Opt_design Change Summary
=========================


-------------------------------------------------------------------------------------------------------------------------
|  Phase                        |  #Cells created  |  #Cells Removed  |  #Constrained objects preventing optimizations  |
-------------------------------------------------------------------------------------------------------------------------
|  Retarget                     |              74  |             439  |                                             60  |
|  Constant propagation         |              40  |             263  |                                             60  |
|  Sweep                        |               0  |            1183  |                                             77  |
|  BUFG optimization            |               0  |               0  |                                              0  |
|  Shift Register Optimization  |               0  |               0  |                                              0  |
|  Post Processing Netlist      |               0  |               0  |                                             60  |
-------------------------------------------------------------------------------------------------------------------------


Ending Logic Optimization Task | Checksum: 19ed24aa6

Time (s): cpu = 00:00:06 ; elapsed = 00:00:04 . Memory (MB): peak = 3450.918 ; gain = 0.000 ; free physical = 11466 ; free virtual = 160253
INFO: [Constraints 18-11670] Building netlist checker database with flags, 0x8
Done building netlist checker database: Time (s): cpu = 00:00:00.01 ; elapsed = 00:00:00.02 . Memory (MB): peak = 3450.918 ; gain = 0.000 ; free physical = 11466 ; free virtual = 160253

Starting Power Optimization Task
INFO: [Pwropt 34-132] Skipping clock gating for clocks with a period < 2.00 ns.
INFO: [Timing 38-35] Done setting XDC timing constraints.
Running Vector-less Activity Propagation...
INFO: [Pwropt 34-9] Applying IDT optimizations ...
INFO: [Pwropt 34-10] Applying ODC optimizations ...

Finished Running Vector-less Activity Propagation


Starting PowerOpt Patch Enables Task
INFO: [Pwropt 34-162] WRITE_MODE attribute of 0 BRAM(s) out of a total of 103 has been updated to save power. Run report_power_opt to get a complete listing of the BRAMs updated.
INFO: [Pwropt 34-201] Structural ODC has moved 2 WE to EN ports
Number of BRAM Ports augmented: 5 newly gated: 18 Total Ports: 206
Ending PowerOpt Patch Enables Task | Checksum: 1bd999e92

Time (s): cpu = 00:00:00.78 ; elapsed = 00:00:00.76 . Memory (MB): peak = 4225.246 ; gain = 0.000 ; free physical = 10790 ; free virtual = 159577
Ending Power Optimization Task | Checksum: 1bd999e92

Time (s): cpu = 00:00:23 ; elapsed = 00:00:14 . Memory (MB): peak = 4225.246 ; gain = 774.328 ; free physical = 10790 ; free virtual = 159577

Starting Final Cleanup Task
Ending Final Cleanup Task | Checksum: 1bd999e92

Time (s): cpu = 00:00:00 ; elapsed = 00:00:00.01 . Memory (MB): peak = 4225.246 ; gain = 0.000 ; free physical = 10790 ; free virtual = 159577

Starting Netlist Obfuscation Task
Netlist sorting complete. Time (s): cpu = 00:00:00.06 ; elapsed = 00:00:00.06 . Memory (MB): peak = 4225.246 ; gain = 0.000 ; free physical = 10790 ; free virtual = 159577
Ending Netlist Obfuscation Task | Checksum: 106c18a17

Time (s): cpu = 00:00:00.07 ; elapsed = 00:00:00.07 . Memory (MB): peak = 4225.246 ; gain = 0.000 ; free physical = 10790 ; free virtual = 159577
INFO: [Common 17-83] Releasing license: Implementation
52 Infos, 203 Warnings, 0 Critical Warnings and 0 Errors encountered.
opt_design completed successfully
opt_design: Time (s): cpu = 00:00:36 ; elapsed = 00:00:23 . Memory (MB): peak = 4225.246 ; gain = 932.176 ; free physical = 10790 ; free virtual = 159577
INFO: [runtcl-4] Executing : report_drc -file mem_bd_wrapper_drc_opted.rpt -pb mem_bd_wrapper_drc_opted.pb -rpx mem_bd_wrapper_drc_opted.rpx
Command: report_drc -file mem_bd_wrapper_drc_opted.rpt -pb mem_bd_wrapper_drc_opted.pb -rpx mem_bd_wrapper_drc_opted.rpx
INFO: [IP_Flow 19-1839] IP Catalog is up to date.
INFO: [DRC 23-27] Running DRC with 8 threads
INFO: [Vivado_Tcl 2-168] The results of DRC are in file /home/mss464/minitpu/tpu/build/mem_system/mem_system.runs/impl_1/mem_bd_wrapper_drc_opted.rpt.
report_drc completed successfully
INFO: [Timing 38-480] Writing timing data to binary archive.
Write ShapeDB Complete: Time (s): cpu = 00:00:00.15 ; elapsed = 00:00:00.04 . Memory (MB): peak = 4265.266 ; gain = 0.000 ; free physical = 10741 ; free virtual = 159529
INFO: [Common 17-1381] The checkpoint '/home/mss464/minitpu/tpu/build/mem_system/mem_system.runs/impl_1/mem_bd_wrapper_opt.dcp' has been generated.
Command: place_design
Attempting to get a license for feature 'Implementation' and/or device 'xczu3eg'
INFO: [Common 17-349] Got license for feature 'Implementation' and/or device 'xczu3eg'
INFO: [Common 17-83] Releasing license: Implementation
INFO: [DRC 23-27] Running DRC with 8 threads
INFO: [Vivado_Tcl 4-198] DRC finished with 0 Errors
INFO: [Vivado_Tcl 4-199] Please refer to the DRC report (report_drc) for more information.
Running DRC as a precondition to command place_design
INFO: [DRC 23-27] Running DRC with 8 threads
INFO: [Vivado_Tcl 4-198] DRC finished with 0 Errors
INFO: [Vivado_Tcl 4-199] Please refer to the DRC report (report_drc) for more information.
INFO: [Place 30-611] Multithreading enabled for place_design using a maximum of 8 CPUs

Starting Placer Task

Phase 1 Placer Initialization

Phase 1.1 Placer Initialization Netlist Sorting
Netlist sorting complete. Time (s): cpu = 00:00:00.01 ; elapsed = 00:00:00.01 . Memory (MB): peak = 4265.266 ; gain = 0.000 ; free physical = 10738 ; free virtual = 159534
Phase 1.1 Placer Initialization Netlist Sorting | Checksum: ed88dc0a

Time (s): cpu = 00:00:00.02 ; elapsed = 00:00:00.02 . Memory (MB): peak = 4265.266 ; gain = 0.000 ; free physical = 10738 ; free virtual = 159534
Netlist sorting complete. Time (s): cpu = 00:00:00.01 ; elapsed = 00:00:00 . Memory (MB): peak = 4265.266 ; gain = 0.000 ; free physical = 10742 ; free virtual = 159538

Phase 1.2 IO Placement/ Clock Placement/ Build Placer Device
INFO: [Timing 38-35] Done setting XDC timing constraints.
Phase 1.2 IO Placement/ Clock Placement/ Build Placer Device | Checksum: da7b546e

Time (s): cpu = 00:00:21 ; elapsed = 00:00:19 . Memory (MB): peak = 4748.391 ; gain = 483.125 ; free physical = 10347 ; free virtual = 159155

Phase 1.3 Build Placer Netlist Model
Phase 1.3 Build Placer Netlist Model | Checksum: 1b5d2be0e

Time (s): cpu = 00:00:32 ; elapsed = 00:00:25 . Memory (MB): peak = 4780.406 ; gain = 515.141 ; free physical = 10299 ; free virtual = 159153

Phase 1.4 Constrain Clocks/Macros
Phase 1.4 Constrain Clocks/Macros | Checksum: 1b5d2be0e

Time (s): cpu = 00:00:32 ; elapsed = 00:00:25 . Memory (MB): peak = 4780.406 ; gain = 515.141 ; free physical = 10293 ; free virtual = 159148
Phase 1 Placer Initialization | Checksum: 1b5d2be0e

Time (s): cpu = 00:00:33 ; elapsed = 00:00:25 . Memory (MB): peak = 4780.406 ; gain = 515.141 ; free physical = 10292 ; free virtual = 159147

Phase 2 Global Placement

Phase 2.1 Floorplanning

Phase 2.1.1 Partition Driven Placement

Phase 2.1.1.1 PBP: Partition Driven Placement
Phase 2.1.1.1 PBP: Partition Driven Placement | Checksum: 14d25c0cf

Time (s): cpu = 00:00:51 ; elapsed = 00:00:32 . Memory (MB): peak = 4780.406 ; gain = 515.141 ; free physical = 10246 ; free virtual = 159148

Phase 2.1.1.2 PBP: Clock Region Placement
INFO: [Place 30-3162] Check ILP status : ILP-based clock placer completed successfully.
Phase 2.1.1.2 PBP: Clock Region Placement | Checksum: 14d25c0cf

Time (s): cpu = 00:00:52 ; elapsed = 00:00:33 . Memory (MB): peak = 4780.406 ; gain = 515.141 ; free physical = 10241 ; free virtual = 159148

Phase 2.1.1.3 PBP: Compute Congestion
Phase 2.1.1.3 PBP: Compute Congestion | Checksum: 14d25c0cf

Time (s): cpu = 00:01:05 ; elapsed = 00:00:36 . Memory (MB): peak = 5057.391 ; gain = 792.125 ; free physical = 9760 ; free virtual = 158701

Phase 2.1.1.4 PBP: UpdateTiming
Phase 2.1.1.4 PBP: UpdateTiming | Checksum: 189091cf6

Time (s): cpu = 00:01:07 ; elapsed = 00:00:37 . Memory (MB): peak = 5089.406 ; gain = 824.141 ; free physical = 9756 ; free virtual = 158702

Phase 2.1.1.5 PBP: Add part constraints
Phase 2.1.1.5 PBP: Add part constraints | Checksum: 189091cf6

Time (s): cpu = 00:01:07 ; elapsed = 00:00:37 . Memory (MB): peak = 5089.406 ; gain = 824.141 ; free physical = 9755 ; free virtual = 158701
Phase 2.1.1 Partition Driven Placement | Checksum: 189091cf6

Time (s): cpu = 00:01:07 ; elapsed = 00:00:37 . Memory (MB): peak = 5089.406 ; gain = 824.141 ; free physical = 9755 ; free virtual = 158702
Phase 2.1 Floorplanning | Checksum: 13dadb522

Time (s): cpu = 00:01:07 ; elapsed = 00:00:37 . Memory (MB): peak = 5089.406 ; gain = 824.141 ; free physical = 9755 ; free virtual = 158702

Phase 2.2 Update Timing before SLR Path Opt
Phase 2.2 Update Timing before SLR Path Opt | Checksum: 13dadb522

Time (s): cpu = 00:01:07 ; elapsed = 00:00:37 . Memory (MB): peak = 5089.406 ; gain = 824.141 ; free physical = 9755 ; free virtual = 158701

Phase 2.3 Post-Processing in Floorplanning
Phase 2.3 Post-Processing in Floorplanning | Checksum: 13dadb522

Time (s): cpu = 00:01:08 ; elapsed = 00:00:37 . Memory (MB): peak = 5089.406 ; gain = 824.141 ; free physical = 9754 ; free virtual = 158702

Phase 2.4 Global Placement Core

Phase 2.4.1 UpdateTiming Before Physical Synthesis
Phase 2.4.1 UpdateTiming Before Physical Synthesis | Checksum: 1809ff594

Time (s): cpu = 00:01:55 ; elapsed = 00:00:54 . Memory (MB): peak = 5130.406 ; gain = 865.141 ; free physical = 9621 ; free virtual = 158669

Phase 2.4.2 Physical Synthesis In Placer
INFO: [Physopt 32-1035] Found 0 LUTNM shape to break, 548 LUT instances to create LUTNM shape
INFO: [Physopt 32-1044] Break lutnm for timing: one critical 0, two critical 0, total 0, new lutff created 0
INFO: [Physopt 32-1138] End 1 Pass. Optimized 210 nets or LUTs. Breaked 0 LUT, combined 210 existing LUTs and moved 0 existing LUT
INFO: [Physopt 32-1030] Pass 1. Identified 17 candidate driver sets for equivalent driver rewiring.
INFO: [Physopt 32-661] Optimized 14 nets.  Re-placed 106 instances.
INFO: [Physopt 32-775] End 1 Pass. Optimized 14 nets or cells. Created 134 new cells, deleted 208 existing cells and moved 106 existing cells
Netlist sorting complete. Time (s): cpu = 00:00:00.05 ; elapsed = 00:00:00.05 . Memory (MB): peak = 5130.406 ; gain = 0.000 ; free physical = 9608 ; free virtual = 158674
INFO: [Physopt 32-65] No nets found for high-fanout optimization.
INFO: [Physopt 32-232] Optimized 0 net. Created 0 new instance.
INFO: [Physopt 32-775] End 1 Pass. Optimized 0 net or cell. Created 0 new cell, deleted 0 existing cell and moved 0 existing cell
INFO: [Physopt 32-670] No setup violation found.  DSP Register Optimization was not performed.
INFO: [Physopt 32-670] No setup violation found.  Shift Register to Pipeline Optimization was not performed.
INFO: [Physopt 32-670] No setup violation found.  Shift Register Optimization was not performed.
INFO: [Physopt 32-670] No setup violation found.  BRAM Register Optimization was not performed.
INFO: [Physopt 32-670] No setup violation found.  URAM Register Optimization was not performed.
INFO: [Physopt 32-949] No candidate nets found for dynamic/static region interface net replication
INFO: [Physopt 32-775] End 1 Pass. Optimized 0 net or cell. Created 0 new cell, deleted 0 existing cell and moved 0 existing cell
Netlist sorting complete. Time (s): cpu = 00:00:00 ; elapsed = 00:00:00 . Memory (MB): peak = 5130.406 ; gain = 0.000 ; free physical = 9606 ; free virtual = 158675

Summary of Physical Synthesis Optimizations
============================================


-----------------------------------------------------------------------------------------------------------------------------------------------------------
|  Optimization                                     |  Added Cells  |  Removed Cells  |  Optimized Cells/Nets  |  Dont Touch  |  Iterations  |  Elapsed   |
-----------------------------------------------------------------------------------------------------------------------------------------------------------
|  LUT Combining                                    |            0  |            210  |                   210  |           0  |           1  |  00:00:01  |
|  Retime                                           |            0  |              0  |                     0  |           0  |           1  |  00:00:00  |
|  Equivalent Driver Rewiring                       |          134  |            208  |                    14  |           0  |           1  |  00:00:01  |
|  Very High Fanout                                 |            0  |              0  |                     0  |           0  |           1  |  00:00:00  |
|  DSP Register                                     |            0  |              0  |                     0  |           0  |           0  |  00:00:00  |
|  Shift Register to Pipeline                       |            0  |              0  |                     0  |           0  |           0  |  00:00:00  |
|  Shift Register                                   |            0  |              0  |                     0  |           0  |           0  |  00:00:00  |
|  BRAM Register                                    |            0  |              0  |                     0  |           0  |           0  |  00:00:00  |
|  URAM Register                                    |            0  |              0  |                     0  |           0  |           0  |  00:00:00  |
|  Dynamic/Static Region Interface Net Replication  |            0  |              0  |                     0  |           0  |           1  |  00:00:00  |
|  Total                                            |          134  |            418  |                   224  |           0  |           5  |  00:00:02  |
-----------------------------------------------------------------------------------------------------------------------------------------------------------


Phase 2.4.2 Physical Synthesis In Placer | Checksum: 165845527

Time (s): cpu = 00:02:00 ; elapsed = 00:00:58 . Memory (MB): peak = 5130.406 ; gain = 865.141 ; free physical = 9583 ; free virtual = 158663
Phase 2.4 Global Placement Core | Checksum: 1a69153d1

Time (s): cpu = 00:02:15 ; elapsed = 00:01:02 . Memory (MB): peak = 5130.406 ; gain = 865.141 ; free physical = 9537 ; free virtual = 158660
Phase 2 Global Placement | Checksum: 1a69153d1

Time (s): cpu = 00:02:15 ; elapsed = 00:01:02 . Memory (MB): peak = 5130.406 ; gain = 865.141 ; free physical = 9536 ; free virtual = 158660

Phase 3 Detail Placement

Phase 3.1 Commit Multi Column Macros
Phase 3.1 Commit Multi Column Macros | Checksum: d2c29503

Time (s): cpu = 00:02:30 ; elapsed = 00:01:07 . Memory (MB): peak = 5130.406 ; gain = 865.141 ; free physical = 9473 ; free virtual = 158659

Phase 3.2 Commit Most Macros & LUTRAMs
Phase 3.2 Commit Most Macros & LUTRAMs | Checksum: 13ca362ce

Time (s): cpu = 00:02:35 ; elapsed = 00:01:09 . Memory (MB): peak = 5130.406 ; gain = 865.141 ; free physical = 9438 ; free virtual = 158654

Phase 3.3 Small Shape DP

Phase 3.3.1 Small Shape Clustering
Phase 3.3.1 Small Shape Clustering | Checksum: 8b547014

Time (s): cpu = 00:02:49 ; elapsed = 00:01:13 . Memory (MB): peak = 5130.406 ; gain = 865.141 ; free physical = 9391 ; free virtual = 158656

Phase 3.3.2 Slice Area Swap

Phase 3.3.2.1 Slice Area Swap Initial
Phase 3.3.2.1 Slice Area Swap Initial | Checksum: 11c8440bc

Time (s): cpu = 00:02:50 ; elapsed = 00:01:14 . Memory (MB): peak = 5130.406 ; gain = 865.141 ; free physical = 9385 ; free virtual = 158655
Phase 3.3.2 Slice Area Swap | Checksum: 11c8440bc

Time (s): cpu = 00:02:50 ; elapsed = 00:01:14 . Memory (MB): peak = 5130.406 ; gain = 865.141 ; free physical = 9389 ; free virtual = 158661
Phase 3.3 Small Shape DP | Checksum: 1d07e8d2f

Time (s): cpu = 00:02:56 ; elapsed = 00:01:15 . Memory (MB): peak = 5130.406 ; gain = 865.141 ; free physical = 9965 ; free virtual = 158752

Phase 3.4 Re-assign LUT pins
Phase 3.4 Re-assign LUT pins | Checksum: 14bc42784

Time (s): cpu = 00:02:57 ; elapsed = 00:01:16 . Memory (MB): peak = 5130.406 ; gain = 865.141 ; free physical = 10225 ; free virtual = 159012

Phase 3.5 Pipeline Register Optimization
Phase 3.5 Pipeline Register Optimization | Checksum: 5d9ed722

Time (s): cpu = 00:02:57 ; elapsed = 00:01:17 . Memory (MB): peak = 5130.406 ; gain = 865.141 ; free physical = 10224 ; free virtual = 159011
Phase 3 Detail Placement | Checksum: 5d9ed722

Time (s): cpu = 00:02:57 ; elapsed = 00:01:17 . Memory (MB): peak = 5130.406 ; gain = 865.141 ; free physical = 10224 ; free virtual = 159010

Phase 4 Post Placement Optimization and Clean-Up

Phase 4.1 Post Commit Optimization
INFO: [Timing 38-35] Done setting XDC timing constraints.

Phase 4.1.1 Post Placement Optimization
Post Placement Optimization Initialization | Checksum: 157038e04

Phase 4.1.1.1 BUFG Insertion

Starting Physical Synthesis Task

Phase 1 Physical Synthesis Initialization
INFO: [Physopt 32-721] Multithreading enabled for phys_opt_design using a maximum of 8 CPUs
INFO: [Physopt 32-619] Estimated Timing Summary | WNS=15.869 | TNS=0.000 |
Phase 1 Physical Synthesis Initialization | Checksum: 9e2ce988

Time (s): cpu = 00:00:02 ; elapsed = 00:00:00.49 . Memory (MB): peak = 5130.406 ; gain = 0.000 ; free physical = 10224 ; free virtual = 159010
INFO: [Place 46-35] Processed net mem_bd_i/axi_dma_0/U0/I_PRMRY_DATAMOVER/GEN_S2MM_FULL.I_S2MM_FULL_WRAPPER/I_RESET/sig_cmd_stat_rst_user_reg_n_cdc_from, inserted BUFG to drive 1116 loads.
INFO: [Place 46-45] Replicated bufg driver mem_bd_i/axi_dma_0/U0/I_PRMRY_DATAMOVER/GEN_S2MM_FULL.I_S2MM_FULL_WRAPPER/I_RESET/sig_cmd_stat_rst_user_reg_n_cdc_from_reg_replica
INFO: [Place 46-56] BUFG insertion identified 1 candidate nets. Inserted BUFG: 1, Replicated BUFG Driver: 1, Skipped due to Placement/Routing Conflicts: 0, Skipped due to Timing Degradation: 0, Skipped due to netlist editing failed: 0.
Ending Physical Synthesis Task | Checksum: 15a16cad7

Time (s): cpu = 00:00:03 ; elapsed = 00:00:01 . Memory (MB): peak = 5130.406 ; gain = 0.000 ; free physical = 10223 ; free virtual = 159010
Phase 4.1.1.1 BUFG Insertion | Checksum: 15de16ff7

Time (s): cpu = 00:03:26 ; elapsed = 00:01:27 . Memory (MB): peak = 5130.406 ; gain = 865.141 ; free physical = 10219 ; free virtual = 159006

Phase 4.1.1.2 Post Placement Timing Optimization
INFO: [Place 30-746] Post Placement Timing Summary WNS=15.869. For the most accurate timing information please run report_timing.
Phase 4.1.1.2 Post Placement Timing Optimization | Checksum: 12f460566

Time (s): cpu = 00:03:26 ; elapsed = 00:01:27 . Memory (MB): peak = 5130.406 ; gain = 865.141 ; free physical = 10217 ; free virtual = 159003

Time (s): cpu = 00:03:26 ; elapsed = 00:01:27 . Memory (MB): peak = 5130.406 ; gain = 865.141 ; free physical = 10217 ; free virtual = 159003
Phase 4.1 Post Commit Optimization | Checksum: 12f460566

Time (s): cpu = 00:03:26 ; elapsed = 00:01:27 . Memory (MB): peak = 5130.406 ; gain = 865.141 ; free physical = 10216 ; free virtual = 159003
Netlist sorting complete. Time (s): cpu = 00:00:00.05 ; elapsed = 00:00:00.05 . Memory (MB): peak = 5149.391 ; gain = 0.000 ; free physical = 10182 ; free virtual = 158968

Phase 4.2 Post Placement Cleanup
Phase 4.2 Post Placement Cleanup | Checksum: 18500726a

Time (s): cpu = 00:03:42 ; elapsed = 00:01:33 . Memory (MB): peak = 5149.391 ; gain = 884.125 ; free physical = 10166 ; free virtual = 158953

Phase 4.3 Placer Reporting

Phase 4.3.1 Print Estimated Congestion
INFO: [Place 30-612] Post-Placement Estimated Congestion 
 ________________________________________________________________________
|           | Global Congestion | Long Congestion   | Short Congestion  |
| Direction | Region Size       | Region Size       | Region Size       |
|___________|___________________|___________________|___________________|
|      North|                1x1|                1x1|                1x1|
|___________|___________________|___________________|___________________|
|      South|                1x1|                1x1|                2x2|
|___________|___________________|___________________|___________________|
|       East|                1x1|                1x1|                4x4|
|___________|___________________|___________________|___________________|
|       West|                1x1|                1x1|                4x4|
|___________|___________________|___________________|___________________|

Phase 4.3.1 Print Estimated Congestion | Checksum: 18500726a

Time (s): cpu = 00:03:42 ; elapsed = 00:01:33 . Memory (MB): peak = 5149.391 ; gain = 884.125 ; free physical = 10179 ; free virtual = 158966
Phase 4.3 Placer Reporting | Checksum: 18500726a

Time (s): cpu = 00:03:42 ; elapsed = 00:01:33 . Memory (MB): peak = 5149.391 ; gain = 884.125 ; free physical = 10180 ; free virtual = 158967

Phase 4.4 Final Placement Cleanup
Netlist sorting complete. Time (s): cpu = 00:00:00.01 ; elapsed = 00:00:00 . Memory (MB): peak = 5149.391 ; gain = 0.000 ; free physical = 10180 ; free virtual = 158967

Time (s): cpu = 00:03:42 ; elapsed = 00:01:33 . Memory (MB): peak = 5149.391 ; gain = 884.125 ; free physical = 10180 ; free virtual = 158967
Phase 4 Post Placement Optimization and Clean-Up | Checksum: 1eee027aa

Time (s): cpu = 00:03:42 ; elapsed = 00:01:34 . Memory (MB): peak = 5149.391 ; gain = 884.125 ; free physical = 10180 ; free virtual = 158967
Ending Placer Task | Checksum: 1ec5025e7

Time (s): cpu = 00:03:43 ; elapsed = 00:01:34 . Memory (MB): peak = 5149.391 ; gain = 884.125 ; free physical = 10180 ; free virtual = 158967
93 Infos, 203 Warnings, 0 Critical Warnings and 0 Errors encountered.
place_design completed successfully
place_design: Time (s): cpu = 00:03:47 ; elapsed = 00:01:35 . Memory (MB): peak = 5149.391 ; gain = 884.125 ; free physical = 10180 ; free virtual = 158967
INFO: [runtcl-4] Executing : report_io -file mem_bd_wrapper_io_placed.rpt
report_io: Time (s): cpu = 00:00:00.1 ; elapsed = 00:00:00.2 . Memory (MB): peak = 5149.391 ; gain = 0.000 ; free physical = 10180 ; free virtual = 158966
INFO: [runtcl-4] Executing : report_utilization -file mem_bd_wrapper_utilization_placed.rpt -pb mem_bd_wrapper_utilization_placed.pb
INFO: [runtcl-4] Executing : report_control_sets -verbose -file mem_bd_wrapper_control_sets_placed.rpt
report_control_sets: Time (s): cpu = 00:00:00.11 ; elapsed = 00:00:00.2 . Memory (MB): peak = 5149.391 ; gain = 0.000 ; free physical = 10185 ; free virtual = 158972
INFO: [Timing 38-480] Writing timing data to binary archive.
Write ShapeDB Complete: Time (s): cpu = 00:00:00.46 ; elapsed = 00:00:00.1 . Memory (MB): peak = 5149.391 ; gain = 0.000 ; free physical = 10180 ; free virtual = 158973
Wrote PlaceDB: Time (s): cpu = 00:00:03 ; elapsed = 00:00:01 . Memory (MB): peak = 5149.391 ; gain = 0.000 ; free physical = 10155 ; free virtual = 158970
Wrote PulsedLatchDB: Time (s): cpu = 00:00:00 ; elapsed = 00:00:00 . Memory (MB): peak = 5149.391 ; gain = 0.000 ; free physical = 10155 ; free virtual = 158970
Writing XDEF routing.
Writing XDEF routing logical nets.
Writing XDEF routing special nets.
Wrote RouteStorage: Time (s): cpu = 00:00:00.26 ; elapsed = 00:00:00.11 . Memory (MB): peak = 5149.391 ; gain = 0.000 ; free physical = 10154 ; free virtual = 158969
Wrote Netlist Cache: Time (s): cpu = 00:00:00.09 ; elapsed = 00:00:00.04 . Memory (MB): peak = 5149.391 ; gain = 0.000 ; free physical = 10152 ; free virtual = 158969
Wrote Device Cache: Time (s): cpu = 00:00:00.05 ; elapsed = 00:00:00.03 . Memory (MB): peak = 5149.391 ; gain = 0.000 ; free physical = 10137 ; free virtual = 158957
Write Physdb Complete: Time (s): cpu = 00:00:04 ; elapsed = 00:00:01 . Memory (MB): peak = 5149.391 ; gain = 0.000 ; free physical = 10137 ; free virtual = 158957
INFO: [Common 17-1381] The checkpoint '/home/mss464/minitpu/tpu/build/mem_system/mem_system.runs/impl_1/mem_bd_wrapper_placed.dcp' has been generated.
write_checkpoint: Time (s): cpu = 00:00:10 ; elapsed = 00:00:05 . Memory (MB): peak = 5173.402 ; gain = 24.012 ; free physical = 10164 ; free virtual = 158965
Command: phys_opt_design
Attempting to get a license for feature 'Implementation' and/or device 'xczu3eg'
INFO: [Common 17-349] Got license for feature 'Implementation' and/or device 'xczu3eg'

Starting Initial Update Timing Task

Time (s): cpu = 00:00:12 ; elapsed = 00:00:03 . Memory (MB): peak = 5173.402 ; gain = 0.000 ; free physical = 10156 ; free virtual = 158956
INFO: [Vivado_Tcl 4-383] Design worst setup slack (WNS) is greater than or equal to 0.000 ns. Skipping all physical synthesis optimizations.
INFO: [Vivado_Tcl 4-232] No setup violation found. The netlist was not modified.
INFO: [Common 17-83] Releasing license: Implementation
102 Infos, 203 Warnings, 0 Critical Warnings and 0 Errors encountered.
phys_opt_design completed successfully
INFO: [Timing 38-480] Writing timing data to binary archive.
Write ShapeDB Complete: Time (s): cpu = 00:00:00.42 ; elapsed = 00:00:00.09 . Memory (MB): peak = 5173.402 ; gain = 0.000 ; free physical = 10129 ; free virtual = 158936
Wrote PlaceDB: Time (s): cpu = 00:00:03 ; elapsed = 00:00:01 . Memory (MB): peak = 5173.402 ; gain = 0.000 ; free physical = 10175 ; free virtual = 159002
Wrote PulsedLatchDB: Time (s): cpu = 00:00:00 ; elapsed = 00:00:00 . Memory (MB): peak = 5173.402 ; gain = 0.000 ; free physical = 10175 ; free virtual = 159002
Writing XDEF routing.
Writing XDEF routing logical nets.
Writing XDEF routing special nets.
Wrote RouteStorage: Time (s): cpu = 00:00:00.21 ; elapsed = 00:00:00.09 . Memory (MB): peak = 5173.402 ; gain = 0.000 ; free physical = 10350 ; free virtual = 159179
Wrote Netlist Cache: Time (s): cpu = 00:00:00.09 ; elapsed = 00:00:00.03 . Memory (MB): peak = 5173.402 ; gain = 0.000 ; free physical = 10370 ; free virtual = 159200
Wrote Device Cache: Time (s): cpu = 00:00:00.05 ; elapsed = 00:00:00.03 . Memory (MB): peak = 5173.402 ; gain = 0.000 ; free physical = 10365 ; free virtual = 159199
Write Physdb Complete: Time (s): cpu = 00:00:04 ; elapsed = 00:00:01 . Memory (MB): peak = 5173.402 ; gain = 0.000 ; free physical = 10365 ; free virtual = 159198
INFO: [Common 17-1381] The checkpoint '/home/mss464/minitpu/tpu/build/mem_system/mem_system.runs/impl_1/mem_bd_wrapper_physopt.dcp' has been generated.
Command: route_design
Attempting to get a license for feature 'Implementation' and/or device 'xczu3eg'
INFO: [Common 17-349] Got license for feature 'Implementation' and/or device 'xczu3eg'
Running DRC as a precondition to command route_design
INFO: [DRC 23-27] Running DRC with 8 threads
INFO: [Vivado_Tcl 4-198] DRC finished with 0 Errors
INFO: [Vivado_Tcl 4-199] Please refer to the DRC report (report_drc) for more information.


Starting Routing Task
INFO: [Route 35-254] Multithreading enabled for route_design using a maximum of 8 CPUs

Phase 1 Build RT Design
Checksum: PlaceDB: c92bd4fe ConstDB: 0 ShapeSum: cd69e3e5 RouteDB: 55ba6d04
Nodegraph reading from file.  Time (s): cpu = 00:00:00.53 ; elapsed = 00:00:00.52 . Memory (MB): peak = 5181.406 ; gain = 0.000 ; free physical = 10384 ; free virtual = 159198
Post Restoration Checksum: NetGraph: 3e6846ad | NumContArr: 92494fe3 | Constraints: 816cefcc | Timing: c2a8fa9d
Phase 1 Build RT Design | Checksum: 214c780f9

Time (s): cpu = 00:00:13 ; elapsed = 00:00:04 . Memory (MB): peak = 5181.406 ; gain = 0.000 ; free physical = 10362 ; free virtual = 159176

Phase 2 Router Initialization

Phase 2.1 Fix Topology Constraints
Phase 2.1 Fix Topology Constraints | Checksum: 214c780f9

Time (s): cpu = 00:00:14 ; elapsed = 00:00:04 . Memory (MB): peak = 5181.406 ; gain = 0.000 ; free physical = 10362 ; free virtual = 159176

Phase 2.2 Pre Route Cleanup
Phase 2.2 Pre Route Cleanup | Checksum: 214c780f9

Time (s): cpu = 00:00:14 ; elapsed = 00:00:04 . Memory (MB): peak = 5181.406 ; gain = 0.000 ; free physical = 10362 ; free virtual = 159176

Phase 2.3 Global Clock Net Routing
 Number of Nodes with overlaps = 0
Phase 2.3 Global Clock Net Routing | Checksum: 2d94ca24e

Time (s): cpu = 00:00:15 ; elapsed = 00:00:04 . Memory (MB): peak = 5181.406 ; gain = 0.000 ; free physical = 10352 ; free virtual = 159166

Phase 2.4 Update Timing
Phase 2.4 Update Timing | Checksum: 27f9ac946

Time (s): cpu = 00:00:23 ; elapsed = 00:00:08 . Memory (MB): peak = 5181.406 ; gain = 0.000 ; free physical = 10365 ; free virtual = 159179
INFO: [Route 35-416] Intermediate Timing Summary | WNS=15.912 | TNS=0.000  | WHS=-0.054 | THS=-11.171|


Router Utilization Summary
  Global Vertical Routing Utilization    = 0 %
  Global Horizontal Routing Utilization  = 0 %
  Routable Net Status*
  *Does not include unroutable nets such as driverless and loadless.
  Run report_route_status for detailed report.
  Number of Failed Nets               = 21781
    (Failed Nets is the sum of unrouted and partially routed nets)
  Number of Unrouted Nets             = 19163
  Number of Partially Routed Nets     = 2618
  Number of Node Overlaps             = 0

Phase 2 Router Initialization | Checksum: 23b7af2af

Time (s): cpu = 00:00:35 ; elapsed = 00:00:12 . Memory (MB): peak = 5181.406 ; gain = 0.000 ; free physical = 10373 ; free virtual = 159187

Phase 3 Initial Routing

Phase 3.1 Global Routing
Phase 3.1 Global Routing | Checksum: 23b7af2af

Time (s): cpu = 00:00:35 ; elapsed = 00:00:12 . Memory (MB): peak = 5181.406 ; gain = 0.000 ; free physical = 10359 ; free virtual = 159173

Phase 3.2 Initial Net Routing
Phase 3.2 Initial Net Routing | Checksum: 83964029

Time (s): cpu = 00:00:45 ; elapsed = 00:00:15 . Memory (MB): peak = 5181.406 ; gain = 0.000 ; free physical = 10347 ; free virtual = 159161
Phase 3 Initial Routing | Checksum: 1d4f2d355

Time (s): cpu = 00:00:46 ; elapsed = 00:00:15 . Memory (MB): peak = 5181.406 ; gain = 0.000 ; free physical = 10345 ; free virtual = 159159

Phase 4 Rip-up And Reroute

Phase 4.1 Global Iteration 0
 Number of Nodes with overlaps = 3174
 Number of Nodes with overlaps = 157
 Number of Nodes with overlaps = 2
 Number of Nodes with overlaps = 0
INFO: [Route 35-416] Intermediate Timing Summary | WNS=13.750 | TNS=0.000  | WHS=-0.042 | THS=-1.657 |

Phase 4.1 Global Iteration 0 | Checksum: 191550809

Time (s): cpu = 00:01:55 ; elapsed = 00:00:56 . Memory (MB): peak = 5181.406 ; gain = 0.000 ; free physical = 10409 ; free virtual = 159223

Phase 4.2 Global Iteration 1
 Number of Nodes with overlaps = 0
INFO: [Route 35-416] Intermediate Timing Summary | WNS=13.750 | TNS=0.000  | WHS=N/A    | THS=N/A    |

Phase 4.2 Global Iteration 1 | Checksum: 19675a308

Time (s): cpu = 00:01:59 ; elapsed = 00:00:57 . Memory (MB): peak = 5181.406 ; gain = 0.000 ; free physical = 10411 ; free virtual = 159225
Phase 4 Rip-up And Reroute | Checksum: 19675a308

Time (s): cpu = 00:02:00 ; elapsed = 00:00:57 . Memory (MB): peak = 5181.406 ; gain = 0.000 ; free physical = 10411 ; free virtual = 159225

Phase 5 Delay and Skew Optimization

Phase 5.1 Delay CleanUp

Phase 5.1.1 Update Timing
Phase 5.1.1 Update Timing | Checksum: 15c12811d

Time (s): cpu = 00:02:06 ; elapsed = 00:00:59 . Memory (MB): peak = 5181.406 ; gain = 0.000 ; free physical = 10385 ; free virtual = 159199
INFO: [Route 35-416] Intermediate Timing Summary | WNS=13.750 | TNS=0.000  | WHS=0.010  | THS=0.000  |


Phase 5.1.2 Update Timing
Phase 5.1.2 Update Timing | Checksum: 14901e0b9

Time (s): cpu = 00:02:11 ; elapsed = 00:01:01 . Memory (MB): peak = 5181.406 ; gain = 0.000 ; free physical = 10418 ; free virtual = 159232
INFO: [Route 35-416] Intermediate Timing Summary | WNS=13.750 | TNS=0.000  | WHS=0.010  | THS=0.000  |

Phase 5.1 Delay CleanUp | Checksum: 14901e0b9

Time (s): cpu = 00:02:11 ; elapsed = 00:01:01 . Memory (MB): peak = 5181.406 ; gain = 0.000 ; free physical = 10418 ; free virtual = 159232

Phase 5.2 Clock Skew Optimization
Phase 5.2 Clock Skew Optimization | Checksum: 14901e0b9

Time (s): cpu = 00:02:11 ; elapsed = 00:01:01 . Memory (MB): peak = 5181.406 ; gain = 0.000 ; free physical = 10418 ; free virtual = 159232
Phase 5 Delay and Skew Optimization | Checksum: 14901e0b9

Time (s): cpu = 00:02:11 ; elapsed = 00:01:01 . Memory (MB): peak = 5181.406 ; gain = 0.000 ; free physical = 10418 ; free virtual = 159232

Phase 6 Post Hold Fix

Phase 6.1 Hold Fix Iter

Phase 6.1.1 Update Timing
Phase 6.1.1 Update Timing | Checksum: 1cb89cdca

Time (s): cpu = 00:02:17 ; elapsed = 00:01:02 . Memory (MB): peak = 5181.406 ; gain = 0.000 ; free physical = 10397 ; free virtual = 159211
INFO: [Route 35-416] Intermediate Timing Summary | WNS=13.750 | TNS=0.000  | WHS=0.010  | THS=0.000  |

Phase 6.1 Hold Fix Iter | Checksum: e24bd311

Time (s): cpu = 00:02:17 ; elapsed = 00:01:02 . Memory (MB): peak = 5181.406 ; gain = 0.000 ; free physical = 10411 ; free virtual = 159225
Phase 6 Post Hold Fix | Checksum: e24bd311

Time (s): cpu = 00:02:17 ; elapsed = 00:01:02 . Memory (MB): peak = 5181.406 ; gain = 0.000 ; free physical = 10411 ; free virtual = 159225

Phase 7 Route finalize

Router Utilization Summary
  Global Vertical Routing Utilization    = 4.48933 %
  Global Horizontal Routing Utilization  = 5.3331 %
  Routable Net Status*
  *Does not include unroutable nets such as driverless and loadless.
  Run report_route_status for detailed report.
  Number of Failed Nets               = 0
    (Failed Nets is the sum of unrouted and partially routed nets)
  Number of Unrouted Nets             = 0
  Number of Partially Routed Nets     = 0
  Number of Node Overlaps             = 0

Phase 7 Route finalize | Checksum: e24bd311

Time (s): cpu = 00:02:17 ; elapsed = 00:01:03 . Memory (MB): peak = 5181.406 ; gain = 0.000 ; free physical = 10411 ; free virtual = 159225

Phase 8 Verifying routed nets

 Verification completed successfully
Phase 8 Verifying routed nets | Checksum: e24bd311

Time (s): cpu = 00:02:18 ; elapsed = 00:01:03 . Memory (MB): peak = 5181.406 ; gain = 0.000 ; free physical = 10411 ; free virtual = 159225

Phase 9 Depositing Routes
Phase 9 Depositing Routes | Checksum: e24bd311

Time (s): cpu = 00:02:20 ; elapsed = 00:01:04 . Memory (MB): peak = 5181.406 ; gain = 0.000 ; free physical = 10412 ; free virtual = 159226

Phase 10 Resolve XTalk
Phase 10 Resolve XTalk | Checksum: e24bd311

Time (s): cpu = 00:02:20 ; elapsed = 00:01:04 . Memory (MB): peak = 5181.406 ; gain = 0.000 ; free physical = 10410 ; free virtual = 159224

Phase 11 Post Router Timing
INFO: [Route 35-57] Estimated Timing Summary | WNS=13.750 | TNS=0.000  | WHS=0.010  | THS=0.000  |

INFO: [Route 35-327] The final timing numbers are based on the router estimated timing analysis. For a complete and accurate timing signoff, please run report_timing_summary.
Phase 11 Post Router Timing | Checksum: e24bd311

Time (s): cpu = 00:02:23 ; elapsed = 00:01:05 . Memory (MB): peak = 5181.406 ; gain = 0.000 ; free physical = 10392 ; free virtual = 159206
INFO: [Route 35-16] Router Completed Successfully

Phase 12 Post-Route Event Processing
Phase 12 Post-Route Event Processing | Checksum: 1a1eee4ce

Time (s): cpu = 00:02:24 ; elapsed = 00:01:05 . Memory (MB): peak = 5181.406 ; gain = 0.000 ; free physical = 10409 ; free virtual = 159223
Ending Routing Task | Checksum: 1a1eee4ce

Time (s): cpu = 00:02:24 ; elapsed = 00:01:06 . Memory (MB): peak = 5181.406 ; gain = 0.000 ; free physical = 10406 ; free virtual = 159220

Routing Is Done.
INFO: [Common 17-83] Releasing license: Implementation
119 Infos, 203 Warnings, 0 Critical Warnings and 0 Errors encountered.
route_design completed successfully
route_design: Time (s): cpu = 00:02:29 ; elapsed = 00:01:07 . Memory (MB): peak = 5181.406 ; gain = 8.004 ; free physical = 10405 ; free virtual = 159219
INFO: [runtcl-4] Executing : report_drc -file mem_bd_wrapper_drc_routed.rpt -pb mem_bd_wrapper_drc_routed.pb -rpx mem_bd_wrapper_drc_routed.rpx
Command: report_drc -file mem_bd_wrapper_drc_routed.rpt -pb mem_bd_wrapper_drc_routed.pb -rpx mem_bd_wrapper_drc_routed.rpx
INFO: [IP_Flow 19-1839] IP Catalog is up to date.
INFO: [DRC 23-27] Running DRC with 8 threads
INFO: [Vivado_Tcl 2-168] The results of DRC are in file /home/mss464/minitpu/tpu/build/mem_system/mem_system.runs/impl_1/mem_bd_wrapper_drc_routed.rpt.
report_drc completed successfully
INFO: [runtcl-4] Executing : report_methodology -file mem_bd_wrapper_methodology_drc_routed.rpt -pb mem_bd_wrapper_methodology_drc_routed.pb -rpx mem_bd_wrapper_methodology_drc_routed.rpx
Command: report_methodology -file mem_bd_wrapper_methodology_drc_routed.rpt -pb mem_bd_wrapper_methodology_drc_routed.pb -rpx mem_bd_wrapper_methodology_drc_routed.rpx
INFO: [Timing 38-35] Done setting XDC timing constraints.
INFO: [DRC 23-133] Running Methodology with 8 threads
INFO: [Vivado_Tcl 2-1520] The results of Report Methodology are in file /home/mss464/minitpu/tpu/build/mem_system/mem_system.runs/impl_1/mem_bd_wrapper_methodology_drc_routed.rpt.
report_methodology completed successfully
INFO: [runtcl-4] Executing : report_power -file mem_bd_wrapper_power_routed.rpt -pb mem_bd_wrapper_power_summary_routed.pb -rpx mem_bd_wrapper_power_routed.rpx
Command: report_power -file mem_bd_wrapper_power_routed.rpt -pb mem_bd_wrapper_power_summary_routed.pb -rpx mem_bd_wrapper_power_routed.rpx
INFO: [Timing 38-35] Done setting XDC timing constraints.
Running Vector-less Activity Propagation...

Finished Running Vector-less Activity Propagation
WARNING: [Power 33-332] Found switching activity that implies high-fanout reset nets being asserted for excessive periods of time which may result in inaccurate power analysis.
Resolution: To review and fix problems, please run Power Constraints Advisor in the GUI from Tools > Power Constraints Advisor or run report_power with the -advisory option to generate a text report.
129 Infos, 204 Warnings, 0 Critical Warnings and 0 Errors encountered.
report_power completed successfully
report_power: Time (s): cpu = 00:00:18 ; elapsed = 00:00:10 . Memory (MB): peak = 5237.434 ; gain = 0.000 ; free physical = 10372 ; free virtual = 159199
INFO: [runtcl-4] Executing : report_route_status -file mem_bd_wrapper_route_status.rpt -pb mem_bd_wrapper_route_status.pb
INFO: [runtcl-4] Executing : report_timing_summary -max_paths 10 -report_unconstrained -file mem_bd_wrapper_timing_summary_routed.rpt -pb mem_bd_wrapper_timing_summary_routed.pb -rpx mem_bd_wrapper_timing_summary_routed.rpx -warn_on_violation 
INFO: [Timing 38-91] UpdateTimingParams: Speed grade: -1, Temperature grade: I, Delay Type: min_max.
INFO: [Timing 38-191] Multithreading enabled for timing update using a maximum of 8 CPUs
INFO: [runtcl-4] Executing : report_incremental_reuse -file mem_bd_wrapper_incremental_reuse_routed.rpt
INFO: [Vivado_Tcl 4-1062] Incremental flow is disabled. No incremental reuse Info to report.
INFO: [runtcl-4] Executing : report_clock_utilization -file mem_bd_wrapper_clock_utilization_routed.rpt
INFO: [runtcl-4] Executing : report_bus_skew -warn_on_violation -file mem_bd_wrapper_bus_skew_routed.rpt -pb mem_bd_wrapper_bus_skew_routed.pb -rpx mem_bd_wrapper_bus_skew_routed.rpx
INFO: [Timing 38-91] UpdateTimingParams: Speed grade: -1, Temperature grade: I, Delay Type: min_max.
INFO: [Timing 38-191] Multithreading enabled for timing update using a maximum of 8 CPUs
INFO: [Timing 38-480] Writing timing data to binary archive.
Write ShapeDB Complete: Time (s): cpu = 00:00:00.57 ; elapsed = 00:00:00.13 . Memory (MB): peak = 5237.434 ; gain = 0.000 ; free physical = 10377 ; free virtual = 159212
Wrote PlaceDB: Time (s): cpu = 00:00:03 ; elapsed = 00:00:01 . Memory (MB): peak = 5237.434 ; gain = 0.000 ; free physical = 10357 ; free virtual = 159212
Wrote PulsedLatchDB: Time (s): cpu = 00:00:00 ; elapsed = 00:00:00 . Memory (MB): peak = 5237.434 ; gain = 0.000 ; free physical = 10357 ; free virtual = 159212
Writing XDEF routing.
Writing XDEF routing logical nets.
Writing XDEF routing special nets.
Wrote RouteStorage: Time (s): cpu = 00:00:00.89 ; elapsed = 00:00:00.35 . Memory (MB): peak = 5237.434 ; gain = 0.000 ; free physical = 10351 ; free virtual = 159212
Wrote Netlist Cache: Time (s): cpu = 00:00:00.07 ; elapsed = 00:00:00.04 . Memory (MB): peak = 5237.434 ; gain = 0.000 ; free physical = 10350 ; free virtual = 159212
Wrote Device Cache: Time (s): cpu = 00:00:00.06 ; elapsed = 00:00:00.03 . Memory (MB): peak = 5237.434 ; gain = 0.000 ; free physical = 10345 ; free virtual = 159210
Write Physdb Complete: Time (s): cpu = 00:00:04 ; elapsed = 00:00:02 . Memory (MB): peak = 5237.434 ; gain = 0.000 ; free physical = 10345 ; free virtual = 159210
INFO: [Common 17-1381] The checkpoint '/home/mss464/minitpu/tpu/build/mem_system/mem_system.runs/impl_1/mem_bd_wrapper_routed.dcp' has been generated.
INFO: [Common 17-206] Exiting Vivado at Mon Apr  6 12:41:33 2026...

*** Running vivado
    with args -log mem_bd_wrapper.vdi -applog -m64 -product Vivado -messageDb vivado.pb -mode batch -source mem_bd_wrapper.tcl -notrace


****** Vivado v2023.2 (64-bit)
  **** SW Build 4029153 on Fri Oct 13 20:13:54 MDT 2023
  **** IP Build 4028589 on Sat Oct 14 00:45:43 MDT 2023
  **** SharedData Build 4025554 on Tue Oct 10 17:18:54 MDT 2023
    ** Copyright 1986-2022 Xilinx, Inc. All Rights Reserved.
    ** Copyright 2022-2023 Advanced Micro Devices, Inc. All Rights Reserved.

source mem_bd_wrapper.tcl -notrace
Command: open_checkpoint mem_bd_wrapper_routed.dcp
INFO: [Device 21-403] Loading part xczu3eg-sbva484-1-i
Netlist sorting complete. Time (s): cpu = 00:00:00.55 ; elapsed = 00:00:00.56 . Memory (MB): peak = 2444.250 ; gain = 0.000 ; free physical = 12613 ; free virtual = 161439
INFO: [Netlist 29-17] Analyzing 314 Unisim elements for replacement
INFO: [Netlist 29-28] Unisim Transformation completed in 0 CPU seconds
INFO: [Project 1-479] Netlist was created with Vivado 2023.2
INFO: [Project 1-570] Preparing netlist for logic optimization
Read ShapeDB Complete: Time (s): cpu = 00:00:00.1 ; elapsed = 00:00:00.11 . Memory (MB): peak = 2536.469 ; gain = 9.250 ; free physical = 12491 ; free virtual = 161318
INFO: [Timing 38-478] Restoring timing data from binary archive.
INFO: [Timing 38-479] Binary timing data restore complete.
INFO: [Project 1-856] Restoring constraints from binary archive.
INFO: [Project 1-853] Binary constraint restore complete.
INFO: [Designutils 20-5722] Start Reading Physical Databases.
Reading placement.
Read Netlist Cache: Time (s): cpu = 00:00:00.03 ; elapsed = 00:00:00.02 . Memory (MB): peak = 3014.242 ; gain = 0.000 ; free physical = 12110 ; free virtual = 160944
Reading placer database...
Read Device Cache: Time (s): cpu = 00:00:00.03 ; elapsed = 00:00:00.05 . Memory (MB): peak = 3014.242 ; gain = 0.000 ; free physical = 12101 ; free virtual = 160936
Read PlaceDB: Time (s): cpu = 00:00:01 ; elapsed = 00:00:01 . Memory (MB): peak = 3027.203 ; gain = 12.961 ; free physical = 12157 ; free virtual = 160999
Read PulsedLatchDB: Time (s): cpu = 00:00:00 ; elapsed = 00:00:00 . Memory (MB): peak = 3027.203 ; gain = 0.000 ; free physical = 12157 ; free virtual = 160999
Reading routing.
Read RouteStorage: Time (s): cpu = 00:00:00.53 ; elapsed = 00:00:00.54 . Memory (MB): peak = 3058.016 ; gain = 30.812 ; free physical = 12132 ; free virtual = 160974
Read Physdb Files: Time (s): cpu = 00:00:02 ; elapsed = 00:00:02 . Memory (MB): peak = 3058.016 ; gain = 43.773 ; free physical = 12132 ; free virtual = 160974
Restored from archive | CPU: 2.120000 secs | Memory: 28.371529 MB |
Finished XDEF File Restore: Time (s): cpu = 00:00:02 ; elapsed = 00:00:02 . Memory (MB): peak = 3058.016 ; gain = 46.742 ; free physical = 12132 ; free virtual = 160974
Netlist sorting complete. Time (s): cpu = 00:00:00 ; elapsed = 00:00:00 . Memory (MB): peak = 3425.688 ; gain = 0.000 ; free physical = 11769 ; free virtual = 160613
INFO: [Project 1-111] Unisim Transformation Summary:
  A total of 186 instances were transformed.
  RAM16X1D => RAM32X1D (RAMD32(x2)): 1 instance 
  RAM32M16 => RAM32M16 (RAMD32(x14), RAMS32(x2)): 148 instances
  RAM64M8 => RAM64M8 (RAMD64E(x8)): 37 instances

INFO: [Project 1-604] Checkpoint was created with Vivado v2023.2 (64-bit) build 4029153
open_checkpoint: Time (s): cpu = 00:00:32 ; elapsed = 00:00:33 . Memory (MB): peak = 3425.723 ; gain = 1866.887 ; free physical = 11771 ; free virtual = 160615
INFO: [Memdata 28-167] Found XPM memory block mem_bd_i/axi_smc_full/inst/s00_nodes/s00_w_node/inst/inst_mi_handler/gen_normal_area.inst_fifo_node_payld/gen_xpm_memory_fifo.inst_fifo/gen_mem_rep[0].inst_xpm_memory/xpm_memory_base_inst with a P_MEMORY_PRIMITIVE property set to distributed. A value of block is required. You will not be able to use the updatemem program to update the bitstream with new data for the mem_bd_i/axi_smc_full/inst/s00_nodes/s00_w_node/inst/inst_mi_handler/gen_normal_area.inst_fifo_node_payld/gen_xpm_memory_fifo.inst_fifo/gen_mem_rep[0].inst_xpm_memory/xpm_memory_base_inst block.
INFO: [Memdata 28-167] Found XPM memory block mem_bd_i/axi_smc_full/inst/s00_nodes/s00_r_node/inst/inst_mi_handler/gen_normal_area.inst_fifo_node_payld/gen_xpm_memory_fifo.inst_fifo/gen_mem_rep[0].inst_xpm_memory/xpm_memory_base_inst with a P_MEMORY_PRIMITIVE property set to distributed. A value of block is required. You will not be able to use the updatemem program to update the bitstream with new data for the mem_bd_i/axi_smc_full/inst/s00_nodes/s00_r_node/inst/inst_mi_handler/gen_normal_area.inst_fifo_node_payld/gen_xpm_memory_fifo.inst_fifo/gen_mem_rep[0].inst_xpm_memory/xpm_memory_base_inst block.
INFO: [Memdata 28-167] Found XPM memory block mem_bd_i/axi_smc_full/inst/s00_nodes/s00_b_node/inst/inst_mi_handler/gen_normal_area.inst_fifo_node_payld/gen_xpm_memory_fifo.inst_fifo/gen_mem_rep[0].inst_xpm_memory/xpm_memory_base_inst with a P_MEMORY_PRIMITIVE property set to distributed. A value of block is required. You will not be able to use the updatemem program to update the bitstream with new data for the mem_bd_i/axi_smc_full/inst/s00_nodes/s00_b_node/inst/inst_mi_handler/gen_normal_area.inst_fifo_node_payld/gen_xpm_memory_fifo.inst_fifo/gen_mem_rep[0].inst_xpm_memory/xpm_memory_base_inst block.
INFO: [Memdata 28-167] Found XPM memory block mem_bd_i/axi_smc_full/inst/s00_nodes/s00_aw_node/inst/inst_mi_handler/gen_normal_area.inst_fifo_node_payld/gen_xpm_memory_fifo.inst_fifo/gen_mem_rep[0].inst_xpm_memory/xpm_memory_base_inst with a P_MEMORY_PRIMITIVE property set to distributed. A value of block is required. You will not be able to use the updatemem program to update the bitstream with new data for the mem_bd_i/axi_smc_full/inst/s00_nodes/s00_aw_node/inst/inst_mi_handler/gen_normal_area.inst_fifo_node_payld/gen_xpm_memory_fifo.inst_fifo/gen_mem_rep[0].inst_xpm_memory/xpm_memory_base_inst block.
INFO: [Memdata 28-167] Found XPM memory block mem_bd_i/axi_smc_full/inst/s00_nodes/s00_ar_node/inst/inst_mi_handler/gen_normal_area.inst_fifo_node_payld/gen_xpm_memory_fifo.inst_fifo/gen_mem_rep[0].inst_xpm_memory/xpm_memory_base_inst with a P_MEMORY_PRIMITIVE property set to distributed. A value of block is required. You will not be able to use the updatemem program to update the bitstream with new data for the mem_bd_i/axi_smc_full/inst/s00_nodes/s00_ar_node/inst/inst_mi_handler/gen_normal_area.inst_fifo_node_payld/gen_xpm_memory_fifo.inst_fifo/gen_mem_rep[0].inst_xpm_memory/xpm_memory_base_inst block.
INFO: [Memdata 28-167] Found XPM memory block mem_bd_i/axi_smc/inst/s01_nodes/s01_w_node/inst/inst_mi_handler/gen_normal_area.inst_fifo_node_payld/gen_xpm_memory_fifo.inst_fifo/gen_mem_rep[1].inst_xpm_memory/xpm_memory_base_inst with a P_MEMORY_PRIMITIVE property set to distributed. A value of block is required. You will not be able to use the updatemem program to update the bitstream with new data for the mem_bd_i/axi_smc/inst/s01_nodes/s01_w_node/inst/inst_mi_handler/gen_normal_area.inst_fifo_node_payld/gen_xpm_memory_fifo.inst_fifo/gen_mem_rep[1].inst_xpm_memory/xpm_memory_base_inst block.
INFO: [Memdata 28-167] Found XPM memory block mem_bd_i/axi_smc/inst/s01_nodes/s01_w_node/inst/inst_mi_handler/gen_normal_area.inst_fifo_node_payld/gen_xpm_memory_fifo.inst_fifo/gen_mem_rep[0].inst_xpm_memory/xpm_memory_base_inst with a P_MEMORY_PRIMITIVE property set to distributed. A value of block is required. You will not be able to use the updatemem program to update the bitstream with new data for the mem_bd_i/axi_smc/inst/s01_nodes/s01_w_node/inst/inst_mi_handler/gen_normal_area.inst_fifo_node_payld/gen_xpm_memory_fifo.inst_fifo/gen_mem_rep[0].inst_xpm_memory/xpm_memory_base_inst block.
INFO: [Memdata 28-167] Found XPM memory block mem_bd_i/axi_smc/inst/s01_nodes/s01_w_node/inst/inst_mi_handler/gen_normal_area.gen_fifo_req.inst_fifo_req/gen_xpm_memory_fifo.inst_fifo/gen_mem_rep[0].inst_xpm_memory/xpm_memory_base_inst with a P_MEMORY_PRIMITIVE property set to distributed. A value of block is required. You will not be able to use the updatemem program to update the bitstream with new data for the mem_bd_i/axi_smc/inst/s01_nodes/s01_w_node/inst/inst_mi_handler/gen_normal_area.gen_fifo_req.inst_fifo_req/gen_xpm_memory_fifo.inst_fifo/gen_mem_rep[0].inst_xpm_memory/xpm_memory_base_inst block.
INFO: [Memdata 28-167] Found XPM memory block mem_bd_i/axi_smc/inst/s01_nodes/s01_b_node/inst/inst_mi_handler/gen_normal_area.inst_fifo_node_payld/gen_xpm_memory_fifo.inst_fifo/gen_mem_rep[0].inst_xpm_memory/xpm_memory_base_inst with a P_MEMORY_PRIMITIVE property set to distributed. A value of block is required. You will not be able to use the updatemem program to update the bitstream with new data for the mem_bd_i/axi_smc/inst/s01_nodes/s01_b_node/inst/inst_mi_handler/gen_normal_area.inst_fifo_node_payld/gen_xpm_memory_fifo.inst_fifo/gen_mem_rep[0].inst_xpm_memory/xpm_memory_base_inst block.
INFO: [Memdata 28-167] Found XPM memory block mem_bd_i/axi_smc/inst/s01_nodes/s01_aw_node/inst/inst_mi_handler/gen_normal_area.inst_fifo_node_payld/gen_xpm_memory_fifo.inst_fifo/gen_mem_rep[0].inst_xpm_memory/xpm_memory_base_inst with a P_MEMORY_PRIMITIVE property set to distributed. A value of block is required. You will not be able to use the updatemem program to update the bitstream with new data for the mem_bd_i/axi_smc/inst/s01_nodes/s01_aw_node/inst/inst_mi_handler/gen_normal_area.inst_fifo_node_payld/gen_xpm_memory_fifo.inst_fifo/gen_mem_rep[0].inst_xpm_memory/xpm_memory_base_inst block.
INFO: [Memdata 28-167] Found XPM memory block mem_bd_i/axi_smc/inst/s00_nodes/s00_r_node/inst/inst_mi_handler/gen_normal_area.inst_fifo_node_payld/gen_xpm_memory_fifo.inst_fifo/gen_mem_rep[1].inst_xpm_memory/xpm_memory_base_inst with a P_MEMORY_PRIMITIVE property set to distributed. A value of block is required. You will not be able to use the updatemem program to update the bitstream with new data for the mem_bd_i/axi_smc/inst/s00_nodes/s00_r_node/inst/inst_mi_handler/gen_normal_area.inst_fifo_node_payld/gen_xpm_memory_fifo.inst_fifo/gen_mem_rep[1].inst_xpm_memory/xpm_memory_base_inst block.
INFO: [Memdata 28-167] Found XPM memory block mem_bd_i/axi_smc/inst/s00_nodes/s00_r_node/inst/inst_mi_handler/gen_normal_area.inst_fifo_node_payld/gen_xpm_memory_fifo.inst_fifo/gen_mem_rep[0].inst_xpm_memory/xpm_memory_base_inst with a P_MEMORY_PRIMITIVE property set to distributed. A value of block is required. You will not be able to use the updatemem program to update the bitstream with new data for the mem_bd_i/axi_smc/inst/s00_nodes/s00_r_node/inst/inst_mi_handler/gen_normal_area.inst_fifo_node_payld/gen_xpm_memory_fifo.inst_fifo/gen_mem_rep[0].inst_xpm_memory/xpm_memory_base_inst block.
INFO: [Memdata 28-167] Found XPM memory block mem_bd_i/axi_smc/inst/s00_nodes/s00_ar_node/inst/inst_mi_handler/gen_normal_area.inst_fifo_node_payld/gen_xpm_memory_fifo.inst_fifo/gen_mem_rep[0].inst_xpm_memory/xpm_memory_base_inst with a P_MEMORY_PRIMITIVE property set to distributed. A value of block is required. You will not be able to use the updatemem program to update the bitstream with new data for the mem_bd_i/axi_smc/inst/s00_nodes/s00_ar_node/inst/inst_mi_handler/gen_normal_area.inst_fifo_node_payld/gen_xpm_memory_fifo.inst_fifo/gen_mem_rep[0].inst_xpm_memory/xpm_memory_base_inst block.
INFO: [Memdata 28-167] Found XPM memory block mem_bd_i/axi_smc/inst/m00_nodes/m00_w_node/inst/inst_si_handler/gen_si_handler.gen_request_fifos.gen_req_fifo[1].inst_req_fifo/gen_xpm_memory_fifo.inst_fifo/gen_mem_rep[0].inst_xpm_memory/xpm_memory_base_inst with a P_MEMORY_PRIMITIVE property set to distributed. A value of block is required. You will not be able to use the updatemem program to update the bitstream with new data for the mem_bd_i/axi_smc/inst/m00_nodes/m00_w_node/inst/inst_si_handler/gen_si_handler.gen_request_fifos.gen_req_fifo[1].inst_req_fifo/gen_xpm_memory_fifo.inst_fifo/gen_mem_rep[0].inst_xpm_memory/xpm_memory_base_inst block.
INFO: [Memdata 28-167] Found XPM memory block mem_bd_i/axi_smc/inst/m00_nodes/m00_w_node/inst/inst_mi_handler/gen_normal_area.inst_fifo_node_payld/gen_xpm_memory_fifo.inst_fifo/gen_mem_rep[1].inst_xpm_memory/xpm_memory_base_inst with a P_MEMORY_PRIMITIVE property set to distributed. A value of block is required. You will not be able to use the updatemem program to update the bitstream with new data for the mem_bd_i/axi_smc/inst/m00_nodes/m00_w_node/inst/inst_mi_handler/gen_normal_area.inst_fifo_node_payld/gen_xpm_memory_fifo.inst_fifo/gen_mem_rep[1].inst_xpm_memory/xpm_memory_base_inst block.
INFO: [Memdata 28-167] Found XPM memory block mem_bd_i/axi_smc/inst/m00_nodes/m00_w_node/inst/inst_mi_handler/gen_normal_area.inst_fifo_node_payld/gen_xpm_memory_fifo.inst_fifo/gen_mem_rep[0].inst_xpm_memory/xpm_memory_base_inst with a P_MEMORY_PRIMITIVE property set to distributed. A value of block is required. You will not be able to use the updatemem program to update the bitstream with new data for the mem_bd_i/axi_smc/inst/m00_nodes/m00_w_node/inst/inst_mi_handler/gen_normal_area.inst_fifo_node_payld/gen_xpm_memory_fifo.inst_fifo/gen_mem_rep[0].inst_xpm_memory/xpm_memory_base_inst block.
INFO: [Memdata 28-167] Found XPM memory block mem_bd_i/axi_smc/inst/m00_nodes/m00_r_node/inst/inst_mi_handler/gen_normal_area.inst_fifo_node_payld/gen_xpm_memory_fifo.inst_fifo/gen_mem_rep[1].inst_xpm_memory/xpm_memory_base_inst with a P_MEMORY_PRIMITIVE property set to distributed. A value of block is required. You will not be able to use the updatemem program to update the bitstream with new data for the mem_bd_i/axi_smc/inst/m00_nodes/m00_r_node/inst/inst_mi_handler/gen_normal_area.inst_fifo_node_payld/gen_xpm_memory_fifo.inst_fifo/gen_mem_rep[1].inst_xpm_memory/xpm_memory_base_inst block.
INFO: [Memdata 28-167] Found XPM memory block mem_bd_i/axi_smc/inst/m00_nodes/m00_r_node/inst/inst_mi_handler/gen_normal_area.inst_fifo_node_payld/gen_xpm_memory_fifo.inst_fifo/gen_mem_rep[0].inst_xpm_memory/xpm_memory_base_inst with a P_MEMORY_PRIMITIVE property set to distributed. A value of block is required. You will not be able to use the updatemem program to update the bitstream with new data for the mem_bd_i/axi_smc/inst/m00_nodes/m00_r_node/inst/inst_mi_handler/gen_normal_area.inst_fifo_node_payld/gen_xpm_memory_fifo.inst_fifo/gen_mem_rep[0].inst_xpm_memory/xpm_memory_base_inst block.
INFO: [Memdata 28-167] Found XPM memory block mem_bd_i/axi_smc/inst/m00_nodes/m00_r_node/inst/inst_mi_handler/gen_normal_area.gen_fifo_req.inst_fifo_req/gen_xpm_memory_fifo.inst_fifo/gen_mem_rep[0].inst_xpm_memory/xpm_memory_base_inst with a P_MEMORY_PRIMITIVE property set to distributed. A value of block is required. You will not be able to use the updatemem program to update the bitstream with new data for the mem_bd_i/axi_smc/inst/m00_nodes/m00_r_node/inst/inst_mi_handler/gen_normal_area.gen_fifo_req.inst_fifo_req/gen_xpm_memory_fifo.inst_fifo/gen_mem_rep[0].inst_xpm_memory/xpm_memory_base_inst block.
INFO: [Memdata 28-167] Found XPM memory block mem_bd_i/axi_smc/inst/m00_nodes/m00_b_node/inst/inst_mi_handler/gen_normal_area.inst_fifo_node_payld/gen_xpm_memory_fifo.inst_fifo/gen_mem_rep[0].inst_xpm_memory/xpm_memory_base_inst with a P_MEMORY_PRIMITIVE property set to distributed. A value of block is required. You will not be able to use the updatemem program to update the bitstream with new data for the mem_bd_i/axi_smc/inst/m00_nodes/m00_b_node/inst/inst_mi_handler/gen_normal_area.inst_fifo_node_payld/gen_xpm_memory_fifo.inst_fifo/gen_mem_rep[0].inst_xpm_memory/xpm_memory_base_inst block.
INFO: [Memdata 28-167] Found XPM memory block mem_bd_i/axi_smc/inst/m00_nodes/m00_b_node/inst/inst_mi_handler/gen_normal_area.gen_fifo_req.inst_fifo_req/gen_xpm_memory_fifo.inst_fifo/gen_mem_rep[0].inst_xpm_memory/xpm_memory_base_inst with a P_MEMORY_PRIMITIVE property set to distributed. A value of block is required. You will not be able to use the updatemem program to update the bitstream with new data for the mem_bd_i/axi_smc/inst/m00_nodes/m00_b_node/inst/inst_mi_handler/gen_normal_area.gen_fifo_req.inst_fifo_req/gen_xpm_memory_fifo.inst_fifo/gen_mem_rep[0].inst_xpm_memory/xpm_memory_base_inst block.
INFO: [Memdata 28-167] Found XPM memory block mem_bd_i/axi_smc/inst/m00_nodes/m00_aw_node/inst/inst_mi_handler/gen_normal_area.inst_fifo_node_payld/gen_xpm_memory_fifo.inst_fifo/gen_mem_rep[0].inst_xpm_memory/xpm_memory_base_inst with a P_MEMORY_PRIMITIVE property set to distributed. A value of block is required. You will not be able to use the updatemem program to update the bitstream with new data for the mem_bd_i/axi_smc/inst/m00_nodes/m00_aw_node/inst/inst_mi_handler/gen_normal_area.inst_fifo_node_payld/gen_xpm_memory_fifo.inst_fifo/gen_mem_rep[0].inst_xpm_memory/xpm_memory_base_inst block.
INFO: [Memdata 28-167] Found XPM memory block mem_bd_i/axi_smc/inst/m00_nodes/m00_ar_node/inst/inst_mi_handler/gen_normal_area.inst_fifo_node_payld/gen_xpm_memory_fifo.inst_fifo/gen_mem_rep[0].inst_xpm_memory/xpm_memory_base_inst with a P_MEMORY_PRIMITIVE property set to distributed. A value of block is required. You will not be able to use the updatemem program to update the bitstream with new data for the mem_bd_i/axi_smc/inst/m00_nodes/m00_ar_node/inst/inst_mi_handler/gen_normal_area.inst_fifo_node_payld/gen_xpm_memory_fifo.inst_fifo/gen_mem_rep[0].inst_xpm_memory/xpm_memory_base_inst block.
INFO: [Memdata 28-167] Found XPM memory block mem_bd_i/axi_dma_0/U0/I_PRMRY_DATAMOVER/GEN_S2MM_FULL.I_S2MM_FULL_WRAPPER/GEN_INCLUDE_REALIGNER.I_S2MM_REALIGNER/GEN_INCLUDE_SCATTER.I_S2MM_SCATTER/I_TSTRB_FIFO/USE_SYNC_FIFO.I_SYNC_FIFO/NON_BLK_MEM.I_SYNC_FIFOGEN_FIFO/xpm_fifo_instance.xpm_fifo_sync_inst/xpm_fifo_base_inst/gen_sdpram.xpm_memory_base_inst with a P_MEMORY_PRIMITIVE property set to auto. A value of block is required. You will not be able to use the updatemem program to update the bitstream with new data for the mem_bd_i/axi_dma_0/U0/I_PRMRY_DATAMOVER/GEN_S2MM_FULL.I_S2MM_FULL_WRAPPER/GEN_INCLUDE_REALIGNER.I_S2MM_REALIGNER/GEN_INCLUDE_SCATTER.I_S2MM_SCATTER/I_TSTRB_FIFO/USE_SYNC_FIFO.I_SYNC_FIFO/NON_BLK_MEM.I_SYNC_FIFOGEN_FIFO/xpm_fifo_instance.xpm_fifo_sync_inst/xpm_fifo_base_inst/gen_sdpram.xpm_memory_base_inst block.
INFO: [Memdata 28-167] Found XPM memory block mem_bd_i/axi_dma_0/U0/I_PRMRY_DATAMOVER/GEN_S2MM_FULL.I_S2MM_FULL_WRAPPER/GEN_ENABLE_INDET_BTT_SF.I_INDET_BTT/I_XD_FIFO/NON_BLK_MEM.I_SYNC_FIFOGEN_FIFO/xpm_fifo_instance.xpm_fifo_sync_inst/xpm_fifo_base_inst/gen_sdpram.xpm_memory_base_inst with a P_MEMORY_PRIMITIVE property set to auto. A value of block is required. You will not be able to use the updatemem program to update the bitstream with new data for the mem_bd_i/axi_dma_0/U0/I_PRMRY_DATAMOVER/GEN_S2MM_FULL.I_S2MM_FULL_WRAPPER/GEN_ENABLE_INDET_BTT_SF.I_INDET_BTT/I_XD_FIFO/NON_BLK_MEM.I_SYNC_FIFOGEN_FIFO/xpm_fifo_instance.xpm_fifo_sync_inst/xpm_fifo_base_inst/gen_sdpram.xpm_memory_base_inst block.
INFO: [Memdata 28-208] The XPM instance: <mem_bd_i/axi_dma_0/U0/I_PRMRY_DATAMOVER/GEN_S2MM_FULL.I_S2MM_FULL_WRAPPER/GEN_ENABLE_INDET_BTT_SF.I_INDET_BTT/I_DATA_FIFO/BLK_MEM.I_SYNC_FIFOGEN_FIFO/xpm_fifo_instance.xpm_fifo_sync_inst/xpm_fifo_base_inst/gen_sdpram.xpm_memory_base_inst> is part of IP: <mem_bd_i/axi_dma_0>. This XPM instance will be excluded from the .mmi because updatemem is prohibited from making changes to an XPM that is part of an IP.
INFO: [Memdata 28-208] The XPM instance: <mem_bd_i/axi_dma_0/U0/I_PRMRY_DATAMOVER/GEN_MM2S_FULL.I_MM2S_FULL_WRAPPER/GEN_INCLUDE_MM2S_SF.I_RD_SF/I_DATA_FIFO/BLK_MEM.I_SYNC_FIFOGEN_FIFO/xpm_fifo_instance.xpm_fifo_sync_inst/xpm_fifo_base_inst/gen_sdpram.xpm_memory_base_inst> is part of IP: <mem_bd_i/axi_dma_0>. This XPM instance will be excluded from the .mmi because updatemem is prohibited from making changes to an XPM that is part of an IP.
Command: write_bitstream -force mem_bd_wrapper.bit
Attempting to get a license for feature 'Implementation' and/or device 'xczu3eg'
INFO: [Common 17-349] Got license for feature 'Implementation' and/or device 'xczu3eg'
Running DRC as a precondition to command write_bitstream
INFO: [IP_Flow 19-234] Refreshing IP repositories
INFO: [IP_Flow 19-1704] No user IP repositories specified
INFO: [IP_Flow 19-2313] Loaded Vivado IP repository '/opt/xilinx/Vivado/2023.2/data/ip'.
INFO: [DRC 23-27] Running DRC with 8 threads
WARNING: [DRC REQP-1934] RAMB18E2_nochange_collision_advisory: Synchronous clocking is detected for BRAM (mem_bd_i/axi_dma_0/U0/I_PRMRY_DATAMOVER/GEN_MM2S_FULL.I_MM2S_FULL_WRAPPER/GEN_INCLUDE_MM2S_SF.I_RD_SF/I_DATA_FIFO/BLK_MEM.I_SYNC_FIFOGEN_FIFO/xpm_fifo_instance.xpm_fifo_sync_inst/xpm_fifo_base_inst/gen_sdpram.xpm_memory_base_inst/gen_wr_a.gen_word_narrow.mem_reg_4) in SDP mode with NO_CHANGE write-mode. This is the preferred mode for best power characteristics. However, NO_CHANGE may exhibit address collisions if the same address appears on both read and write ports resulting in unknown or corrupted read data. It is suggested to confirm via simulation that an address collision never occurs and if so it is suggested to try and avoid this situation. If address collisions cannot be avoided, the write-mode may be set to READ_FIRST which guarantees that the read data is the prior contents of the memory at the cost of additional power in the design. See the FPGA Memory Resources User Guide for additional information.
WARNING: [DRC REQP-1934] RAMB18E2_nochange_collision_advisory: Synchronous clocking is detected for BRAM (mem_bd_i/axi_dma_0/U0/I_PRMRY_DATAMOVER/GEN_S2MM_FULL.I_S2MM_FULL_WRAPPER/GEN_ENABLE_INDET_BTT_SF.I_INDET_BTT/I_DATA_FIFO/BLK_MEM.I_SYNC_FIFOGEN_FIFO/xpm_fifo_instance.xpm_fifo_sync_inst/xpm_fifo_base_inst/gen_sdpram.xpm_memory_base_inst/gen_wr_a.gen_word_narrow.mem_reg_4) in SDP mode with NO_CHANGE write-mode. This is the preferred mode for best power characteristics. However, NO_CHANGE may exhibit address collisions if the same address appears on both read and write ports resulting in unknown or corrupted read data. It is suggested to confirm via simulation that an address collision never occurs and if so it is suggested to try and avoid this situation. If address collisions cannot be avoided, the write-mode may be set to READ_FIRST which guarantees that the read data is the prior contents of the memory at the cost of additional power in the design. See the FPGA Memory Resources User Guide for additional information.
WARNING: [DRC REQP-1935] RAMB36E2_nochange_collision_advisory: Synchronous clocking is detected for BRAM (mem_bd_i/axi_dma_0/U0/I_PRMRY_DATAMOVER/GEN_MM2S_FULL.I_MM2S_FULL_WRAPPER/GEN_INCLUDE_MM2S_SF.I_RD_SF/I_DATA_FIFO/BLK_MEM.I_SYNC_FIFOGEN_FIFO/xpm_fifo_instance.xpm_fifo_sync_inst/xpm_fifo_base_inst/gen_sdpram.xpm_memory_base_inst/gen_wr_a.gen_word_narrow.mem_reg_0) in SDP mode with NO_CHANGE write-mode. This is the preferred mode for best power characteristics. However, NO_CHANGE may exhibit address collisions if the same address appears on both read and write ports resulting in unknown or corrupted read data. It is suggested to confirm via simulation that an address collision never occurs and if so it is suggested to try and avoid this situation. If address collisions cannot be avoided, the write-mode may be set to READ_FIRST which guarantees that the read data is the prior contents of the memory at the cost of additional power in the design. See the FPGA Memory Resources User Guide for additional information.
WARNING: [DRC REQP-1935] RAMB36E2_nochange_collision_advisory: Synchronous clocking is detected for BRAM (mem_bd_i/axi_dma_0/U0/I_PRMRY_DATAMOVER/GEN_MM2S_FULL.I_MM2S_FULL_WRAPPER/GEN_INCLUDE_MM2S_SF.I_RD_SF/I_DATA_FIFO/BLK_MEM.I_SYNC_FIFOGEN_FIFO/xpm_fifo_instance.xpm_fifo_sync_inst/xpm_fifo_base_inst/gen_sdpram.xpm_memory_base_inst/gen_wr_a.gen_word_narrow.mem_reg_1) in SDP mode with NO_CHANGE write-mode. This is the preferred mode for best power characteristics. However, NO_CHANGE may exhibit address collisions if the same address appears on both read and write ports resulting in unknown or corrupted read data. It is suggested to confirm via simulation that an address collision never occurs and if so it is suggested to try and avoid this situation. If address collisions cannot be avoided, the write-mode may be set to READ_FIRST which guarantees that the read data is the prior contents of the memory at the cost of additional power in the design. See the FPGA Memory Resources User Guide for additional information.
WARNING: [DRC REQP-1935] RAMB36E2_nochange_collision_advisory: Synchronous clocking is detected for BRAM (mem_bd_i/axi_dma_0/U0/I_PRMRY_DATAMOVER/GEN_MM2S_FULL.I_MM2S_FULL_WRAPPER/GEN_INCLUDE_MM2S_SF.I_RD_SF/I_DATA_FIFO/BLK_MEM.I_SYNC_FIFOGEN_FIFO/xpm_fifo_instance.xpm_fifo_sync_inst/xpm_fifo_base_inst/gen_sdpram.xpm_memory_base_inst/gen_wr_a.gen_word_narrow.mem_reg_2) in SDP mode with NO_CHANGE write-mode. This is the preferred mode for best power characteristics. However, NO_CHANGE may exhibit address collisions if the same address appears on both read and write ports resulting in unknown or corrupted read data. It is suggested to confirm via simulation that an address collision never occurs and if so it is suggested to try and avoid this situation. If address collisions cannot be avoided, the write-mode may be set to READ_FIRST which guarantees that the read data is the prior contents of the memory at the cost of additional power in the design. See the FPGA Memory Resources User Guide for additional information.
WARNING: [DRC REQP-1935] RAMB36E2_nochange_collision_advisory: Synchronous clocking is detected for BRAM (mem_bd_i/axi_dma_0/U0/I_PRMRY_DATAMOVER/GEN_MM2S_FULL.I_MM2S_FULL_WRAPPER/GEN_INCLUDE_MM2S_SF.I_RD_SF/I_DATA_FIFO/BLK_MEM.I_SYNC_FIFOGEN_FIFO/xpm_fifo_instance.xpm_fifo_sync_inst/xpm_fifo_base_inst/gen_sdpram.xpm_memory_base_inst/gen_wr_a.gen_word_narrow.mem_reg_3) in SDP mode with NO_CHANGE write-mode. This is the preferred mode for best power characteristics. However, NO_CHANGE may exhibit address collisions if the same address appears on both read and write ports resulting in unknown or corrupted read data. It is suggested to confirm via simulation that an address collision never occurs and if so it is suggested to try and avoid this situation. If address collisions cannot be avoided, the write-mode may be set to READ_FIRST which guarantees that the read data is the prior contents of the memory at the cost of additional power in the design. See the FPGA Memory Resources User Guide for additional information.
WARNING: [DRC REQP-1935] RAMB36E2_nochange_collision_advisory: Synchronous clocking is detected for BRAM (mem_bd_i/axi_dma_0/U0/I_PRMRY_DATAMOVER/GEN_S2MM_FULL.I_S2MM_FULL_WRAPPER/GEN_ENABLE_INDET_BTT_SF.I_INDET_BTT/I_DATA_FIFO/BLK_MEM.I_SYNC_FIFOGEN_FIFO/xpm_fifo_instance.xpm_fifo_sync_inst/xpm_fifo_base_inst/gen_sdpram.xpm_memory_base_inst/gen_wr_a.gen_word_narrow.mem_reg_0) in SDP mode with NO_CHANGE write-mode. This is the preferred mode for best power characteristics. However, NO_CHANGE may exhibit address collisions if the same address appears on both read and write ports resulting in unknown or corrupted read data. It is suggested to confirm via simulation that an address collision never occurs and if so it is suggested to try and avoid this situation. If address collisions cannot be avoided, the write-mode may be set to READ_FIRST which guarantees that the read data is the prior contents of the memory at the cost of additional power in the design. See the FPGA Memory Resources User Guide for additional information.
WARNING: [DRC REQP-1935] RAMB36E2_nochange_collision_advisory: Synchronous clocking is detected for BRAM (mem_bd_i/axi_dma_0/U0/I_PRMRY_DATAMOVER/GEN_S2MM_FULL.I_S2MM_FULL_WRAPPER/GEN_ENABLE_INDET_BTT_SF.I_INDET_BTT/I_DATA_FIFO/BLK_MEM.I_SYNC_FIFOGEN_FIFO/xpm_fifo_instance.xpm_fifo_sync_inst/xpm_fifo_base_inst/gen_sdpram.xpm_memory_base_inst/gen_wr_a.gen_word_narrow.mem_reg_1) in SDP mode with NO_CHANGE write-mode. This is the preferred mode for best power characteristics. However, NO_CHANGE may exhibit address collisions if the same address appears on both read and write ports resulting in unknown or corrupted read data. It is suggested to confirm via simulation that an address collision never occurs and if so it is suggested to try and avoid this situation. If address collisions cannot be avoided, the write-mode may be set to READ_FIRST which guarantees that the read data is the prior contents of the memory at the cost of additional power in the design. See the FPGA Memory Resources User Guide for additional information.
WARNING: [DRC REQP-1935] RAMB36E2_nochange_collision_advisory: Synchronous clocking is detected for BRAM (mem_bd_i/axi_dma_0/U0/I_PRMRY_DATAMOVER/GEN_S2MM_FULL.I_S2MM_FULL_WRAPPER/GEN_ENABLE_INDET_BTT_SF.I_INDET_BTT/I_DATA_FIFO/BLK_MEM.I_SYNC_FIFOGEN_FIFO/xpm_fifo_instance.xpm_fifo_sync_inst/xpm_fifo_base_inst/gen_sdpram.xpm_memory_base_inst/gen_wr_a.gen_word_narrow.mem_reg_2) in SDP mode with NO_CHANGE write-mode. This is the preferred mode for best power characteristics. However, NO_CHANGE may exhibit address collisions if the same address appears on both read and write ports resulting in unknown or corrupted read data. It is suggested to confirm via simulation that an address collision never occurs and if so it is suggested to try and avoid this situation. If address collisions cannot be avoided, the write-mode may be set to READ_FIRST which guarantees that the read data is the prior contents of the memory at the cost of additional power in the design. See the FPGA Memory Resources User Guide for additional information.
WARNING: [DRC REQP-1935] RAMB36E2_nochange_collision_advisory: Synchronous clocking is detected for BRAM (mem_bd_i/axi_dma_0/U0/I_PRMRY_DATAMOVER/GEN_S2MM_FULL.I_S2MM_FULL_WRAPPER/GEN_ENABLE_INDET_BTT_SF.I_INDET_BTT/I_DATA_FIFO/BLK_MEM.I_SYNC_FIFOGEN_FIFO/xpm_fifo_instance.xpm_fifo_sync_inst/xpm_fifo_base_inst/gen_sdpram.xpm_memory_base_inst/gen_wr_a.gen_word_narrow.mem_reg_3) in SDP mode with NO_CHANGE write-mode. This is the preferred mode for best power characteristics. However, NO_CHANGE may exhibit address collisions if the same address appears on both read and write ports resulting in unknown or corrupted read data. It is suggested to confirm via simulation that an address collision never occurs and if so it is suggested to try and avoid this situation. If address collisions cannot be avoided, the write-mode may be set to READ_FIRST which guarantees that the read data is the prior contents of the memory at the cost of additional power in the design. See the FPGA Memory Resources User Guide for additional information.
INFO: [Vivado 12-3199] DRC finished with 0 Errors, 10 Warnings
INFO: [Vivado 12-3200] Please refer to the DRC report (report_drc) for more information.
INFO: [Designutils 20-2272] Running write_bitstream with 8 threads.
Loading data files...
Loading site data...
Loading route data...
Processing options...
Creating bitmap...
Creating bitstream...
Writing bitstream ./mem_bd_wrapper.bit...
INFO: [Vivado 12-1842] Bitgen Completed Successfully.
INFO: [Project 1-1876] WebTalk data collection is mandatory when using a ULT device. To see the specific WebTalk data collected for your design, open the usage_statistics_webtalk.html or usage_statistics_webtalk.xml file in the implementation directory.
INFO: [Common 17-83] Releasing license: Implementation
50 Infos, 10 Warnings, 0 Critical Warnings and 0 Errors encountered.
write_bitstream completed successfully
write_bitstream: Time (s): cpu = 00:00:27 ; elapsed = 00:00:22 . Memory (MB): peak = 3822.137 ; gain = 386.543 ; free physical = 11451 ; free virtual = 160301
INFO: [Common 17-206] Exiting Vivado at Mon Apr  6 12:42:51 2026...
[Mon Apr  6 12:42:52 2026] impl_1 finished
wait_on_runs: Time (s): cpu = 00:01:08 ; elapsed = 00:01:03 . Memory (MB): peak = 2366.543 ; gain = 0.000 ; free physical = 13937 ; free virtual = 162785
# puts "\n>>> Step 23: Exporting artifacts..."

>>> Step 23: Exporting artifacts...
# set bit_file [glob -nocomplain [file join $proj_dir $proj_name.runs impl_1 *.bit]]
# if {$bit_file ne ""} {
#     set dest_bit [file join $artifacts_dir "${bd_name}.bit"]
#     file copy -force $bit_file $dest_bit
#     puts "  Bitstream: $dest_bit"
# } else {
#     puts "WARNING: Bitstream not found"
# }
  Bitstream: /home/mss464/minitpu/tpu/build/artifacts/mem_bd.bit
# set hwh_file [glob -nocomplain [file join $proj_dir $proj_name.gen sources_1 bd $bd_name hw_handoff *.hwh]]
# if {$hwh_file ne ""} {
#     set dest_hwh [file join $artifacts_dir "${bd_name}.hwh"]
#     file copy -force $hwh_file $dest_hwh
#     puts "  Hardware handoff: $dest_hwh"
# }
  Hardware handoff: /home/mss464/minitpu/tpu/build/artifacts/mem_bd.hwh
# open_run impl_1
INFO: [Device 21-403] Loading part xczu3eg-sbva484-1-i
Netlist sorting complete. Time (s): cpu = 00:00:00.54 ; elapsed = 00:00:00.54 . Memory (MB): peak = 3006.395 ; gain = 0.000 ; free physical = 13172 ; free virtual = 162021
INFO: [Netlist 29-17] Analyzing 314 Unisim elements for replacement
INFO: [Netlist 29-28] Unisim Transformation completed in 0 CPU seconds
INFO: [Project 1-479] Netlist was created with Vivado 2023.2
INFO: [Project 1-570] Preparing netlist for logic optimization
Read ShapeDB Complete: Time (s): cpu = 00:00:00.1 ; elapsed = 00:00:00.09 . Memory (MB): peak = 3006.395 ; gain = 0.000 ; free physical = 13160 ; free virtual = 162009
INFO: [Timing 38-478] Restoring timing data from binary archive.
INFO: [Timing 38-479] Binary timing data restore complete.
INFO: [Project 1-856] Restoring constraints from binary archive.
INFO: [Project 1-853] Binary constraint restore complete.
INFO: [Designutils 20-5722] Start Reading Physical Databases.
Reading placement.
Read Netlist Cache: Time (s): cpu = 00:00:00.02 ; elapsed = 00:00:00.03 . Memory (MB): peak = 3336.551 ; gain = 0.000 ; free physical = 12918 ; free virtual = 161767
Reading placer database...
Read Device Cache: Time (s): cpu = 00:00:00.04 ; elapsed = 00:00:00.04 . Memory (MB): peak = 3336.551 ; gain = 0.000 ; free physical = 12916 ; free virtual = 161765
Read PlaceDB: Time (s): cpu = 00:00:01 ; elapsed = 00:00:01 . Memory (MB): peak = 3351.512 ; gain = 14.961 ; free physical = 12897 ; free virtual = 161746
Read PulsedLatchDB: Time (s): cpu = 00:00:00 ; elapsed = 00:00:00 . Memory (MB): peak = 3351.512 ; gain = 0.000 ; free physical = 12897 ; free virtual = 161746
Reading routing.
Read RouteStorage: Time (s): cpu = 00:00:00.52 ; elapsed = 00:00:00.53 . Memory (MB): peak = 3383.324 ; gain = 31.812 ; free physical = 12876 ; free virtual = 161725
Read Physdb Files: Time (s): cpu = 00:00:02 ; elapsed = 00:00:02 . Memory (MB): peak = 3383.324 ; gain = 46.773 ; free physical = 12876 ; free virtual = 161725
Restored from archive | CPU: 2.110000 secs | Memory: 28.371574 MB |
Finished XDEF File Restore: Time (s): cpu = 00:00:02 ; elapsed = 00:00:02 . Memory (MB): peak = 3383.324 ; gain = 46.773 ; free physical = 12876 ; free virtual = 161725
Netlist sorting complete. Time (s): cpu = 00:00:00.01 ; elapsed = 00:00:00 . Memory (MB): peak = 3759.637 ; gain = 0.000 ; free physical = 12508 ; free virtual = 161358
INFO: [Project 1-111] Unisim Transformation Summary:
  A total of 186 instances were transformed.
  RAM16X1D => RAM32X1D (RAMD32(x2)): 1 instance 
  RAM32M16 => RAM32M16 (RAMD32(x14), RAMS32(x2)): 148 instances
  RAM64M8 => RAM64M8 (RAMD64E(x8)): 37 instances

open_run: Time (s): cpu = 00:00:23 ; elapsed = 00:00:24 . Memory (MB): peak = 3759.672 ; gain = 1393.129 ; free physical = 12507 ; free virtual = 161357
# report_utilization -file [file join $artifacts_dir "utilization_report.txt"]
# report_timing_summary -file [file join $artifacts_dir "timing_summary.txt"]
INFO: [Timing 38-91] UpdateTimingParams: Speed grade: -1, Temperature grade: I, Delay Type: min_max.
INFO: [Timing 38-191] Multithreading enabled for timing update using a maximum of 8 CPUs
# report_power -file [file join $artifacts_dir "power_report.txt"]
Command: report_power -file /home/mss464/minitpu/tpu/build/artifacts/power_report.txt
Running Vector-less Activity Propagation...

Finished Running Vector-less Activity Propagation
WARNING: [Power 33-332] Found switching activity that implies high-fanout reset nets being asserted for excessive periods of time which may result in inaccurate power analysis.
Resolution: To review and fix problems, please run Power Constraints Advisor in the GUI from Tools > Power Constraints Advisor or run report_power with the -advisory option to generate a text report.
0 Infos, 1 Warnings, 0 Critical Warnings and 0 Errors encountered.
report_power completed successfully
# close_project
# puts ""

# puts "============================================================"
============================================================
# puts "BUILD COMPLETE"
BUILD COMPLETE
# puts "============================================================"
============================================================
# puts "Artifacts directory: $artifacts_dir"
Artifacts directory: /home/mss464/minitpu/tpu/build/artifacts
# puts ""

# puts "Files:"
Files:
# foreach f [glob -nocomplain [file join $artifacts_dir *]] {
#     puts "  [file tail $f]"
# }
  mem_bd.bit
  mem_bd.hwh
  utilization_report.txt
  timing_summary.txt
  power_report.txt
# puts "============================================================"
============================================================
# exit 0
INFO: [Common 17-206] Exiting Vivado at Mon Apr  6 12:43:24 2026...
